Date,Adj Close,Close,High,Low,Open,Volume,Daily_Return,Log_Return,Cumulative_Return
2015-01-02,94.78443908691406,102.94000244140624,104.1999969482422,102.44000244140624,103.76000213623048,31314600,,,
2015-01-05,93.3940658569336,101.43000030517578,102.61000061035156,101.13999938964844,102.48999786376952,36521300,-0.01466879208627847,-0.014777442640920384,-0.01466879208627847
2015-01-06,92.14181518554688,100.06999969482422,101.75,99.62000274658205,101.58000183105467,66205500,-0.01340824665782292,-0.013498948881352443,-0.027880355961636294
2015-01-07,93.32962799072266,101.36000061035156,101.5999984741211,100.48999786376952,100.7300033569336,37577400,0.012891137457883506,0.012808754000979831,-0.015348628004828946
2015-01-08,95.11592864990234,103.3000030517578,103.5,102.11000061035156,102.22000122070312,40212600,0.019139695481881214,0.018958835601997525,0.0034972994109752076
2015-01-09,94.48978424072266,102.62000274658205,103.6500015258789,102.0199966430664,103.62000274658205,41410100,-0.006582960583651154,-0.0066047238323264515,-0.0031086837568475856
2015-01-12,93.50456237792967,101.5500030517578,102.93000030517578,101.29000091552734,102.81999969482422,34129800,-0.010426755344080663,-0.010481494793281839,-0.013503025615953512
2015-01-13,93.47691345214844,101.5199966430664,103.62000274658205,100.6999969482422,102.54000091552734,56162300,-0.0002956960075325421,-0.00029573973421706057,-0.013794728832721814
2015-01-14,92.96128845214844,100.95999908447266,101.4800033569336,100.06999969482422,100.5,51354200,-0.00551606788197978,-0.005531337562703935,-0.019234704054046814
2015-01-15,91.75509643554688,99.6500015258789,101.58999633789062,99.52999877929688,101.43000030517578,51005400,-0.01297520760184434,-0.013060120919697578,-0.03196033737762982
2015-01-16,92.83238220214844,100.81999969482422,100.9499969482422,99.36000061035156,99.5199966430664,35362200,0.011740882070330638,0.011672492695008968,-0.020594697859377953
2015-01-20,93.56902313232422,101.62000274658205,101.87999725341795,100.29000091552734,101.43000030517578,30964100,0.007935172110220101,0.007903854198264447,-0.01282294822122998
2015-01-21,94.0478057861328,102.13999938964844,102.62000274658205,100.95999908447266,101.31999969482422,40128800,0.005116892725613775,0.005103845917184369,-0.007771669146090288
2015-01-22,95.7880859375,104.02999877929688,104.13999938964844,101.63999938964844,102.54000091552734,40887200,0.018504207905973402,0.018335088149898714,0.010588730178227479
2015-01-23,95.99987030029295,104.26000213623048,104.58000183105467,103.72000122070312,104.0199966430664,34783000,0.0022109676868493633,0.00220852709451172,0.012823109205345684
2015-01-26,95.88936614990234,104.13999938964844,104.33000183105467,103.61000061035156,104.13999938964844,19960900,-0.001151086455064454,-0.0011517494639138091,0.011657262242963151
2015-01-27,93.40328216552734,101.44000244140624,102.55999755859376,101.0999984741211,102.5,45253200,-0.02592658690108085,-0.026268605388489977,-0.014571557680688518
2015-01-28,92.92443084716795,100.91999816894533,103.18000030517578,100.9000015258789,103.06999969482422,43591700,-0.005126707619447224,-0.0051398942736763115,-0.019623561184346938
2015-01-29,93.817626953125,101.88999938964844,102.08000183105467,99.95999908447266,100.83999633789062,46539700,0.009612069698076153,0.009566167664093083,-0.01020011452409919
2015-01-30,93.09016418457033,101.0999984741211,102.58000183105467,100.95999908447266,101.8000030517578,42927600,-0.007754009477538237,-0.007784228120815653,-0.01787503221694564
2015-02-02,93.90049743652344,101.9800033569336,102.06999969482422,99.75,101.33000183105467,43624700,0.008704821385280503,0.008667152868241147,-0.00932580979436981
2015-02-03,94.80284118652344,102.95999908447266,103.02999877929688,101.68000030517578,102.3499984741211,30750400,0.009609573693792006,0.009563695420105092,0.00019414684294893902
2015-02-04,94.7199478149414,102.87000274658205,103.5500030517578,102.30999755859376,102.54000091552734,34073200,-0.0008743764484752115,-0.0008747589385384911,-0.0006803993629532767
2015-02-05,95.53948211669922,103.76000213623048,103.83000183105467,102.87000274658205,103.12999725341795,23605500,0.008652182783704276,0.008614967160427018,0.007965896481096912
2015-02-06,94.95938110351562,103.12999725341795,104.16999816894533,102.76000213623048,103.91999816894533,34169300,-0.0060718459042410355,-0.006090354519589286,0.0018456828809334525
2015-02-09,94.65547943115234,102.8000030517578,103.29000091552734,102.5500030517578,102.7300033569336,22604700,-0.0032003333302267345,-0.003205465349311986,-0.0013605572497341623
2015-02-10,96.12877655029295,104.4000015258789,104.54000091552734,103.20999908447266,103.37000274658205,23686500,0.0155648371123851,0.01544494747663831,0.014183103010676712
2015-02-11,96.47863006591795,104.77999877929688,105.0199966430664,104.31999969482422,104.5199966430664,20303600,0.003639425447612643,0.0036328187636552665,0.01787414680431243
2015-02-12,97.60196685791016,106.0,106.04000091552734,105.3000030517578,105.45999908447266,22520300,0.01164337419825201,0.011576111721546292,0.02972563638228154
2015-02-13,98.43993377685548,106.91000366210938,106.93000030517578,106.0999984741211,106.3000030517578,29030200,0.00858555361046398,0.008548907347979105,0.038566401037510856
2015-02-17,98.531982421875,107.01000213623048,107.08000183105467,106.63999938964844,106.91000366210938,17675300,0.00093507422737793,0.0009346373178132799,0.03953753771254176
2015-02-18,98.67008972167967,107.16000366210938,107.22000122070312,106.73999786376952,106.87999725341795,15149600,0.0014016494584809802,0.0014006680648183127,0.04099460493934726
2015-02-19,99.15811920166016,107.69000244140624,107.76000213623048,107.05999755859376,107.08999633789062,19828100,0.004946073134797668,0.0049338814990257515,0.04614344038830698
2015-02-20,99.82107543945312,108.41000366210938,108.47000122070312,107.27999877929688,107.62000274658205,28336700,0.006685849259047583,0.006663598092459071,0.05313779773408456
2015-02-23,99.92235565185548,108.5199966430664,108.5500030517578,108.11000061035156,108.3499984741211,17868000,0.0010146175239695854,0.0010141031475104565,0.05420632979882023
2015-02-24,99.99600982666016,108.5999984741211,108.7300033569336,108.0500030517578,108.37999725341795,19745000,0.0007371140754657279,0.0007368425403123322,0.0549834001229601
2015-02-25,99.74739837646484,108.33000183105467,108.86000061035156,108.08999633789062,108.44000244140624,19472300,-0.0024862137061896217,-0.00248930946770035,0.05236048593377185
2015-02-26,100.25383758544922,108.87999725341795,108.94000244140624,108.13999938964844,108.44000244140624,22255500,0.00507721722297938,0.005064371617221803,0.05770354871773775
2015-02-27,99.81185913085938,108.4000015258789,108.91000366210938,108.2300033569336,108.83999633789062,27757600,-0.004408593877647138,-0.004418340383776365,0.05304056332849516
2015-03-02,100.71420288085938,109.37999725341795,109.41999816894533,108.58999633789062,108.61000061035156,22988600,0.009040446274194425,0.008999826072722084,0.06256051996581391
2015-03-03,100.24462127685548,108.87000274658205,109.16000366210938,108.18000030517578,109.0500030517578,20788900,-0.0046625162149115384,-0.004673419648463717,0.05760631431214858
2015-03-04,99.85789489746094,108.4499969482422,108.66999816894533,107.86000061035156,108.51000213623048,21007400,-0.003857826728942193,-0.0038652873364795758,0.05352625240409714
2015-03-05,100.0328369140625,108.63999938964844,108.97000122070312,108.19000244140624,108.7300033569336,15381000,0.0017519097191183164,0.001750376915247896,0.05537193528503015
2015-03-06,98.9002914428711,107.41000366210938,108.70999908447266,107.13999938964844,108.5,30990400,-0.011321737002864096,-0.011386315759050152,0.04342329179352933
2015-03-09,99.18572998046876,107.72000122070312,107.98999786376952,107.19000244140624,107.62999725341795,26237100,0.0028861243322275687,0.0028819674716207117,0.04643474114478763
2015-03-10,97.34416961669922,105.72000122070312,106.9800033569336,105.72000122070312,106.9499969482422,34234500,-0.018566787421256836,-0.018741313858262783,0.02700580975573441
2015-03-11,96.78252410888672,105.11000061035156,106.01000213623048,105.06999969482422,105.87999725341795,25459700,-0.005769688210645052,-0.005786397162962957,0.021080306442922803
2015-03-12,97.41780853271484,105.8000030517578,105.91999816894533,104.95999908447266,105.02999877929688,21473200,0.00656404066413252,0.006542591161651943,0.027782719095759134
2015-03-13,96.9942855834961,105.33999633789062,106.12000274658205,104.68000030517578,105.6999969482422,42021100,-0.004347490008220878,-0.004356967822684319,0.023314443993868172
2015-03-16,98.24652099609376,106.6999969482422,106.73999786376952,105.62000274658205,105.7300033569336,25674100,0.012910404000240794,0.012827775155780614,0.036525846885110846
2015-03-17,98.40308380126952,106.87000274658205,107.04000091552734,106.16000366210938,106.41000366210938,19603800,0.0015935709843810653,0.0015923025974708587,0.03817762439926797
2015-03-18,99.36986541748048,107.91999816894533,108.41000366210938,106.02999877929688,106.58000183105467,40622200,0.00982470852400752,0.009776759873772889,0.04837741695513742
2015-03-19,99.5171890258789,108.08000183105467,108.37999725341795,107.87000274658205,108.02999877929688,31314000,0.0014825783227085942,0.0014814803885154347,0.049931718587532314
2015-03-20,100.1613998413086,108.52999877929688,109.06999969482422,108.51000213623048,108.72000122070312,31761400,0.006473362257671589,0.00645250003230616,0.05672830694776909
2015-03-23,99.9675521850586,108.31999969482422,108.7699966430664,108.27999877929688,108.47000122070312,17268500,-0.0019353529059810137,-0.0019372281212758856,0.05468316474808543
2015-03-24,99.60768127441406,107.93000030517578,108.80999755859376,107.91000366210938,108.30999755859376,22445300,-0.00359987718793342,-0.0036063723383318778,0.050886434882811304
2015-03-25,97.3281021118164,105.45999908447266,108.1999969482422,105.41999816894533,108.0999984741211,41581400,-0.02288557602618546,-0.023151516116629176,0.026836293482413787
2015-03-26,96.9958724975586,105.0999984741211,105.6999969482422,104.23999786376952,104.58999633789062,47846300,-0.0034135014147931297,-0.0034193407028129987,0.023331186341850607
2015-03-27,97.38350677490234,105.5199966430664,105.7699966430664,104.91999816894533,105.08000183105467,33878400,0.003996399716426069,0.003988435323293283,0.027420826804757104
2015-03-30,98.50017547607422,106.7300033569336,106.81999969482422,106.16000366210938,106.16000366210938,30570200,0.011466712774607757,0.011401468309671847,0.039201966324377224
2015-03-31,97.45732879638672,105.5999984741211,106.6500015258789,105.56999969482422,106.43000030517578,30488100,-0.010587257074895384,-0.010643700824222785,0.028199667954164287
2015-04-01,96.94973754882812,105.0500030517578,105.62000274658205,104.37000274658205,105.5999984741211,32970500,-0.005208343526622583,-0.0052219542278089835,0.02284445086949982
2015-04-02,97.01432037353516,105.12000274658205,105.45999908447266,104.77999877929688,105.1500015258789,19164200,0.0006661474939475553,0.0006659257161913745,0.023525816137144773
2015-04-06,97.80804443359376,105.9800033569336,106.2699966430664,104.33999633789062,104.5,24451100,0.008181514409445256,0.008148227256726981,0.03189980735031006
2015-04-07,97.64186096191406,105.8000030517578,106.6999969482422,105.8000030517578,105.91999816894533,19379400,-0.001699077746028621,-0.001700522815711278,0.030146529351509965
2015-04-08,98.4171142578125,106.63999938964844,106.79000091552734,105.83000183105467,105.83999633789062,25866900,0.007939763624546625,0.007908409554596468,0.03832564929320803
2015-04-09,99.03545379638672,107.30999755859376,107.3499984741211,106.2300033569336,106.58999633789062,23114700,0.0062828456537997734,0.006263190861436946,0.044849289086098754
2015-04-10,99.44157409667967,107.75,107.76000213623048,107.02999877929688,107.2699966430664,17164300,0.004100756695959884,0.004092371509144172,0.0491339618045874
2015-04-13,99.19232177734376,107.4800033569336,108.37999725341795,107.36000061035156,107.83000183105467,17783500,-0.002506520251716604,-0.002509666832681752,0.046504286282560425
2015-04-14,98.90624237060548,107.16999816894533,107.68000030517578,106.55999755859376,107.37000274658205,23755700,-0.002884088219856751,-0.0028882552162053376,0.0434860755984634
2015-04-15,99.52457427978516,107.83999633789062,108.06999969482422,107.31999969482422,107.4499969482422,21128600,0.006251697510282206,0.006232236715953228,0.05000963489929644
2015-04-16,99.38616943359376,107.69000244140624,107.87999725341795,107.4000015258789,107.5500030517578,16195300,-0.0013906600173170247,-0.001391627882377133,0.048549428482244306
2015-04-17,97.835693359375,106.01000213623048,106.9499969482422,105.5500030517578,106.66000366210938,46514000,-0.015600521511745513,-0.015723490241631676,0.032191510567078696
2015-04-20,99.30309295654295,107.5999984741211,107.79000091552734,106.5,106.54000091552734,28945900,0.014998611925586491,0.014887244931817012,0.047672950466959296
2015-04-21,99.72760772705078,108.05999755859376,108.41000366210938,107.93000030517578,108.22000122070312,22759800,0.004274940063484278,0.004265828465670951,0.052151689536339196
2015-04-22,100.27213287353516,108.6500015258789,108.83000183105467,107.63999938964844,108.33999633789062,21429200,0.005460124421862389,0.005445271982095662,0.05789656867188042
2015-04-23,100.65052032470705,109.05999755859376,109.5500030517578,108.26000213623048,108.27999877929688,29473200,0.003773605291204074,0.003766503104382974,0.06188865276096722
2015-04-24,102.01639556884766,110.54000091552734,110.69000244140624,110.02999877929688,110.20999908447266,32508100,0.013570473751493672,0.01347921952107711,0.07629898485026887
2015-04-27,101.75798797607422,110.26000213623048,111.16000366210938,110.0199966430664,110.9499969482422,31121300,-0.0025330006155632745,-0.0025362140892567168,0.0735727188591131
2015-04-28,101.55493927001952,110.04000091552734,110.5500030517578,109.11000061035156,110.33999633789062,36849200,-0.001995408027352541,-0.0019974015062609964,0.07143050323795497
2015-04-29,100.91815185546876,109.3499984741211,110.06999969482422,108.75,109.43000030517578,34043900,-0.006270373643350147,-0.006290115003231595,0.0647122336497703
2015-04-30,99.3307876586914,107.62999725341795,109.16999816894533,107.05999755859376,108.7300033569336,44080500,-0.015729223807533832,-0.015854240727311713,0.047965136636073824
2015-05-01,100.64129638671876,109.0500030517578,109.12000274658205,108.02999877929688,108.0500030517578,32874300,0.013193379000782324,0.013107104383390382,0.06179133786332014
2015-05-04,100.80742645263672,109.2300033569336,109.91000366210938,109.16999816894533,109.4000015258789,23507300,0.0016507146855460064,0.0016493537535272758,0.06354405241771666
2015-05-05,99.16465759277344,107.4499969482422,109.0,107.4000015258789,108.8000030517578,47843300,-0.016296109499780886,-0.016430351505078003,0.04621242208167686
2015-05-06,98.48172760009766,106.70999908447266,107.9499969482422,106.0,107.63999938964844,42687200,-0.006886828525948019,-0.006910652172103007,0.0390073365290835
2015-05-07,99.0723648071289,107.3499984741211,107.6500015258789,106.5999984741211,106.68000030517578,29335800,0.005997429385374176,0.005979516391354468,0.045238709660802456
2015-05-08,100.30905151367188,108.69000244140624,108.91999816894533,108.3000030517578,108.45999908447266,33023300,0.01248266061833192,0.012405394536689535,0.058286069738641366
2015-05-11,99.9214324951172,108.2699966430664,108.9800033569336,108.19000244140624,108.76000213623048,19679300,-0.0038642476696316708,-0.003871733164751815,0.05419659025985024
2015-05-12,99.46920776367188,107.77999877929688,108.33000183105467,106.8000030517578,107.62999725341795,33665000,-0.00452580312504447,-0.004536075577791348,0.049425504037240886
2015-05-13,99.67225646972656,108.0,108.80999755859376,107.83999633789062,108.25,20738400,0.0020413222405180065,0.0020392415733335055,0.051567719658399014
2015-05-14,101.1304168701172,109.58000183105467,109.66999816894533,108.4800033569336,108.87999725341795,23904200,0.014629551412167707,0.014523571896378382,0.0669516836765176
2015-05-15,101.1304168701172,109.58000183105467,110.01000213623048,109.30999755859376,109.86000061035156,23937400,0.0,0.0,0.0669516836765176
2015-05-18,101.57341003417967,110.05999755859376,110.27999877929688,109.31999969482422,109.4000015258789,17631100,0.004380414693943235,0.004370848602954418,0.07162537450942175
2015-05-19,101.4626922607422,109.94000244140624,110.3499984741211,109.76000213623048,110.18000030517578,14212900,-0.0010900271380099857,-0.0010906216496526003,0.07045727376942645
2015-05-20,101.52725982666016,110.01000213623048,110.66999816894533,109.43000030517578,110.0199966430664,21131900,0.0006363675601277485,0.0006361651641528936,0.07113847805295603
2015-05-21,102.0533218383789,110.58000183105467,110.7300033569336,109.66000366210938,109.81999969482422,16771800,0.005181485372666383,0.005168107668353805,0.0766885664090875
2015-05-22,101.9518051147461,110.47000122070312,110.87000274658205,110.37999725341795,110.4499969482422,13543800,-0.0009947419819766878,-0.000995237066129933,0.07561753909056601
2015-05-26,100.7797393798828,109.1999969482422,110.37999725341795,108.76000213623048,110.2300033569336,25488400,-0.01149627251370533,-0.011562865527492978,0.06325194674065981
2015-05-27,102.40399932861328,110.95999908447266,111.08000183105467,109.29000091552734,109.52999877929688,30572700,0.016116929441620576,0.015988430567261666,0.08038830334494484
2015-05-28,102.17327880859376,110.70999908447266,111.01000213623048,110.37000274658205,110.75,17302400,-0.002253042083631307,-0.002255584001696575,0.07795414303084569
2015-05-29,101.5641860961914,110.0500030517578,110.79000091552734,109.79000091552734,110.63999938964844,30383000,-0.005961369934534444,-0.005979209835784188,0.07152805961177466
2015-06-01,101.90563201904295,110.41999816894533,110.72000122070312,109.5199966430664,110.63999938964844,24570200,0.003361873274189131,0.00335623481189635,0.07513040115792724
2015-06-02,101.58263397216795,110.06999969482422,110.61000061035156,109.47000122070312,110.01000213623048,19449600,-0.0031695799385714762,-0.0031746136964779124,0.07172268940706883
2015-06-03,101.88717651367188,110.4000015258789,110.80999755859376,110.12999725341795,110.56999969482422,20507200,0.0029979783905520474,0.002993493415007556,0.07493569087057561
2015-06-04,101.1119384765625,109.55999755859376,110.4800033569336,109.20999908447266,109.77999877929688,31374600,-0.007608789090404855,-0.0076378836027467855,0.0667567319129927
2015-06-05,100.87199401855467,109.3000030517578,109.69000244140624,108.62999725341795,109.43000030517578,22641700,-0.0023730576391178815,-0.0023758778028880444,0.06422525670124624
2015-06-08,99.8476333618164,108.19000244140624,109.33000183105467,107.97000122070312,109.25,24549200,-0.010155055094378751,-0.010206969427352502,0.05341799058661567
2015-06-09,99.68148040771484,108.01000213623048,108.4000015258789,107.1999969482422,107.93000030517578,27554600,-0.0016640650209451824,-0.0016654511150560583,0.0516650345560461
2015-06-10,101.0473403930664,109.48999786376952,109.80999755859376,108.26000213623048,108.37999725341795,30297900,0.013702244185830326,0.013609217259769409,0.06607520566123282
2015-06-11,101.19503784179688,109.6500015258789,110.1500015258789,109.45999908447266,109.86000061035156,17593500,0.0014616658702339969,0.001460598676469792,0.06763345140445054
2015-06-12,100.36443328857422,108.75,109.3000030517578,108.5999984741211,109.06999969482422,27201800,-0.008207957336022531,-0.008241828084941887,0.05887036158481229
2015-06-15,99.86605834960938,108.20999908447266,108.37999725341795,107.30999755859376,107.94000244140624,31238800,-0.004965652897494954,-0.0049780227183253535,0.053612378905737224
2015-06-16,100.4105453491211,108.8000030517578,108.9800033569336,108.0500030517578,108.0999984741211,16456900,0.0054521727252474506,0.0054373634356849,0.05935685558099024
2015-06-17,100.68743896484376,109.0999984741211,109.4499969482422,108.43000030517578,108.9800033569336,23296700,0.0027576148975183568,0.002753819653170732,0.06227815382772861
2015-06-18,102.15483856201172,110.69000244140624,110.87999725341795,109.44000244140624,109.5,43032400,0.014573809923602354,0.014468632613661365,0.07775959372760921
2015-06-19,101.64977264404295,109.88999938964844,110.58000183105467,109.80999755859376,110.48999786376952,27877600,-0.0049441213463635725,-0.0049563839495363245,0.07243101951401232
2015-06-22,102.3990478515625,110.6999969482422,111.02999877929688,110.4499969482422,110.6999969482422,19120900,0.007371144942383223,0.007344110820505204,0.08033606399955784
2015-06-23,102.48226928710938,110.79000091552734,110.88999938964844,110.33000183105467,110.81999969482422,18127900,0.0008127168884177749,0.0008123868128739542,0.0812140713639371
2015-06-24,101.95502471923828,110.22000122070312,111.12999725341795,110.19000244140624,110.66000366210938,15815900,-0.005144739392860198,-0.005158019131347367,0.07565150673887633
2015-06-25,101.75154113769533,110.0,110.76000213623048,109.81999969482422,110.6500015258789,18326700,-0.001995817097816488,-0.0019978113947034686,0.07350470307043477
2015-06-26,101.07627868652344,109.2699966430664,110.2300033569336,108.86000061035156,109.9800033569336,32311700,-0.006636385489808827,-0.006658504209203954,0.06638051203573658
2015-06-29,98.68972778320312,106.69000244140624,108.66000366210938,106.63999938964844,108.05999755859376,50874900,-0.02361138473174229,-0.023894600436821657,0.041201791495628415
2015-06-30,99.04122161865234,107.06999969482422,107.72000122070312,106.73999786376952,107.48999786376952,34809900,0.0035616050762787843,0.0035552775804958106,0.0449101410816497
2015-07-01,99.82748413085938,107.91999816894533,108.3499984741211,107.41999816894533,108.12999725341795,21293000,0.007938740045376758,0.007907394037869638,0.053205411062474894
2015-07-02,99.8552474975586,107.9499969482422,108.31999969482422,107.62000274658205,108.2300033569336,20499400,0.0002781134568394794,0.00027807479046096915,0.053498321660107484
2015-07-06,99.62397003173828,107.6999969482422,108.31999969482422,107.04000091552734,107.2699966430664,24311000,-0.0023161273104447266,-0.0023188136820912406,0.05105828542580282
2015-07-07,99.87372589111328,107.97000122070312,108.06999969482422,105.83000183105467,107.81999969482422,44230800,0.002506985610947199,0.002503848364780494,0.05369327342363217
2015-07-08,98.13471221923828,106.08999633789062,107.33000183105467,105.88999938964844,107.1999969482422,39691500,-0.017412123722819195,-0.017565497734881624,0.03534623578087759
2015-07-09,98.07920837402344,106.02999877929688,107.5999984741211,106.0199966430664,107.5,28381000,-0.0005655883016281171,-0.000565748307025885,0.034760656061785244
2015-07-10,99.57772064208984,107.6500015258789,108.0500030517578,107.0500030517578,107.44000244140624,26415800,0.015278592608046537,0.015163050308156418,0.0505703425725883
2015-07-13,101.32604217529295,109.54000091552734,109.62999725341795,108.56999969482422,108.58000183105467,25780700,0.017557356424004356,0.017405006695768513,0.06901558052562362
2015-07-14,101.99203491210938,110.26000213623048,110.55999755859376,109.62999725341795,109.69000244140624,21977200,0.006572769670251777,0.0065512632062685846,0.07604197371032906
2015-07-15,102.10304260253906,110.37999725341795,110.80999755859376,110.06999969482422,110.47000122070312,28631500,0.0010883956823231067,0.0010878038091649874,0.07721313314851375
2015-07-16,103.54605865478516,111.94000244140624,111.95999908447266,111.06999969482422,111.29000091552734,29838900,0.014132938798536943,0.014033999927312425,0.09243732043228192
2015-07-17,105.07232666015624,113.58999633789062,113.58999633789062,112.6500015258789,112.83999633789062,35926800,0.014739991315937395,0.014632413486392834,0.10853983704865966
2015-07-20,105.43310546875,113.9800033569336,114.38999938964844,113.4800033569336,113.83000183105467,26539000,0.003433623486426285,0.003427742060525866,0.11234614546878907
2015-07-21,105.36833190917967,113.91000366210938,114.1999969482422,113.58000183105467,114.0199966430664,35468900,-0.00061435693544587,-0.0006145457299967231,0.11166276789970375
2015-07-22,104.17508697509766,112.62000274658205,113.16999816894533,112.16999816894533,112.16999816894533,35575000,-0.011324511952134797,-0.011389122489276583,0.0990737295978803
2015-07-23,103.78654479980467,112.1999969482422,113.0999984741211,111.91000366210938,112.7300033569336,25698300,-0.0037297033923846534,-0.0037366760788498264,0.0949745105801183
2015-07-24,102.76903533935548,111.0999984741211,113.0,110.93000030517578,112.8000030517578,30844700,-0.009803866796142757,-0.009852241128226637,0.08423952633321918
2015-07-27,101.91802978515624,110.18000030517578,110.9499969482422,109.94000244140624,110.47000122070312,35994800,-0.008280758415111333,-0.008315234351595984,0.07526120075153897
2015-07-28,102.79679870605467,111.12999725341795,111.3499984741211,109.79000091552734,110.66999816894533,33553500,0.008622310721183357,0.008585350900845803,0.08453243693085155
2015-07-29,103.185302734375,111.5500030517578,111.79000091552734,110.94000244140624,111.37000274658205,26714100,0.0037793397577607912,0.0037722159963601196,0.08863125348832557
2015-07-30,103.67554473876952,112.08000183105467,112.2699966430664,110.62000274658205,111.29000091552734,25438100,0.004751083646636456,0.004739832870240955,0.0938034316339913
2015-07-31,103.55528259277344,111.9499969482422,112.48999786376952,111.72000122070312,112.43000030517578,22081700,-0.0011599856677783071,-0.001160658971885472,0.09253463532992923
2015-08-03,103.2315444946289,111.5999984741211,112.27999877929688,110.86000061035156,111.97000122070312,25001800,-0.0031262345100985245,-0.0031311313897305904,0.08911911584948284
2015-08-04,103.03730010986328,111.38999938964844,111.75,110.93000030517578,111.5500030517578,22132300,-0.001881637882263143,-0.0018834103866463875,0.08706978806280352
2015-08-05,103.83279418945312,112.25,113.0,111.87999725341795,112.01000213623048,28989900,0.007720447631504701,0.007690797486170775,0.09546245343333326
2015-08-06,102.16777801513672,110.4499969482422,112.5,109.9499969482422,112.3499984741211,42125400,-0.016035552036463785,-0.016165512700949583,0.07789610825731086
2015-08-07,102.03826904296876,110.30999755859376,110.56999969482422,109.4000015258789,110.18000030517578,30006800,-0.0012676107348519317,-0.001268414832933557,0.07652975557942887
2015-08-10,103.2038345336914,111.56999969482422,111.80999755859376,111.0,111.01000213623048,21500800,0.011422826961439592,0.011358079076287629,0.08882676869625361
2015-08-11,101.88101959228516,110.13999938964844,111.41000366210938,109.52999877929688,110.9800033569336,36123300,-0.01281749798719356,-0.012900350853572565,0.0748707337800869
2015-08-12,102.2325210571289,110.5199966430664,110.73999786376952,108.22000122070312,109.37999725341795,41889000,0.003450117266694086,0.003444179266063226,0.07857916385816566
2015-08-13,102.0660171508789,110.33999633789062,111.16000366210938,110.0999984741211,110.62999725341795,22510500,-0.0016286784726452508,-0.0016300062112642514,0.07682250519294609
2015-08-14,102.22330474853516,110.51000213623048,110.66999816894533,109.86000061035156,110.08000183105467,17924900,0.001541037869869477,0.0015398516894875158,0.07848192945257604
2015-08-17,103.07430267333984,111.43000030517578,111.45999908447266,109.95999908447266,110.23999786376952,21224900,0.008324891539146728,0.008290430752356977,0.08746017454219834
2015-08-18,102.54704284667967,110.86000061035156,111.37000274658205,110.70999908447266,111.27999877929688,13984400,-0.005115337314782975,-0.00512846544170665,0.0818974489330222
2015-08-19,101.87178802490234,110.12999725341795,111.11000061035156,109.48999786376952,110.5199966430664,42511400,-0.006584829781848711,-0.006606605418691413,0.07477333839038192
2015-08-20,99.0504913330078,107.08000183105467,109.45999908447266,107.06999969482422,109.11000061035156,57747300,-0.027694583030238862,-0.028085308887423097,0.045007938931642455
2015-08-21,94.7214126586914,102.4000015258789,106.47000122070312,102.4000015258789,105.56999969482422,97763400,-0.04370577688264088,-0.04468964851348482,-0.0006649448878922604
2015-08-24,91.07685089111328,98.45999908447266,102.52999877929688,84.73999786376953,94.2300033569336,150829900,-0.03847664076453894,-0.039236419671748506,-0.039116000806851514
2015-08-25,90.73460388183594,98.08999633789062,102.73999786376952,98.01000213623048,102.06999969482422,75088300,-0.003757782641019447,-0.003764860844004203,-0.04272679401905288
2015-08-26,95.30419921875,103.02999877929688,103.2300033569336,98.93000030517578,100.95999908447266,104103800,0.05036221178487832,0.04913506828781376,0.0054836019165489525
2015-08-27,97.71846771240234,105.63999938964844,105.70999908447266,103.27999877929688,104.5199966430664,69377700,0.02533223628594694,0.025016693032531075,0.03095475010194404
2015-08-28,97.69995880126952,105.62000274658205,106.0,104.8499984741211,105.08000183105467,49919600,-0.00018941057474719525,-0.00018942851519555113,0.030759476370188832
2015-08-31,96.48818969726562,104.30999755859376,105.61000061035156,104.0500030517578,105.02999877929688,39549400,-0.012402964329480848,-0.012480523064301806,0.017975003352495023
2015-09-01,93.4726333618164,101.0500030517578,103.29000091552734,100.62999725341795,101.70999908447266,73155500,-0.031253113411191635,-0.031751912163555426,-0.013839884877038688
2015-09-02,96.10894012451172,103.9000015258789,103.91999816894533,101.6999969482422,102.87999725341795,43963600,0.0282040493337834,0.027813638905956322,0.013973823660898832
2015-09-03,95.63720703125,103.38999938964844,105.0199966430664,103.0999984741211,104.30999755859376,45131800,-0.004908316465154772,-0.004920401812439626,0.008996919246988089
2015-09-04,94.49942016601562,102.16000366210938,102.8499984741211,101.58999633789062,101.97000122070312,49379600,-0.011896906032216048,-0.011968240556708247,-0.003007022288088801
2015-09-08,97.16345977783205,105.04000091552734,105.16999816894533,103.69000244140624,104.12000274658205,37343500,0.028191068338157654,0.027801013904550354,0.0250992748792509
2015-09-09,96.07192993164062,103.86000061035156,106.30999755859376,103.58999633789062,106.27999877929688,47146700,-0.011233954088164855,-0.01129753154969324,0.013583356689446324
2015-09-10,97.1172103881836,104.98999786376952,105.68000030517578,103.62000274658205,103.73999786376952,47686700,0.010880185890787653,0.01082142252163017,0.024611332026035937
2015-09-11,97.65370178222656,105.56999969482422,105.56999969482422,104.20999908447266,104.51000213623048,29106100,0.005524163965362927,0.005508961732325928,0.030271453024916628
2015-09-14,97.35770416259766,105.25,105.9800033569336,104.8499984741211,105.95999908447266,19718800,-0.003031094717627747,-0.003035697789138489,0.02714860266593022
2015-09-15,98.50473022460938,106.48999786376952,106.81999969482422,105.11000061035156,105.5,30020200,0.011781564405997758,0.011712702118673571,0.039250020082769455
2015-09-16,99.05975341796876,107.08999633789062,107.19000244140624,106.13999938964844,106.51000213623048,31329100,0.005634482649653716,0.005618668328160236,0.04510565628957819
2015-09-17,99.09675598144533,107.12999725341795,108.7300033569336,106.63999938964844,106.9800033569336,56139800,0.0003735378112685872,0.0003734680633888032,0.04549604276897301
2015-09-18,97.68729400634766,105.3499984741211,106.5999984741211,105.16999816894533,105.2300033569336,48384000,-0.014223088951181961,-0.014325206522155604,0.030625859554561208
2015-09-21,97.9933090209961,105.68000030517578,106.5500030517578,104.7300033569336,105.93000030517578,35772600,0.003132597926487346,0.00312770156449352,0.033854395985186025
2015-09-22,96.5281982421875,104.0999984741211,104.41999816894533,103.12999725341795,104.05999755859376,47359700,-0.014951130780721744,-0.015064025620166155,0.018397103702587403
2015-09-23,96.60240936279295,104.18000030517578,104.66000366210938,103.63999938964844,104.37999725341795,21775100,0.0007688025049350511,0.0007685071276707458,0.019180049946932565
2015-09-24,96.25003814697266,103.8000030517578,104.19000244140624,102.2699966430664,103.16999816894533,38284300,-0.003647644175177489,-0.003654313051255634,0.015462443774286516
2015-09-25,95.43402862548828,102.91999816894533,105.01000213623048,102.27999877929688,104.91000366210938,44700000,-0.00847801764232381,-0.00851416045849772,0.006853335260850857
2015-09-28,92.71717834472656,99.98999786376952,102.5500030517578,99.69000244140624,102.4800033569336,44077500,-0.0284683599748623,-0.028881442475584895,-0.02181012792924575
2015-09-29,92.23497772216795,99.47000122070312,101.26000213623048,98.75,100.23999786376952,49315500,-0.005200768953146584,-0.00521434002579032,-0.0268974674461937
2015-09-30,94.3584442138672,101.76000213623048,101.87000274658205,100.5,100.88999938964844,41411400,0.023022355988371324,0.022761340091775002,-0.00449435452855429
2015-10-01,94.78496551513672,102.22000122070312,102.2300033569336,100.58999633789062,101.94000244140624,39339100,0.00452022396959828,0.004510038439614309,5.553951976100535e-06
2015-10-02,96.44474029541016,104.01000213623048,104.01000213623048,100.4800033569336,100.8000030517578,59370900,0.017510949877471704,0.017359399827048677,0.017516601084422545
2015-10-05,97.82640075683594,105.5,105.77999877929688,104.5500030517578,104.77999877929688,32853500,0.014325928580384506,0.01422428210215311,0.03209347124091355
2015-10-06,97.3627471923828,105.0,105.5999984741211,104.18000030517578,105.25,33051500,-0.0047395545667230365,-0.004750821870900681,0.02720180791600857
2015-10-07,97.94692993164062,105.62999725341795,105.86000061035156,104.29000091552734,105.66000366210938,37389300,0.006000064255618387,0.005982135549929506,0.03336508476699196
2015-10-08,98.33639526367188,106.0500030517578,106.2300033569336,104.20999908447266,105.2300033569336,50188900,0.003976289326302229,0.00396840478180808,0.03747404332372439
2015-10-09,98.78147888183594,106.52999877929688,106.7300033569336,105.80999755859376,106.0999984741211,23916200,0.0045261331470474175,0.004515921009151067,0.042169788980413125
2015-10-12,99.02255249023438,106.79000091552734,106.98999786376952,106.3499984741211,106.7300033569336,16162000,0.0024404737722829584,0.002437500652397946,0.044713177016685535
2015-10-13,98.38275909423828,106.0999984741211,107.26000213623048,106.0,106.18000030517578,26999600,-0.00646108770079612,-0.006482050873318333,0.03796319355780331
2015-10-14,98.22509765625,105.93000030517578,106.62999725341795,105.48999786376952,106.0999984741211,30902600,-0.001602531169483279,-0.001603816596032154,0.03629982518735053
2015-10-15,99.83854675292967,107.66999816894533,107.68000030517578,106.18000030517578,106.31999969482422,38393800,0.01642603708398571,0.016292589101510557,0.05332212454600582
2015-10-16,100.25582885742188,108.12000274658205,108.18000030517578,107.37999725341795,107.9000015258789,27091100,0.004179569094939328,0.004170858957343283,0.0577245571447742
2015-10-19,100.83068084716795,108.73999786376952,108.80999755859376,107.73999786376952,107.9800033569336,23776300,0.0057338510518285535,0.005717475096260055,0.06378939220930357
2015-10-20,100.31146240234376,108.18000030517578,108.77999877929688,107.80999755859376,108.5500030517578,23404700,-0.0051494092915149725,-0.005162713190674473,0.05831150522884587
2015-10-21,99.69945526123048,107.5199966430664,108.83999633789062,107.4800033569336,108.7300033569336,30195200,-0.006101068875444704,-0.00611975644435734,0.05185467384376907
2015-10-22,101.73017120361328,109.70999908447266,109.8000030517578,108.16999816894533,108.4800033569336,42778700,0.020368375504780323,0.020163714551996163,0.07327924481707715
2015-10-23,104.57685089111328,112.77999877929688,113.23999786376952,112.06999969482422,112.66000366210938,53170900,0.027982649137612947,0.027598288619729225,0.10331244135147566
2015-10-26,104.64177703857422,112.8499984741211,113.06999969482422,112.2699966430664,112.6999969482422,25918000,0.0006208462667185444,0.0006206536214063865,0.10399742876171292
2015-10-27,104.85504913330078,113.08000183105467,113.23999786376952,112.5199966430664,112.5500030517578,31390500,0.0020381161402480696,0.002036041999296131,0.10624750374006453
2015-10-28,105.72666931152344,114.0199966430664,114.0199966430664,112.33999633789062,113.25,42221900,0.008312619997102644,0.008278260452068465,0.11544331886139902
2015-10-29,105.55978393554688,113.83999633789062,114.02999877929688,113.37999725341795,113.5,24913300,-0.001578460544187199,-0.0015797076255171917,0.11368263559329916
2015-10-30,105.08688354492188,113.33000183105467,114.08000183105467,113.3000030517578,113.88999938964844,27199200,-0.004479929505290969,-0.004489994460920808,0.10869341589457449
2015-11-02,106.2737808227539,114.61000061035156,114.75,113.38999938964844,113.62999725341795,22176900,0.01129443787648965,0.01123113193705643,0.12121548480446886
2015-11-03,106.64468383789062,115.01000213623048,115.41999816894533,114.20999908447266,114.37999725341795,20418400,0.0034900707612475212,0.0034839945976780384,0.12512860618504296
2015-11-04,106.6539306640625,115.0199966430664,115.47000122070312,114.54000091552734,115.38999938964844,28633000,8.670686469414157e-05,8.670310587122463e-05,0.12522616255886287
2015-11-05,106.3665008544922,114.70999908447266,115.4000015258789,114.11000061035156,115.12000274658205,25004100,-0.002694976244950964,-0.0026986142310922293,0.12219370478056946
2015-11-06,106.44068145751952,114.79000091552734,114.91999816894533,113.76000213623048,114.48999786376952,29924900,0.000697405690996522,0.0006971626166553252,0.12297632905668388
2015-11-09,105.30940246582033,113.56999969482422,114.51000213623048,112.87000274658205,114.36000061035156,33479800,-0.010628257694410559,-0.010685141031407613,0.11104104724674624
2015-11-10,105.04049682617188,113.27999877929688,113.38999938964844,112.62999725341795,112.97000122070312,35452100,-0.0025534817723016356,-0.002556747467328761,0.10820402418432273
2015-11-11,104.9106674194336,113.13999938964844,114.13999938964844,112.9499969482422,113.58999633789062,22748800,-0.0012359938372448198,-0.0012367583076130402,0.10683429084002105
2015-11-12,103.89069366455078,112.04000091552734,113.2300033569336,111.95999908447266,112.68000030517578,31196900,-0.009722307368467575,-0.009769877577992001,0.09607330765851452
2015-11-13,101.85071563720705,109.83999633789062,111.69000244140624,109.77999877929688,111.56999969482422,52836000,-0.019635811018170246,-0.019831154941622773,0.07455101932727115
2015-11-16,103.31578826904295,111.41999816894533,111.44000244140624,109.4800033569336,109.7300033569336,33980600,0.014384509943499157,0.014282034418125377,0.09000790914958134
2015-11-17,103.38072204589844,111.48999786376952,112.29000091552734,111.20999908447266,111.61000061035156,30579500,0.0006284981022106617,0.0006283006799937486,0.09069297705187651
2015-11-18,105.36502838134766,113.62999725341795,113.73999786376952,111.83000183105467,111.94000244140624,32966500,0.0191941620853473,0.019012277881118627,0.11162791483876022
2015-11-19,105.43923950195312,113.70999908447266,114.2300033569336,113.48999786376952,113.69000244140624,26188100,0.0007043240223585379,0.0007040761025980342,0.11241086108310538
2015-11-20,106.1532211303711,114.4800033569336,114.56999969482422,114.13999938964844,114.25,22727600,0.006771498275125021,0.006748674656145897,0.11994354931015994
2015-11-23,105.84722137451172,114.1500015258789,114.94000244140624,113.66000366210938,114.5199966430664,20696200,-0.0028826233683815206,-0.002886786128828507,0.11671517386365027
2015-11-24,105.75447082519533,114.0500030517578,114.31999969482422,112.83999633789062,113.41000366210938,26374400,-0.0008762681543450501,-0.0008766523017113402,0.1157366319193196
2015-11-25,105.84722137451172,114.1500015258789,114.36000061035156,113.91000366210938,114.22000122070312,14159900,0.0008770366736523538,0.0008766523017113296,0.11671517386365027
2015-11-27,105.9955825805664,114.30999755859376,114.54000091552734,113.91999816894533,114.4000015258789,8828000,0.0014016542345476335,0.0014006728341999532,0.11828042241587977
2015-11-30,105.72666931152344,114.0199966430664,114.6500015258789,113.6500015258789,114.6500015258789,25041600,-0.0025370233598043246,-0.002540247057119651,0.1154433188613988
2015-12-01,106.78376007080078,115.16000366210938,115.16000366210938,114.33999633789062,114.4800033569336,28639400,0.009998335955922588,0.009948683283417364,0.12659589590316433
2015-12-02,106.12539672851562,114.4499969482422,115.75,114.27999877929688,115.25,22395500,-0.006165388274852246,-0.006184472763766811,0.1196499947760663
2015-12-03,104.3265380859375,112.51000213623048,114.95999908447266,111.83999633789062,114.76000213623048,42754300,-0.016950312536214818,-0.01709561335373207,0.1006715774334408
2015-12-04,106.76519012451172,115.13999938964844,115.33000183105467,112.62000274658205,112.8499984741211,40037300,0.023375184141214422,0.023106168649687453,0.12639997823494853
2015-12-07,106.28303527832033,114.62000274658205,115.29000091552734,114.06999969482422,115.22000122070312,25892100,-0.004516030418051931,-0.004526258488555356,0.12131312167034647
2015-12-08,106.29231262207033,114.62999725341795,115.0,113.37999725341795,113.41999816894533,30792600,8.728903653998366e-05,8.72852270737151e-05,0.12141100001239669
2015-12-09,104.6788330078125,112.88999938964844,114.76000213623048,112.1999969482422,114.12999725341795,48509200,-0.015179645399142516,-0.015296035559387062,0.10438837868551065
2015-12-10,105.15179443359376,113.4000015258789,114.16000366210938,112.80999755859376,113.1500015258789,30154600,0.004518214544347865,0.004508038054542631,0.10937824232069637
2015-12-11,102.73162078857422,110.79000091552734,112.38999938964844,110.72000122070312,112.08999633789062,56022200,-0.023015999470631487,-0.023285003194868696,0.0838447932827131
2015-12-14,103.51051330566406,111.62999725341795,111.68000030517578,109.37999725341795,110.94000244140624,53098500,0.0075818186368619145,0.0075532211065062645,0.09206230793588976
2015-12-15,104.14105224609376,112.30999755859376,113.27999877929688,112.16999816894533,112.66000366210938,48428000,0.0060915449097207475,0.006073066453620658,0.09871465452889461
2015-12-16,105.68958282470705,113.9800033569336,114.16999816894533,111.88999938964844,113.06999969482422,44944100,0.01486954995378742,0.014760082021046006,0.11505204696937033
2015-12-17,104.15032196044922,112.31999969482422,114.4800033569336,112.3000030517578,114.4800033569336,45668800,-0.014563978995080218,-0.01467107483678901,0.09881245237888714
2015-12-18,102.15247344970705,109.83000183105467,111.87999725341795,109.83000183105467,111.62999725341795,53746100,-0.019182355590805056,-0.019368724148388475,0.07773464118975082
2015-12-21,103.28717041015624,111.0500030517578,111.06999969482422,110.0500030517578,110.87000274658205,26432800,0.011107875532821332,0.011046636158980494,0.08970598344149638
2015-12-22,103.96617889404295,111.77999877929688,111.94000244140624,111.0500030517578,111.63999938964844,26540300,0.006573986693510392,0.006552472281816373,0.09686969607647944
2015-12-23,104.73815155029295,112.61000061035156,112.69000244140624,112.16000366210938,112.36000061035156,25656900,0.007425228708624054,0.007397797403388829,0.10501420443340637
2015-12-24,104.71953582763672,112.58999633789062,112.9000015258789,112.54000091552734,112.61000061035156,11468600,-0.00017773583341595955,-0.000177751630301009,0.10481780381284489
2015-12-28,104.66374969482422,112.52999877929688,112.5500030517578,111.51000213623048,112.31999969482422,19183600,-0.0005327194431450355,-0.0005328613885612151,0.10422924588762106
2015-12-29,106.31002044677734,114.3000030517578,114.5500030517578,113.12999725341795,113.1999969482422,27725700,0.01572913980965973,0.015606718938080745,0.12159782207810266
2015-12-30,105.35199737548828,113.2699966430664,114.23999786376952,113.25,114.1999969482422,19520100,-0.009011597093697143,-0.009052447136058928,0.11149043440436657
2015-12-31,104.04056549072266,111.86000061035156,113.08000183105467,111.83999633789062,112.87000274658205,29886800,-0.012448097021753757,-0.012526223610116483,0.09765449363814982
2016-01-04,101.84557342529295,109.5,109.5999984741211,108.12000274658205,109.4499969482422,50807600,-0.021097463812088102,-0.02132319586315731,0.07449676768044311
2016-01-05,101.66885375976562,109.30999755859376,110.18000030517578,108.8000030517578,110.04000091552734,38795200,-0.001735172767788118,-0.0017366799237581512,0.07263233015008774
2016-01-06,100.69223022460938,108.26000213623048,108.88999938964844,107.41000366210938,107.41000366210938,41891100,-0.009605926486236593,-0.009652361001692825,0.062328702839905326
2016-01-07,97.53917694091795,104.87000274658205,107.29000091552734,104.80999755859376,105.9499969482422,61386300,-0.03131376946024589,-0.0318145270208507,0.02906318674817454
2016-01-08,96.7393035888672,104.01000213623048,106.29000091552734,103.9000015258789,105.62999725341795,69344000,-0.008200534155985983,-0.008234343499527255,0.020624318936578456
2016-01-11,97.03693389892578,104.33000183105467,105.05999755859376,102.7300033569336,104.75,50024100,0.0030766224173317536,0.0030718992996025987,0.023764394595892746
2016-01-12,98.162353515625,105.54000091552734,106.08000183105467,104.08000183105467,105.33000183105467,46734200,0.011597848071657646,0.011531108559193785,0.03563785850558854
2016-01-13,94.7768325805664,101.9000015258789,106.2300033569336,101.73999786376952,105.97000122070312,69870700,-0.034488995157595737,-0.03509777910249829,-8.025058143357189e-05
2016-01-14,96.79511260986328,104.06999969482422,104.9800033569336,100.66999816894533,102.3000030517578,78445700,0.021295077861788636,0.021071506107083665,0.0212131183379749
2016-01-15,93.79090881347656,100.83999633789062,101.94000244140624,99.51000213623048,100.62000274658205,91443900,-0.031036730216899344,-0.031528573090392004,-0.010481997709839375
2016-01-19,93.9955596923828,101.05999755859376,102.37000274658205,99.87999725341795,102.20999908447266,56563800,0.002181990573449255,0.0021796134892401496,-0.008322878756583885
2016-01-20,93.70721435546876,100.75,101.83000183105467,97.25,99.47000122070312,86675000,-0.003067648491670183,-0.0030723633701666754,-0.01136499558179005
2016-01-21,93.80020141601562,100.8499984741211,102.3499984741211,99.81999969482422,101.18000030517578,61660100,0.0009923148520254443,0.0009918228331075541,-0.010383958383673564
2016-01-22,96.5160903930664,103.7699966430664,103.80999755859376,102.52999877929688,102.87999725341795,42229800,0.028953978094412358,0.028542730967772104,0.018269362807164624
2016-01-25,95.08375549316406,102.2300033569336,103.98999786376952,102.13999938964844,103.4000015258789,38881500,-0.01484037422225759,-0.014951594312655228,0.0031578644040464177
2016-01-26,95.93943786621094,103.1500015258789,103.58999633789062,101.76000213623048,102.66000366210938,36143900,0.00899924880552705,0.008958996877168059,0.012185531617039613
2016-01-27,93.54908752441406,100.58000183105467,102.98999786376952,100.1500015258789,102.5500030517578,54524700,-0.024915200619897937,-0.025230838043103245,-0.013033273967756998
2016-01-28,94.86983489990234,102.0,102.29000091552734,100.26000213623048,102.25,47641500,0.01411822830600662,0.014019494334741677,0.0009009476007981743
2016-01-29,96.85091400146484,104.12999725341795,104.16999816894533,101.94000244140624,101.97000122070312,54245100,0.020882075990252824,0.02066703397165966,0.021801837247314104
2016-02-01,97.11136627197266,104.41000366210938,104.8000030517578,103.2300033569336,103.62999725341795,32750300,0.002689208183454861,0.002685598732722756,0.024549675109908797
2016-02-02,95.00934600830078,102.1500015258789,103.97000122070312,101.83999633789062,103.93000030517578,44928100,-0.021645460715534637,-0.02188316003407076,0.0023728253662034238
2016-02-03,94.55358123779295,101.66000366210938,102.83000183105467,99.87999725341795,102.83000183105467,61572900,-0.004797051970739874,-0.004808594753558733,-0.002435609171135611
2016-02-04,94.54432678222656,101.6500015258789,102.45999908447266,100.44000244140624,101.38999938964844,49321600,-9.787525173809986e-05,-9.788004183310831e-05,-0.0025332460370129928
2016-02-05,91.26102447509766,98.12000274658205,101.33000183105467,97.72000122070312,101.29000091552734,70749900,-0.03472765018139767,-0.03534498967062467,-0.03717292253621385
2016-02-08,89.86590576171875,96.62000274658205,97.0500030517578,94.83999633789062,96.29000091552734,91673100,-0.015287125269556778,-0.01540517803936182,-0.05189178068232403
2016-02-09,89.58686828613281,96.31999969482422,97.77999877929688,95.18000030517578,95.33000183105467,73778400,-0.003105042710255579,-0.0031098733575409803,-0.05483569719724979
2016-02-10,89.9310073852539,96.69000244140624,98.69000244140624,96.62000274658205,97.43000030517578,59421700,0.003841401152922863,0.0038340418122796032,-0.05120494195476177
2016-02-11,89.80078887939453,96.5500030517578,97.31999969482422,95.19000244140624,95.45999908447266,76839200,-0.0014479822882615956,-0.0014490316276874128,-0.052578780394001434
2016-02-12,91.16803741455078,98.0199966430664,98.12000274658205,96.7300033569336,97.63999938964844,49186500,0.015225351048892444,0.01511060858861914,-0.038153959734330334
2016-02-16,93.22354888916016,100.2300033569336,100.2300033569336,98.8499984741211,99.47000122070312,40565900,0.022546404780688034,0.02229599155360779,-0.016467789573798575
2016-02-17,95.3348617553711,102.5,102.63999938964844,100.6999969482422,100.95999908447266,41766500,0.022647849082866545,0.022395194161937113,0.005807099496072166
2016-02-18,94.24667358398438,101.33000183105467,102.83999633789062,101.1999969482422,102.81999969482422,38991500,-0.011414378238456035,-0.011480022255561655,-0.00567356317250034
2016-02-19,94.52568817138672,101.62999725341795,101.94000244140624,100.62000274658205,100.83999633789062,28257900,0.002960471460605074,0.0029560978947223504,-0.0027298881337474157
2016-02-22,96.0603485107422,103.27999877929688,103.37999725341795,102.4800033569336,102.58000183105467,23979100,0.01623537864726199,0.01610499422141168,0.013461169745998536
2016-02-23,94.4792022705078,101.58000183105467,102.95999908447266,101.51000213623048,102.68000030517578,29869700,-0.016459926127142754,-0.016596895798218304,-0.0032203262407483058
2016-02-24,95.38137817382812,102.5500030517578,102.68000030517578,99.7699966430664,100.38999938964844,40739100,0.009548936502842942,0.009503633576855958,0.006297859571303244
2016-02-25,96.3207550048828,103.55999755859376,103.55999755859376,101.83999633789062,102.76000213623048,29389300,0.009848639734925113,0.00980045797420021,0.016208524656247336
2016-02-26,96.19985961914062,103.43000030517578,104.37000274658205,103.18000030517578,104.3499984741211,30925000,-0.0012551332860299969,-0.0012559216255293197,0.014933047511403785
2016-02-29,95.3348617553711,102.5,104.0999984741211,102.5,103.33000183105467,27553900,-0.00899167490674202,-0.009032343987880775,0.005807099496072388
2016-03-01,98.39488220214844,105.79000091552734,105.79000091552734,103.16000366210938,103.4800033569336,37699800,0.03209760197302591,0.03159323814264279,0.038091095437341016
2016-03-02,98.43209838867188,105.83000183105467,105.8499984741211,105.01000213623048,105.66000366210938,29209800,0.0003782329496262449,0.0003781614375757277,0.03848373569434904
2016-03-03,98.24605560302734,105.62999725341795,105.75,104.87000274658205,105.72000122070312,25474600,-0.0018900621716902988,-0.001891850593037043,0.036520936869597564
2016-03-04,98.28325653076172,105.66999816894533,106.3499984741211,104.97000122070312,105.75,31655400,0.0003786505982967814,0.0003785789282503527,0.03691341614249044
2016-03-07,97.67869567871094,105.0199966430664,105.73999786376952,104.2699966430664,105.12999725341795,25861200,-0.006151208999282232,-0.006170205626907077,0.030535145005638364
2016-03-08,96.86954498291016,104.1500015258789,105.20999908447266,103.97000122070312,104.3000030517578,28898500,-0.008283799145540116,-0.008318300476526217,0.02199839885199162
2016-03-09,97.49269104003906,104.81999969482422,104.83999633789062,103.95999908447266,104.54000091552734,31047400,0.006432837660575785,0.006412235267755359,0.028572748641174872
2016-03-10,97.34388732910156,104.66000366210938,105.86000061035156,103.30999755859376,105.26000213623048,44236100,-0.001526306324608373,-0.001527472316698406,0.027002831549604034
2016-03-11,99.04597473144533,106.48999786376952,106.48999786376952,105.45999908447266,105.79000091552734,31454000,0.01748530338211496,0.01733419437979832,0.044960287633539986
2016-03-14,99.2133560180664,106.66999816894533,106.91999816894533,106.05999755859376,106.08999633789062,25374900,0.0016899352757637764,0.001688508941860861,0.046726202885384094
2016-03-15,99.17617797851562,106.62999725341795,106.75,105.9499969482422,106.29000091552734,26524600,-0.0003747281721224738,-0.00037479840026882283,0.04633396508866405
2016-03-16,100.0597686767578,107.58000183105467,107.86000061035156,106.33999633789062,106.37000274658205,31693100,0.008909303788996459,0.00886985010540329,0.05565607224838409
2016-03-17,100.00395965576172,107.5199966430664,107.7699966430664,106.87000274658205,107.2699966430664,29623700,-0.0005577568460743976,-0.0005579124502863021,0.05506727284698765
2016-03-18,100.16068267822266,107.37000274658205,107.63999938964844,106.8000030517578,107.45999908447266,37682300,0.0015671681701445728,0.0015659414435984387,0.05672074069435462
2016-03-21,100.55247497558594,107.79000091552734,107.88999938964844,107.12000274658205,107.18000030517578,17288600,0.003911637649495203,0.0039040070871352063,0.06085424932865702
2016-03-22,100.8603286743164,108.12000274658205,108.37000274658205,107.16000366210938,107.18000030517578,18840300,0.0030616222903037116,0.003056945068937894,0.06410218434516501
2016-03-23,100.03009796142578,107.2300033569336,107.98999786376952,106.98999786376952,107.91000366210938,20912900,-0.00823148926642392,-0.008265555044385786,0.055343038636349595
2016-03-24,100.05806732177734,107.26000213623048,107.29000091552734,106.52999877929688,106.70999908447266,19017300,0.0002796094467722998,0.0002795703633361666,0.0556381225195377
2016-03-28,99.91814422607422,107.11000061035156,107.58000183105467,106.91999816894533,107.55999755859376,13892300,-0.001398418932609835,-0.0013993976328937885,0.05416189818302164
2016-03-29,101.52261352539062,108.83000183105467,108.9000015258789,106.7300033569336,106.91000366210938,29963900,0.016057837260128993,0.015930273973176853,0.07108945838987335
2016-03-30,102.01705932617188,109.36000061035156,110.04000091552734,109.12999725341795,109.4800033569336,23807200,0.0048703021288709625,0.004858480574946144,0.07630598765928087
2016-03-31,101.8677978515625,109.1999969482422,109.69000244140624,109.02999877929688,109.27999877929688,21447200,-0.00146310308878983,-0.0014641744692682826,0.07473124104425355
2016-04-01,102.9499282836914,110.36000061035156,110.4000015258789,108.38999938964844,108.54000091552734,26389000,0.010622890206243074,0.010566863734184993,0.08614799301908604
2016-04-04,102.55814361572266,109.94000244140624,110.44000244140624,109.68000030517578,110.36000061035156,17163000,-0.003805584661401018,-0.003812844322731979,0.08201456487684111
2016-04-05,101.56928253173828,108.87999725341795,109.5,108.73999786376952,109.08999633789062,20107900,-0.00964195576403526,-0.009688740392611837,0.07158182830625681
2016-04-06,103.23909759521484,110.66999816894533,110.70999908447266,108.98999786376952,108.98999786376952,25056000,0.016440158105426983,0.016306481822511983,0.08919880298651428
2016-04-07,101.75585174560548,109.08000183105467,110.2300033569336,108.61000061035156,110.02999877929688,28567200,-0.014367094290430038,-0.014471300285390482,0.0735501810829835
2016-04-08,101.68124389648438,109.0,110.0199966430664,108.62000274658205,109.76000213623048,22898000,-0.0007332045070747029,-0.0007334734329591154,0.07276304925164268
2016-04-11,101.30809783935548,108.5999984741211,110.0199966430664,108.58999633789062,109.47000122070312,25772100,-0.003669762906409413,-0.0036765130055398114,0.06882626320613228
2016-04-12,102.15697479248048,109.51000213623048,109.72000122070312,108.0199966430664,108.68000030517578,28564100,0.008379161895538445,0.008344251595640739,0.07778213150373992
2016-04-13,103.4629898071289,110.91000366210938,111.08000183105467,110.20999908447266,110.3499984741211,25356700,0.012784393990732834,0.01270336351213571,0.09156092290905549
2016-04-14,103.4722900390625,110.91999816894533,111.33000183105467,110.0,110.93000030517578,17199700,8.988945661569936e-05,8.98854168005834e-05,0.09165904272727876
2016-04-15,103.21112060546876,110.63999938964844,111.05999755859376,110.36000061035156,110.83000183105467,21353300,-0.002524051932117688,-0.002527242721471914,0.08890363861126915
2016-04-18,103.7614974975586,111.2300033569336,111.2699966430664,110.25,110.31999969482422,17126100,0.005332534797230615,0.00531836717744757,0.09471025515499476
2016-04-19,103.12716674804688,110.5500030517578,111.44000244140624,109.87999725341795,111.44000244140624,42481400,-0.006113353843285152,-0.0061321169001137465,0.08801790400935938
2016-04-20,103.21112060546876,110.63999938964844,111.1500015258789,110.16999816894533,110.5500030517578,18078300,0.0008140809067993526,0.0008137497226662096,0.08890363861126915
2016-04-21,103.22044372558594,110.6500015258789,111.0500030517578,110.1500015258789,110.58000183105467,20216000,9.033057738827566e-05,9.032649782734089e-05,0.08900199990566504
2016-04-22,101.66256713867188,108.9800033569336,109.72000122070312,108.12000274658205,109.20999908447266,39074000,-0.015092713523453871,-0.015207767644643745,0.0725660046946206
2016-04-25,101.66256713867188,108.9800033569336,108.98999786376952,108.4499969482422,108.6500015258789,14351900,0.0,0.0,0.0725660046946206
2016-04-26,101.16815948486328,108.4499969482422,109.38999938964844,108.12000274658205,109.20999908447266,19118300,-0.004863222203844275,-0.004875086149243798,0.06734987788550129
2016-04-27,100.35658264160156,107.58000183105467,107.83000183105467,106.69000244140624,107.33999633789062,33059800,-0.008022058001195043,-0.008054407832786742,0.05878753525753533
2016-04-28,99.14386749267578,106.27999877929688,108.33000183105467,106.06999969482422,107.6999969482422,29818200,-0.01208406182239874,-0.012157667670210419,0.04599308122469803
2016-04-29,98.62146759033205,105.72000122070312,106.5,104.87999725341795,106.27999877929688,67502800,-0.005269109583427634,-0.005283040297850197,0.040481629056217994
2016-05-02,99.5543212890625,106.72000122070312,106.87000274658205,105.5500030517578,105.98999786376952,24813800,0.009458931422573036,0.009414475845715455,0.050323473431907795
2016-05-03,98.63080596923828,105.7300033569336,106.44000244140624,105.4499969482422,105.95999908447266,38569400,-0.009276496568569104,-0.00931979121932607,0.04058015133472903
2016-05-04,97.99644470214844,105.0500030517578,105.4800033569336,104.79000091552734,105.08999633789062,27474500,-0.0064316747780373,-0.006452447113435037,0.03388747822086313
2016-05-05,97.96844482421876,105.0199966430664,105.66000366210938,104.80999755859376,105.43000030517578,20788100,-0.00028572340572941,-0.0002857642324386503,0.03359207236944495
2016-05-06,98.49087524414062,105.58000183105467,105.5999984741211,104.4000015258789,104.5,30758500,0.005332639717403387,0.005318471541092102,0.039103846506155504
2016-05-09,98.77072143554688,105.87999725341795,106.37000274658205,105.54000091552734,105.58999633789062,19289600,0.002841341299004263,0.002837312318816436,0.04205629517918763
2016-05-10,100.1233901977539,107.33000183105467,107.37999725341795,106.06999969482422,106.26000213623048,21178900,0.013695037785967035,0.013602108243764108,0.056327295516771514
2016-05-11,99.2184829711914,106.36000061035156,107.48999786376952,106.33000183105467,107.16999816894533,20966300,-0.009037920357822693,-0.009079010124749997,0.04678029354809676
2016-05-12,98.7800521850586,105.88999938964844,106.73999786376952,105.13999938964844,106.61000061035156,29196300,-0.004418841862963263,-0.0044286338013336,0.042154736965641426
2016-05-13,98.41625213623048,105.5,106.4499969482422,105.29000091552734,105.8000030517578,21059300,-0.003682930316199373,-0.0036897290019134465,0.03831655369069997
2016-05-16,99.64759063720705,106.81999969482422,107.20999908447266,105.55999755859376,105.66000366210938,18311900,0.012511536197010509,0.012433913708473788,0.051307488836156434
2016-05-17,98.39757537841795,105.4800033569336,107.04000091552734,105.1999969482422,106.7300033569336,29932700,-0.012544360087341166,-0.012623704823299836,0.03811950913367723
2016-05-18,98.7520523071289,105.86000061035156,106.43000030517578,105.04000091552734,105.23999786376952,27524400,0.003602496579287573,0.0035960231308777824,0.04185933111422302
2016-05-19,98.2389678955078,105.30999755859376,105.70999908447266,104.54000091552734,105.4499969482422,27334600,-0.005195683528939399,-0.005209228028263436,0.036446159748080964
2016-05-20,99.32109832763672,106.47000122070312,106.9000015258789,105.66999816894533,105.7300033569336,29549600,0.011015287062868362,0.010955060658802925,0.04786291172291368
2016-05-23,99.19050598144533,106.33000183105467,106.97000122070312,106.2300033569336,106.58999633789062,15729800,-0.0013148500005567554,-0.001315715174284343,0.046485129172851414
2016-05-24,101.177490234375,108.45999908447266,108.58999633789062,106.88999938964844,106.91999816894533,29931300,0.020032000374122116,0.019833999719866078,0.0674483196719553
2016-05-25,101.90510559082033,109.23999786376952,109.56999969482422,108.68000030517578,108.87000274658205,37951700,0.007191474652709973,0.007165739308592872,0.07512484720595403
2016-05-26,102.20362091064452,109.55999755859376,109.6999969482422,109.08999633789062,109.3499984741211,21885900,0.0029293460626282908,0.002925063889058257,0.07827425994395054
2016-05-27,102.7353744506836,110.12999725341795,110.13999938964844,109.61000061035156,109.62999725341795,19870000,0.005202883570083916,0.005189395336273343,0.08388439537505721
2016-05-31,102.93124389648438,110.33999633789062,110.51000213623048,109.77999877929688,110.27999877929688,24366100,0.0019065433580991442,0.001904728211049179,0.08595086797000673
2016-06-01,102.9405746459961,110.3499984741211,110.5999984741211,109.91000366210938,110.0,19571500,9.065031334021256e-05,9.064620484884703e-05,0.0860493097564603
2016-06-02,103.1551284790039,110.58000183105467,110.58999633789062,109.52999877929688,110.12999725341795,15696600,0.002084249420072126,0.0020820803855992613,0.08831290740049003
2016-06-03,102.6700668334961,110.05999755859376,110.41999816894533,109.33999633789062,110.37000274658205,20269900,-0.004702254290794072,-0.004713344668677398,0.08319538336193943
2016-06-06,103.04320526123048,110.45999908447266,110.75,110.06999969482422,110.26000213623048,12502400,0.0036343448411260137,0.0036277565677935537,0.08713208891539237
2016-06-07,102.78201293945312,110.18000030517578,110.62999725341795,110.12999725341795,110.5199966430664,12184300,-0.002534784521843969,-0.0025380025272471454,0.0843764433232097
2016-06-08,102.95923614501952,110.37000274658205,110.5999984741211,109.95999908447266,110.37000274658205,14568700,0.0017242628403355553,0.001722778005749315,0.08624619332936723
2016-06-09,102.79132843017578,110.19000244140624,110.30999755859376,109.70999908447266,109.91999816894533,17571600,-0.001630817410176122,-0.0016321486404146206,0.08447472412554813
2016-06-10,101.62523651123048,108.94000244140624,109.4000015258789,108.55999755859376,109.19000244140624,32965000,-0.011344263536173682,-0.011409100511971713,0.07217215705674862
2016-06-13,100.7763442993164,108.02999877929688,108.93000030517578,107.88999938964844,108.31999969482422,25154700,-0.008353163456798152,-0.008388246633612343,0.06321612777502583
2016-06-14,100.7763442993164,108.02999877929688,108.41999816894533,107.23999786376952,107.73999786376952,24588500,0.0,0.0,0.06321612777502583
2016-06-15,100.4871826171875,107.72000122070312,108.44000244140624,107.54000091552734,108.29000091552734,24605700,-0.0028693408571168755,-0.002873465307118701,0.06016539829965528
2016-06-16,100.7856903076172,108.04000091552734,108.13999938964844,106.5,107.19000244140624,32079900,0.002970604634890517,0.0029662011075458467,0.06331473054559478
2016-06-17,99.60436248779295,106.48999786376952,107.68000030517578,106.23999786376952,107.52999877929688,29208800,-0.011721185976090509,-0.011790420616262507,0.05085142083775329
2016-06-20,100.23103332519533,107.16000366210938,108.23999786376952,107.08000183105467,107.7300033569336,20562800,0.006291600304948242,0.006271890814043522,0.05746295795755141
2016-06-21,100.5490264892578,107.5,107.72000122070312,107.0999984741211,107.3000030517578,22804100,0.0031726018730222627,0.0031675797909410377,0.060817866918619234
2016-06-22,100.30585479736328,107.23999786376952,108.19000244140624,107.1500015258789,107.55999755859376,22724200,-0.0024184390479453644,-0.002421368195255514,0.058252343566505216
2016-06-23,101.73690032958984,108.7699966430664,108.79000091552734,107.62000274658205,108.06999969482422,18714200,0.014266819570179168,0.014166006225660941,0.07335023881188785
2016-06-24,97.5465850830078,104.29000091552734,106.5,104.05999755859376,104.9000015258789,68012700,-0.04118776209032293,-0.04206001272606216,0.029141344536112612
2016-06-27,95.61044311523438,102.22000122070312,103.5999984741211,101.75,103.5999984741211,48222600,-0.019848382863693836,-0.020048007920510515,0.008714553108903234
2016-06-28,97.70561981201172,104.45999908447266,104.51000213623048,103.3000030517578,103.3499984741211,28260600,0.021913680436060012,0.021677026801589575,0.030819201476934843
2016-06-29,99.4359893798828,106.30999755859376,106.52999877929688,105.2300033569336,105.27999877929688,31356700,0.01771003112410896,0.01755503582837787,0.04907504161842047
2016-06-30,100.5864486694336,107.54000091552734,107.61000061035156,106.12999725341795,106.48999786376952,36300800,0.011569848067339183,0.01150342918849833,0.06121268046118322
2016-07-01,101.0915298461914,108.08000183105467,108.4800033569336,107.4499969482422,107.48999786376952,19902800,0.005021364044949017,0.0050087990412643535,0.06654141565889504
2016-07-05,100.47420501708984,107.41999816894533,107.66000366210938,106.83999633789062,107.51000213623048,21167900,-0.0061065930057722095,-0.006125314500117578,0.06002848130966609
2016-07-06,101.29730987548828,108.3000030517578,108.3499984741211,106.56999969482422,106.91000366210938,24579300,0.008192200756984791,0.008158826827093582,0.06871244743667648
2016-07-07,101.5966339111328,108.62000274658205,108.86000061035156,108.11000061035156,108.4000015258789,19161700,0.0029549060682108053,0.0029505489144845704,0.07187039233277948
2016-07-08,103.1679916381836,110.3000030517578,110.36000061035156,109.0199966430664,109.1999969482422,29457900,0.015466631782557583,0.015348242594012849,0.08844861700961615
2016-07-11,103.75727081298828,110.93000030517578,111.33999633789062,110.66000366210938,110.66999816894533,20218500,0.005711841099624415,0.005695590386878242,0.09466566255508102
2016-07-12,104.28106689453124,111.48999786376952,111.79000091552734,111.33999633789062,111.61000061035156,21906100,0.005048283146219523,0.005035583288576113,0.10019184477010312
2016-07-13,104.02852630615234,111.22000122070312,111.81999969482422,111.20999908447266,111.75,21107800,-0.0024217300023819943,-0.002424667133401303,0.09752747717124732
2016-07-14,104.73938751220705,111.9800033569336,112.19000244140624,111.6999969482422,111.95999908447266,20871000,0.0068333295807985195,0.0068100882014826645,0.1050272441467408
2016-07-15,104.5709991455078,111.8000030517578,112.3000030517578,111.5500030517578,112.23999786376952,17999300,-0.0016076890527894072,-0.0016089827716189642,0.10325070394329194
2016-07-18,105.2631607055664,112.54000091552734,112.73999786376952,111.8499984741211,111.87000274658205,20713900,0.0066190584934116,0.0065972487129852524,0.11055318488559007
2016-07-19,104.87967681884766,112.12999725341795,112.4800033569336,111.93000030517578,112.1500015258789,18936700,-0.0036430968265469543,-0.003649749065204976,0.10650733210202179
2016-07-20,106.10497283935548,113.44000244140624,113.6500015258789,112.5999984741211,112.73999786376952,24997900,0.011682873724184084,0.011615155870731477,0.1194345175378535
2016-07-21,105.8617935180664,113.18000030517578,113.73999786376952,112.87000274658205,113.5199966430664,18885400,-0.002291874874302602,-0.0022945052392691055,0.11686891369368135
2016-07-22,106.30138397216795,113.6500015258789,113.77999877929688,112.91000366210938,113.26000213623048,20003400,0.004152493921487643,0.004143896111953403,0.12150670506889294
2016-07-25,106.31073760986328,113.66000366210938,113.69000244140624,113.27999877929688,113.55999755859376,12968100,8.799168313533556e-05,8.798781209426302e-05,0.12160538833151957
2016-07-26,106.4323501586914,113.79000091552734,114.1999969482422,113.22000122070312,113.62000274658205,21223800,0.001143934766725252,0.0011432809719015753,0.12288843172977848
2016-07-27,107.17124938964844,114.58000183105467,114.87999725341795,114.0999984741211,114.75,27646100,0.006942430847907799,0.00691844313291038,0.13068400701697813
2016-07-28,107.5453643798828,114.9800033569336,115.11000061035156,114.4000015258789,114.76000213623048,16939700,0.003490814862801228,0.0034847361110218245,0.13463101555380463
2016-07-29,107.77924346923828,115.2300033569336,115.54000091552734,114.87000274658205,115.23999786376952,22385300,0.0021747017242821354,0.002172340483197701,0.1370984995797535
2016-08-01,108.34976196289062,115.83999633789062,116.12999725341795,115.16999816894533,115.30999755859376,13990100,0.0052933985736796085,0.005279437784459651,0.1431176151555622
2016-08-02,107.52667236328124,114.95999908447266,115.7699966430664,114.22000122070312,115.66999816894533,21278400,-0.007596598134579136,-0.007625599252771825,0.13443381001266697
2016-08-03,107.88211059570312,115.33999633789062,115.3499984741211,114.8000030517578,114.87000274658205,15011300,0.003305581997562701,0.003300130571511814,0.1381837739924714
2016-08-04,108.19076538085938,115.66999816894533,115.77999877929688,115.02999877929688,115.3000030517578,12835300,0.002861037696165969,0.002856952717480376,0.1414401606750284
2016-08-05,109.22901153564452,116.77999877929688,117.04000091552734,116.12999725341795,116.26000213623048,23196600,0.009596439688084768,0.009550686340674484,0.1523939223345041
2016-08-08,109.10741424560548,116.6500015258789,116.87000274658205,116.27999877929688,116.83999633789062,12358200,-0.0011132325407828825,-0.001113852644383535,0.151111039920361
2016-08-09,109.35995483398438,116.91999816894533,117.29000091552734,116.66999816894533,116.73999786376952,13276500,0.0023146052000684314,0.002311930627710005,0.1537754075192168
2016-08-10,109.079345703125,116.62000274658205,117.0199966430664,116.30999755859376,116.98999786376952,14688400,-0.002565922153912381,-0.002569219774328379,0.15081490964042388
2016-08-11,109.54702758789062,117.12000274658205,117.37000274658205,116.77999877929688,117.0199966430664,12969800,0.004287538412986791,0.004278373108556278,0.1557490727717452
2016-08-12,109.621826171875,117.1999969482422,117.20999908447266,116.79000091552734,116.91999816894533,19379000,0.0006827988456772349,0.0006825658446012835,0.15653821690452618
2016-08-15,110.08950805664062,117.6999969482422,117.97000122070312,117.30999755859376,117.3499984741211,11777800,0.004266320869644513,0.004257245924692117,0.16147238003584752
2016-08-16,109.48152160644533,117.0500030517578,117.48999786376952,117.02999877929688,117.4800033569336,14161400,-0.005522655709229718,-0.0055379619523570674,0.15505796796512983
2016-08-17,109.6779556274414,117.26000213623048,117.3000030517578,116.43000030517578,117.08000183105467,15980300,0.0017942207791210585,0.0017926130877671783,0.1571303969723421
2016-08-18,109.70601654052734,117.29000091552734,117.45999908447266,116.9499969482422,117.1500015258789,10036300,0.00025584825068447614,0.0002558155271021822,0.15742644676022133
2016-08-19,109.6779556274414,117.26000213623048,117.5199966430664,116.76000213623048,117.08000183105467,18743000,-0.00025578280910032447,-0.000255815527102294,0.1571303969723421
2016-08-22,109.76215362548828,117.3499984741211,117.5500030517578,116.87000274658205,117.08999633789062,14500600,0.0007676838756265347,0.0007673893570818726,0.15801870732009515
2016-08-23,109.95857238769533,117.55999755859376,118.01000213623048,117.51000213623048,117.80999755859376,11997900,0.0017894944269882807,0.0017878951894363861,0.16009097534319272
2016-08-24,109.24771881103516,116.8000030517578,117.63999938964844,116.41000366210938,117.4800033569336,17728700,-0.006464739958189192,-0.006485726888480639,0.15259128885975692
2016-08-25,109.06999206542967,116.61000061035156,116.97000122070312,116.36000061035156,116.5,24266300,-0.0016268234022616124,-0.001628148116364898,0.15071622637779702
2016-08-26,109.22901153564452,116.77999877929688,117.54000091552734,116.08000183105467,116.6500015258789,23896000,0.0014579580249667323,0.0014568962360692553,0.15239392233450388
2016-08-29,109.37865447998048,116.94000244140624,117.25,116.79000091552734,116.80999755859376,11184900,0.0013699926625001524,0.00136905507877669,0.15397269355241194
2016-08-30,109.02322387695312,116.55999755859376,117.08999633789062,116.16000366210938,116.75,19843300,-0.0032495426526975013,-0.0032548338822502025,0.1502228100646652
2016-08-31,108.91100311279295,116.44000244140624,116.55999755859376,115.9499969482422,116.37999725341795,16169800,-0.0010293289830323182,-0.0010298591059217646,0.1490388523893207
2016-09-01,109.19157409667967,116.73999786376952,116.87999725341795,115.91000366210938,116.4800033569336,20944700,0.0025761491113633905,0.002572836527162301,0.1519989478078254
2016-09-02,109.54702758789062,117.12000274658205,117.55999755859376,116.68000030517578,117.31999969482422,18088200,0.0032553197822409174,0.003250032699787399,0.155749072771745
2016-09-06,110.22980499267578,117.8499984741211,117.8499984741211,117.05999755859376,117.31999969482422,18525200,0.006232733281944736,0.0062133901320513924,0.1629525484831862
2016-09-07,110.2952880859375,117.91999816894533,118.12000274658205,117.47000122070312,117.95999908447266,17546900,0.0005940597759932498,0.0005938833923360234,0.16364341181362896
2016-09-08,109.64993286132812,117.2300033569336,117.5999984741211,116.91999816894533,117.56999969482422,20125300,-0.005851158610751694,-0.005868343707234451,0.15683474964475108
2016-09-09,106.89065551757812,114.27999877929688,116.51000213623048,114.26000213623048,116.25,50813300,-0.025164423467906705,-0.02548646165978479,0.1277236701223008
2016-09-12,108.8080825805664,116.33000183105467,116.48999786376952,113.62999725341795,113.63999938964844,39646000,0.017938210348733108,0.017779219182781685,0.1479530145321999
2016-09-13,107.8353271484375,115.29000091552734,116.08999633789062,114.7300033569336,115.75,45863900,-0.008940102693277718,-0.008980305200423203,0.1376901966952242
2016-09-14,108.34976196289062,115.83999633789062,116.47000122070312,115.37999725341795,115.41000366210938,28221800,0.004770559222628368,0.004759216165824389,0.14311761515556243
2016-09-15,110.0334014892578,117.63999938964844,117.81999969482422,115.86000061035156,115.87000274658205,38521400,0.015538931474014861,0.01541943855014001,0.160880441444204
2016-09-16,109.9808578491211,117.29000091552734,117.41000366210938,116.70999908447266,117.22000122070312,27596500,-0.00047752445553395084,-0.0004776385066463428,0.1603260926434633
2016-09-19,109.5026626586914,116.77999877929688,117.9499969482422,116.5500030517578,117.58999633789062,16222900,-0.004347985638425422,-0.004357465617168772,0.15528101145675932
2016-09-20,109.7089385986328,117.0,117.4800033569336,116.8000030517578,117.1999969482422,18078600,0.0018837527319708336,0.0018819806948307764,0.157457275218285
2016-09-21,110.78729248046876,118.1500015258789,118.31999969482422,116.80999755859376,117.5,31546800,0.009829225363132021,0.00978123275801184,0.16883418362460234
2016-09-22,111.66870880126952,119.08999633789062,119.22000122070312,118.72000122070312,118.83999633789062,22614400,0.007955933402345128,0.007924451830814128,0.17813335054790413
2016-09-23,110.9560775756836,118.33000183105467,119.0,118.16000366210938,119.0,22213400,-0.0063816554631624944,-0.006402105275250866,0.1706149094150462
2016-09-26,110.02774047851562,117.33999633789062,117.8000030517578,117.16999816894533,117.66000366210938,16403900,-0.0083667079573424,-0.008401905319895977,0.16082071633745976
2016-09-27,111.11548614501952,118.5,118.55999755859376,117.1500015258789,117.26000213623048,20238400,0.009886103829572779,0.009837556008752852,0.17229671046669104
2016-09-28,111.30300903320312,118.6999969482422,118.7699966430664,118.08999633789062,118.6500015258789,14794300,0.0016876395423304213,0.0016862170788968219,0.17427512475061846
2016-09-29,110.49661254882812,117.83999633789062,118.72000122070312,117.33000183105467,118.5,27207500,-0.007245055559409352,-0.007271428433604036,0.16576743622976786
2016-09-30,111.32178497314452,118.72000122070312,119.06999969482422,118.02999877929688,118.1500015258789,25543200,0.007467852681472431,0.007440106321165576,0.17447321570438956
2016-10-03,111.16236877441406,118.5500030517578,118.6999969482422,118.08999633789062,118.56999969482422,19216400,-0.0014320305658852561,-0.001433056901602501,0.17279133416068726
2016-10-04,110.99356842041016,118.37000274658205,119.16000366210938,117.91999816894533,118.9000015258789,21239700,-0.0015185026719469752,-0.0015196567656068302,0.17101044738612803
2016-10-05,111.38741302490234,118.79000091552734,119.16999816894533,118.66999816894533,118.72000122070312,14481300,0.0035483551893784604,0.003542074629822632,0.17516560838392703
2016-10-06,111.3311538696289,118.7300033569336,118.9800033569336,118.1500015258789,118.63999938964844,11987100,-0.0005050764152396692,-0.0005052040092972598,0.17457205995113156
2016-10-07,111.08734130859376,118.47000122070312,119.01000213623048,117.88999938964844,118.83999633789062,19984200,-0.002189976053968201,-0.002192377558325317,0.17199977526617838
2016-10-10,111.79061126708984,119.22000122070312,119.4800033569336,119.02999877929688,119.08000183105467,19687300,0.006330783959825226,0.006310828724292641,0.17941945264435222
2016-10-11,110.19654083251952,117.5199966430664,119.13999938964844,117.0,119.12000274658205,27774400,-0.014259430344841562,-0.014362072940048829,0.162601603112019
2016-10-12,110.102783203125,117.41999816894533,117.81999969482422,117.05999755859376,117.62999725341795,14267800,-0.0008508218922862465,-0.0008511840466662644,0.16161243621608423
2016-10-13,109.7089385986328,117.0,117.31999969482422,115.94000244140624,116.62000274658205,22821000,-0.003577063113523793,-0.0035834761014586704,0.15745727521828523
2016-10-14,109.84024047851562,117.13999938964844,118.0500030517578,117.06999969482422,117.58000183105467,21313300,0.001196820255122466,0.0011961046366817834,0.1588425435297054
2016-10-17,109.54016876220705,116.81999969482422,117.3000030517578,116.66999816894533,117.04000091552734,14182700,-0.0027318923829857678,-0.002735630811189871,0.15567671041195674
2016-10-18,110.51535034179688,117.86000061035156,118.41000366210938,117.8000030517578,118.20999908447266,19276700,0.008902502073981466,0.008863108431085344,0.1659651247232512
2016-10-19,110.50598907470705,117.8499984741211,118.0199966430664,117.63999938964844,117.7699966430664,13702900,-8.470558217366086e-05,-8.470916989408795e-05,0.16586636096856733
2016-10-20,110.37469482421876,117.70999908447266,117.97000122070312,117.02999877929688,117.7300033569336,18132200,-0.0011881188665667786,-0.0011888252393459733,0.16448117314920507
2016-10-21,110.78729248046876,118.1500015258789,118.22000122070312,117.41000366210938,117.8000030517578,15707800,0.003738154446606634,0.003731184910674604,0.16883418362460256
2016-10-24,112.1187973022461,119.56999969482422,119.6500015258789,118.88999938964844,118.91000366210938,19143000,0.01201856992770245,0.011946920427850822,0.1828818989943839
2016-10-25,111.76248931884766,119.19000244140624,119.66000366210938,119.01000213623048,119.63999938964844,20341800,-0.0031779504594391383,-0.003183010867996359,0.1791227589200124
2016-10-26,111.00293731689452,118.37999725341795,119.02999877929688,118.02999877929688,118.41999816894533,20463700,-0.00679612637998972,-0.00681932521476217,0.1711092916328698
2016-10-27,110.49661254882812,117.83999633789062,118.98999786376952,117.66999816894533,118.88999938964844,19099800,-0.004561363692754505,-0.004571798455379091,0.16576743622976808
2016-10-28,109.802734375,117.0999984741211,118.11000061035156,116.73999786376952,117.5,35369300,-0.006279632993468454,-0.006299432822698041,0.15844684457450842
2016-10-31,109.6995849609375,116.98999786376952,117.52999877929688,116.93000030517578,117.52999877929688,18749400,-0.0009394066063074247,-0.0009398481252255945,0.15735859195565904
2016-11-01,108.87442016601562,116.11000061035156,117.20999908447266,115.0999984741211,117.19000244140624,23498700,-0.00752204117468358,-0.007550474400065591,0.1486528929730948
2016-11-02,108.00237274169922,115.18000030517578,116.3000030517578,114.88999938964844,116.02999877929688,26960100,-0.008009663086946173,-0.00804191275977496,0.13945257029653435
2016-11-03,106.94278717041016,114.0500030517578,115.37000274658205,113.91999816894533,114.98999786376952,36205200,-0.009810761971157711,-0.00985920459616085,0.1282736723519311
2016-11-04,106.5677261352539,113.6500015258789,114.54000091552734,113.4499969482422,113.7699966430664,26997500,-0.0035071185732105103,-0.003513282930528651,0.12431668279996111
2016-11-07,109.09945678710938,116.3499984741211,116.47000122070312,115.3000030517578,115.48999786376952,26591200,0.023757011092103486,0.023479204603306787,0.1510270867042769
2016-11-08,109.81207275390624,117.11000061035156,117.63999938964844,115.95999908447266,116.2300033569336,20777900,0.006531801236988821,0.006510561462443972,0.15854536685301945
2016-11-09,110.31845092773438,117.6500015258789,117.83999633789062,115.5999984741211,115.73999786376952,70234400,0.004611316052315573,0.0046007165071924195,0.16388778570052454
2016-11-10,108.5368423461914,115.75,118.37999725341795,114.1999969482422,118.22000122070312,72825400,-0.016149688166941734,-0.016281515622502764,0.14509136090014874
2016-11-11,108.58373260498048,115.8000030517578,116.0500030517578,114.83999633789062,115.25,41115200,0.00043202158617727804,0.00043192829172099533,0.14558606508620264
2016-11-14,107.48664855957033,114.62999725341795,115.94000244140624,114.02999877929688,115.83000183105467,35906000,-0.010103576466663489,-0.010154964020436693,0.1340115486784601
2016-11-15,108.97755432128906,116.22000122070312,116.62000274658205,115.33000183105467,115.5,31796600,0.013870613529199938,0.01377529695758738,0.1497409846078286
2016-11-16,109.62457275390624,116.91000366210938,116.98999786376952,115.66999816894533,115.66999816894533,16538100,0.005937171527171881,0.005919615976904633,0.15656719404526465
2016-11-17,110.4215850830078,117.76000213623048,117.77999877929688,116.61000061035156,116.8499984741211,20598600,0.007270380253985298,0.007244078445294305,0.16497587733525854
2016-11-18,110.0090103149414,117.31999969482422,118.0999984741211,117.20999908447266,117.9000015258789,16428700,-0.0037363597683934824,-0.003743357396428199,0.1606231083360341
2016-11-21,111.15299987792967,118.54000091552734,118.6500015258789,117.56999969482422,117.61000061035156,20268500,0.010399053311298534,0.010345355109226483,0.17269248991394548
2016-11-22,111.49054718017578,118.9000015258789,119.19000244140624,118.61000061035156,119.01000213623048,18850600,0.0030367808571680754,0.003032179152073666,0.1762537000186608
2016-11-23,111.04047393798828,118.41999816894533,118.63999938964844,117.9000015258789,118.51000213623048,22926000,-0.0040368735607706485,-0.004045043730217008,0.17150531255629686
2016-11-25,111.39679718017578,118.8000030517578,118.8499984741211,118.41999816894533,118.55999755859376,7162800,0.0032089492196016867,0.0032038115301768837,0.17526461361478352
2016-11-28,111.14360809326172,118.52999877929688,119.08000183105467,118.41000366210938,118.6500015258789,13479000,-0.0022728578677585487,-0.002275444729658326,0.17259340419103086
2016-11-29,111.52806854248048,118.94000244140624,119.51000213623048,118.3000030517578,118.63999938964844,18553000,0.0034591323407113794,0.0034531633036016625,0.17664955995797293
2016-11-30,110.1777801513672,117.5,119.12999725341795,117.45999908447266,119.08999633789062,30405300,-0.012107161979577952,-0.012181050658947534,0.1624036731423626
2016-12-01,108.2742919921875,115.47000122070312,117.47000122070312,115.29000091552734,117.45999908447266,39796600,-0.017276515796239567,-0.017427496266491743,0.14232138772171177
2016-12-02,108.4899444580078,115.6999969482422,116.16000366210938,115.22000122070312,115.54000091552734,32876800,0.0019917236294269003,0.001989742777688943,0.14459657622203692
2016-12-05,109.33389282226562,116.5999984741211,117.05999755859376,115.7699966430664,116.3000030517578,21419700,0.007779046882860907,0.007748946100479246,0.15350044665043017
2016-12-06,109.59640502929688,116.87999725341795,117.08000183105467,116.38999938964844,116.93000030517578,27293300,0.002401013997169077,0.0023981361686123684,0.1562700173685787
2016-12-07,110.98420715332033,118.36000061035156,118.51000213623048,116.29000091552734,116.63999938964844,26622400,0.01266284349064617,0.012583340143485802,0.1709116836314437
2016-12-08,111.18111419677734,118.56999969482422,118.87000274658205,118.18000030517578,118.41000366210938,18578400,0.001774189756430733,0.0017726177408794335,0.17298910314622762
2016-12-09,112.05313873291016,119.5,119.54000091552734,119.0,119.01000213623048,21863100,0.007843279341394505,0.007812680717544799,0.18218918434661524
2016-12-12,111.54680633544922,118.95999908447266,119.20999908447266,118.47000122070312,118.97000122070312,23259300,-0.004518681075662112,-0.004528921174465035,0.17684724845145583
2016-12-13,112.9533462524414,120.45999908447266,121.11000061035156,119.31999969482422,119.31999969482422,54477900,0.012609414497824156,0.012530577861650693,0.19168660320780417
2016-12-14,112.71892547607422,120.20999908447266,121.0,119.86000061035156,120.61000061035156,28746000,-0.0020753769954126033,-0.002077533574575619,0.18921340424576538
2016-12-15,112.8970718383789,120.4000015258789,121.11000061035156,120.08000183105467,120.37000274658205,22762300,0.0015804476626464226,0.0015792000695699685,0.19109289379089334
2016-12-16,112.47856903076172,119.5999984741211,120.58000183105467,119.36000061035156,120.33999633789062,26283900,-0.0037069412058472473,-0.0037138289392829077,0.1866775824629081
2016-12-19,112.93941497802734,120.08999633789062,120.83000183105467,119.5500030517578,119.72000122070312,21138700,0.004097188924403694,0.004088818302087095,0.19153962471061337
2016-12-20,113.3720474243164,120.5500030517578,120.7699966430664,120.33000183105467,120.47000122070312,11461800,0.0038306595299191226,0.003823341237007176,0.19610400732928723
2016-12-21,113.28736114501952,120.45999908447266,120.68000030517578,120.19000244140624,120.5999984741211,7079300,-0.0007469767126982996,-0.0007472558388120835,0.19521054548984718
2016-12-22,112.96761322021484,120.12000274658205,120.5,119.6500015258789,120.47000122070312,16645000,-0.00282245010893456,-0.0028264407319015432,0.1918371233555296
2016-12-23,113.04283905029295,120.1999969482422,120.25,119.80999755859376,119.91999816894533,9007500,0.0006659061649063602,0.0006656845477748152,0.19263077504353632
2016-12-27,113.6259307861328,120.81999969482422,121.5199966430664,120.41000366210938,120.45999908447266,16110600,0.005158148368694215,0.005144890691897161,0.19878254153028174
2016-12-28,112.7419204711914,119.87999725341795,121.19000244140624,119.8000030517578,121.08000183105467,17975200,-0.007780005046605809,-0.007810427178153313,0.1894560073073932
2016-12-29,112.58203887939452,119.70999908447266,120.12999725341795,119.33000183105467,119.8499984741211,13267500,-0.0014181201733010074,-0.0014191266573700793,0.1877692157481765
2016-12-30,111.42528533935548,118.4800033569336,119.9499969482422,118.13999938964844,119.94000244140624,41749000,-0.010274760979219977,-0.010327910716485988,0.17556517095788848
2017-01-03,112.42213439941406,119.54000091552734,119.98999786376952,118.88999938964844,119.2699966430664,22307600,0.008946345140805168,0.008906563684823617,0.18608218271278743
2017-01-04,113.033447265625,120.19000244140624,120.41000366210938,119.66000366210938,119.66999816894533,19749100,0.0054376557559301375,0.005422925081965115,0.1925316893206217
2017-01-05,113.6729736328125,120.87000274658205,120.9499969482422,120.0999984741211,120.0999984741211,20644300,0.00565785068630742,0.0056419051657570825,0.1992788555574878
2017-01-06,114.66983032226562,121.93000030517578,122.25,120.69000244140624,121.0,24074300,0.008769513610800583,0.008731284762679722,0.20979594780444444
2017-01-09,115.04601287841795,122.33000183105467,122.5500030517578,121.9499969482422,122.02999877929688,18909200,0.00328057131588233,0.0032752019815877123,0.21376476968888247
2017-01-10,115.29995727539062,122.5999984741211,122.97000122070312,122.0999984741211,122.37999725341795,16176600,0.0022073289688104847,0.002204896397221685,0.21644394782633825
2017-01-11,115.61029815673828,122.93000030517578,122.93000030517578,122.0199966430664,122.6500015258789,20686000,0.002691595805247582,0.0026879799480889082,0.2197181232536265
2017-01-12,115.43161010742188,122.73999786376952,122.81999969482422,121.5999984741211,122.48999786376952,19622500,-0.0015456066818040348,-0.001546802364006539,0.21783291877240818
2017-01-13,115.8266143798828,123.16000366210938,123.37000274658205,122.8000030517578,122.8000030517578,16930800,0.0034219766326859524,0.003416134993490478,0.22200031456296299
2017-01-17,115.47863006591795,122.79000091552734,123.02999877929688,122.43000030517578,122.83999633789062,14538500,-0.0030043553964509417,-0.0030088775317974664,0.21832899132344097
2017-01-18,115.71375274658205,123.04000091552734,123.16000366210938,122.66000366210938,122.97000122070312,12499700,0.002036070920913069,0.0020340009377943103,0.22080959555477997
2017-01-19,115.65735626220705,122.9800033569336,123.6500015258789,122.72000122070312,123.22000122070312,12710700,-0.0004873792702800861,-0.00048749807816120266,0.2202145982649475
2017-01-20,115.9112319946289,123.25,123.83000183105467,122.91999816894533,123.5199966430664,22091000,0.002195067746891155,0.002192662105405258,0.22289305197388454
2017-01-23,116.00528717041016,123.3499984741211,123.52999877929688,122.56999969482422,123.16999816894533,17434200,0.0008114414294690953,0.000811112388858457,0.22388535806006615
2017-01-24,116.78585815429688,124.18000030517578,124.37000274658205,123.37999725341795,123.58999633789062,17640900,0.006728753515691688,0.006706216494641584,0.23212058096591637
2017-01-25,117.96143341064452,125.43000030517578,125.45999908447266,124.8499984741211,124.95999908447266,15036200,0.010066075421516274,0.010015749922716144,0.24452319966232183
2017-01-26,118.08370971679688,125.55999755859376,125.81999969482422,125.33999633789062,125.5999984741211,16052200,0.0010365786733592675,0.0010360417966641601,0.24581324586959252
2017-01-27,118.3094253540039,125.8000030517578,125.91999816894533,125.38999938964844,125.83000183105467,15053000,0.0019114883648927439,0.0019096637957333408,0.24819460339390154
2017-01-30,117.38776397705078,124.81999969482422,125.37999725341795,124.12999725341795,125.37999725341795,25006700,-0.007790261631271944,-0.007820764238210418,0.23847084086672132
2017-01-31,117.1526336669922,124.56999969482422,124.5999984741211,123.8499984741211,124.37999725341795,19091100,-0.002003022309076008,-0.0020050310410662095,0.23599015614332508
2017-02-01,117.96143341064452,125.43000030517578,125.68000030517578,124.86000061035156,125.4499969482422,22861900,0.006903811876319832,0.006880089686879209,0.24452319966232183
2017-02-02,117.85797882080078,125.31999969482422,125.6999969482422,124.86000061035156,125.20999908447266,15101400,-0.0008770204536561188,-0.0008774052610999681,0.24343172736116836
2017-02-03,118.19654846191406,125.68000030517578,125.80999755859376,125.33000183105467,125.4499969482422,16957200,0.0028726917303414368,0.002868573436626313,0.24700372340160293
2017-02-06,118.33760833740234,125.83000183105467,125.8499984741211,125.3499984741211,125.47000122070312,11630100,0.001193434811116667,0.0011927232338835659,0.2484919410547024
2017-02-07,118.77022552490234,126.29000091552734,126.5500030517578,125.97000122070312,126.08999633789062,17541100,0.0036557878224692253,0.0036491216719158693,0.2530561626892611
2017-02-08,118.9677276611328,126.5,126.68000030517578,125.87999725341795,126.12000274658205,12569100,0.0016628926598194482,0.0016615115846615924,0.2551398605845385
2017-02-09,119.40032958984376,126.95999908447266,127.23999786376952,126.55999755859376,126.62999725341795,17542700,0.003636296474815337,0.0036297011323671124,0.2597039212349823
2017-02-10,119.79532623291016,127.37999725341795,127.55999755859376,127.0199966430664,127.23999786376952,13915700,0.0033081704583501903,0.003302710500792497,0.2638712365334799
2017-02-13,120.47247314453124,128.10000610351562,128.25999450683594,127.72000122070312,127.7699966430664,19120200,0.005652531971944708,0.005636616360599428,0.2710153091064067
2017-02-14,120.87684631347656,128.52999877929688,128.5399932861328,127.73999786376952,128.14999389648438,16333500,0.003356560701299749,0.003350940025343889,0.2752815491437035
2017-02-15,121.5915985107422,129.2899932861328,129.35000610351562,128.3699951171875,128.44000244140625,17891400,0.005913061260814478,0.005895647725227027,0.28282236706857655
2017-02-16,121.5539779663086,129.25,129.6300048828125,128.9199981689453,129.3699951171875,15098300,-0.0003094008541246751,-0.00030944872844409984,0.2824254607325154
2017-02-17,122.08061981201172,129.80999755859375,129.82000732421875,129.0399932861328,129.05999755859375,15563700,0.004332575984054454,0.004323217398178192,0.287981666485025
2017-02-21,122.68252563476562,130.4499969482422,130.52999877929688,129.99000549316406,130.05999755859375,18479600,0.004930396189671837,0.004918281589911518,0.29433192638582995
2017-02-22,122.72956085205078,130.5,130.58999633789062,130.11000061035156,130.3300018310547,12110900,0.0003833897047831325,0.00038331622972938523,0.2948281599209783
2017-02-23,122.26872253417967,130.00999450683594,130.6999969482422,129.49000549316406,130.6999969482422,17489000,-0.0037549088799123664,-0.0037619762473547255,0.28996619816533054
2017-02-24,122.50387573242188,130.25999450683594,130.25999450683594,129.3800048828125,129.4199981689453,18624500,0.0019232489991580781,0.0019214019236798998,0.29244712436489984
2017-02-27,122.65431213378906,130.4199981689453,130.42999267578125,129.8000030517578,130.02000427246094,12008700,0.0012280134033944012,0.001227260011655302,0.29403426675679856
2017-02-28,122.27815246582033,130.02000427246094,130.4499969482422,129.66000366210938,130.38999938964844,16598600,-0.003066827911915815,-0.0030715402657550115,0.29006568634853336
2017-03-01,123.6135482788086,131.44000244140625,131.67999267578125,130.60000610351562,130.85000610351562,25813800,0.010920968186541202,0.010861765060437052,0.30415445266769403
2017-03-02,122.99288940429688,130.77999877929688,131.42999267578125,130.6199951171875,131.41000366210938,19951400,-0.005020961562496651,-0.005033608942436031,0.2976063432892906
2017-03-03,123.2186050415039,131.02000427246094,131.05999755859375,130.33999633789062,130.69000244140625,13722700,0.0018351925733288699,0.0018335106648744825,0.2999877008135996
2017-03-06,122.94587707519533,130.72999572753906,130.9499969482422,130.2100067138672,130.58999633789062,12026200,-0.0022133667737653795,-0.0022158198904360495,0.29711035123031504
2017-03-07,122.73896026611328,130.50999450683594,131.0800018310547,130.27999877929688,130.47000122070312,15500900,-0.0016829910364175582,-0.001684408856841239,0.29492732613594996
2017-03-08,122.9552764892578,130.74000549316406,131.14999389648438,130.4600067138672,130.58999633789062,15776000,0.0017624087956711332,0.0017608575756114277,0.2972095174452869
2017-03-09,123.04930114746094,130.83999633789062,131.02000427246094,130.13999938964844,130.7100067138672,20855300,0.0007647061670537081,0.0007644139282677874,0.298201501563238
2017-03-10,123.56654357910156,131.38999938964844,131.60000610351562,130.82000732421875,131.44000244140625,21922600,0.004203538149483377,0.004194727963668548,0.3036585411007757
2017-03-13,123.77345275878906,131.61000061035156,131.63999938964844,131.27000427246094,131.33999633789062,10731600,0.001674475741526571,0.0016730753700628454,0.3058414857030829
2017-03-14,123.47249603271484,131.2899932861328,131.36000061035156,130.75999450683594,131.30999755859375,14019700,-0.0024315127304457285,-0.0024344736581876926,0.3026663155066516
2017-03-15,124.23429107666016,132.10000610351562,132.41000366210938,131.13999938964844,131.55999755859375,22709100,0.006169754952904505,0.006150799940050555,0.3107034474587307
2017-03-16,124.149658203125,132.00999450683594,132.35000610351562,131.7100067138672,132.35000610351562,18457300,-0.0006812360162535835,-0.0006814681629456166,0.309810549063694
2017-03-17,124.10628509521484,131.69000244140625,132.0399932861328,131.6199951171875,131.89999389648438,21234500,-0.0003493614766074682,-0.00034942251754545235,0.30935295171619703
2017-03-20,124.21940612792967,131.80999755859375,132.11000061035156,131.4600067138672,131.64999389648438,10105200,0.0009114851244482747,0.0009110699741319689,0.3105464074543387
2017-03-21,122.33454132080078,129.80999755859375,132.42999267578125,129.72999572753906,132.30999755859375,35841900,-0.015173674274273408,-0.015289972416257111,0.29066060314630726
2017-03-22,123.16390228271484,130.69000244140625,130.82000732421875,129.67999267578125,129.85000610351562,29177900,0.006779450455772773,0.006756573319601923,0.2994105727605554
2017-03-23,122.85286712646484,130.36000061035156,130.8800048828125,130.13999938964844,130.52000427246094,20311700,-0.002525375946079045,-0.00252857008665064,0.29612907255602505
2017-03-24,123.10733032226562,130.6300048828125,131.2899932861328,130.1300048828125,130.77999877929688,22967600,0.0020712841446250962,0.002069141993114173,0.2988137241533979
2017-03-27,123.30524444580078,130.83999633789062,131.07000732421875,129.39999389648438,129.6999969482422,18472400,0.0016076550682810886,0.0016063641742281856,0.3009017686197861
2017-03-28,124.05915832519533,131.63999938964844,132.02999877929688,130.5500030517578,130.83999633789062,23721900,0.006114207735307797,0.006095591809746112,0.30885575227635687
2017-03-29,124.6340789794922,132.25,132.3000030517578,131.58999633789062,131.72999572753906,13710000,0.004634245968281103,0.004623540910938736,0.3149213117694052
2017-03-30,124.84136199951172,132.47000122070312,132.61000061035156,132.0800018310547,132.1999969482422,16092400,0.0016631327620564296,0.0016617512882684288,0.3171082004825352
2017-03-31,124.7565460205078,132.3800048828125,132.74000549316406,132.1300048828125,132.27999877929688,19841400,-0.0006793900486623539,-0.0006796209386636335,0.3162133702781158
2017-04-03,124.68118286132812,132.3000030517578,132.80999755859375,131.55999755859375,132.49000549316406,23700300,-0.0006040818023872463,-0.000604264333312009,0.3154182697330721
2017-04-04,124.87907409667967,132.50999450683594,132.52999877929688,131.8699951171875,131.9199981689453,13400000,0.0015871780393008628,0.0015859198034236014,0.31750607272328746
2017-04-05,124.37012481689452,131.97000122070312,133.47999572753906,131.72000122070312,132.6999969482422,32011200,-0.004075536942171221,-0.0040838645769448,0.3121365280523687
2017-04-06,124.43611907958984,132.0399932861328,132.38999938964844,131.6999969482422,132.10000610351562,18832200,0.0005306279365120403,0.0005304872032909885,0.3128327843506713
2017-04-07,124.37012481689452,131.97000122070312,132.3699951171875,131.5,132.0,16743100,-0.0005303465198325252,-0.0005304872032909284,0.3121365280523689
2017-04-10,124.41727447509766,132.02000427246094,132.57000732421875,131.66000366210938,132.10000610351562,15619300,0.0003791075893231355,0.0003790357461979368,0.3126339689683817
2017-04-11,123.88011169433594,131.4499969482422,132.10000610351562,130.5,131.89999389648438,33778400,-0.004317429255928817,-0.004326776266692411,0.30696676466843154
2017-04-12,123.38063049316406,130.9199981689453,131.5399932861328,130.77999877929688,131.42999267578125,15955200,-0.004031972480007973,-0.004040122796325348,0.30169711064100335
2017-04-13,122.89054870605467,130.39999389648438,131.50999450683594,130.3800048828125,130.74000549316406,23683000,-0.003972112844216169,-0.0039800226371143645,0.29652662282854725
2017-04-17,123.90838623046876,131.47999572753906,131.5,130.72000122070312,130.77000427246094,13325500,0.008282471964940807,0.008248360515998752,0.30726506823392397
2017-04-18,123.7198486328125,131.27999877929688,131.66000366210938,130.9499969482422,131.0399932861328,12841100,-0.0015215886784739618,-0.0015227474701458871,0.30527594850633477
2017-04-19,123.91780090332033,131.49000549316406,132.2899932861328,131.30999755859375,131.85000610351562,17764800,0.0016000041440022983,0.0015987255010795054,0.3073643954330114
2017-04-20,124.95441436767578,132.58999633789062,132.8800048828125,131.82000732421875,132.02000427246094,21977900,0.0083653313470613,0.008330535878529619,0.318300931792159
2017-04-21,124.92616271972656,132.55999755859375,132.75999450683594,132.22000122070312,132.7100067138672,22454900,-0.00022609563729447668,-0.00022612120076634406,0.31800286970283964
2017-04-24,126.43407440185548,134.16000366210938,134.2899932861328,133.8000030517578,134.02999877929688,22469900,0.012070423434936917,0.011998156818558788,0.333911722428615
2017-04-25,127.34817504882812,135.1300048828125,135.3699951171875,134.47999572753906,134.60000610351562,19384400,0.00722985991946512,0.007203849773470316,0.3435557173267063
2017-04-26,127.16915130615234,134.94000244140625,135.50999450683594,134.86000061035156,135.17999267578125,25398500,-0.0014057817680319662,-0.0014067708062448917,0.3416669711949534
2017-04-27,127.9324951171875,135.75,135.75,135.19000244140625,135.27000427246094,16136500,0.006002586344210581,0.005984642592941049,0.3497204430347265
2017-04-28,128.15863037109375,135.99000549316406,136.33999633789062,135.77000427246094,136.2899932861328,22771900,0.001767613878703056,0.0017660534877994433,0.352106227622204
2017-05-01,129.29898071289062,137.1999969482422,137.3800048828125,136.3800048828125,136.44000244140625,24815500,0.008897959805710398,0.008858606233413287,0.364137214488637
2017-05-02,129.51571655273438,137.42999267578125,137.49000549316406,137.02000427246094,137.3699951171875,18345100,0.0016762378067389783,0.0016748344881248912,0.36642383286114244
2017-05-03,129.10108947753906,136.99000549316406,137.1699981689453,136.6199951171875,137.1199951171875,23827600,-0.0032013649480640005,-0.003206500279805632,0.3620494114984216
2017-05-04,129.14816284179688,137.0399932861328,137.42999267578125,136.55999755859375,136.97000122070312,14630100,0.000364624066677699,0.00036455760747729053,0.3625460474938582
2017-05-05,129.61936950683594,137.5399932861328,137.5399932861328,136.8800048828125,137.38999938964844,19330700,0.00364857427833698,0.0036419343770855758,0.36751739795579397
2017-05-08,129.90206909179688,137.83999633789062,137.83999633789062,137.3300018310547,137.61000061035156,13279900,0.0021809979946401103,0.002178623071022685,0.37049995065837105
2017-05-09,130.3544921875,138.32000732421875,138.6300048828125,137.92999267578125,138.0500030517578,28426100,0.0034828013045997697,0.003476750397470887,0.375273129674478
2017-05-10,130.42987060546875,138.39999389648438,138.4499969482422,137.91000366210938,138.39999389648438,20499400,0.0005782571563419658,0.0005780900300973964,0.3760683912036371
2017-05-11,130.3262176513672,138.2899932861328,138.3300018310547,137.3800048828125,138.02000427246094,27232100,-0.0007947025755710158,-0.000795018519061319,0.3749748261089858
2017-05-12,130.6183319091797,138.60000610351562,138.6300048828125,138.22999572753906,138.35000610351562,19738600,0.0022414082375499245,0.002238900029352702,0.37805670601065033
2017-05-15,131.0330352783203,139.0399932861328,139.1199951171875,138.52999877929688,138.66000366210938,20481300,0.0031749247068089126,0.0031698952759264434,0.38243193229394734
2017-05-16,131.57957458496094,139.6199951171875,139.63999938964844,138.99000549316406,139.39999389648438,21786000,0.004171003941713991,0.004162329417391064,0.38819806133269674
2017-05-17,128.2340850830078,136.07000732421875,138.77000427246094,136.0500030517578,138.50999450683594,55642200,-0.02542559901493635,-0.025754415093494996,0.3529022940719395
2017-05-18,129.3555450439453,137.25999450683594,137.72000122070312,135.8699951171875,136.02000427246094,41319900,0.008745412424563836,0.008707392809339626,0.36473398260373724
2017-05-19,129.90206909179688,137.83999633789062,138.4199981689453,137.66000366210938,137.75,36730100,0.0042249758034407225,0.004216075652978104,0.37049995065837127
2017-05-22,130.99533081054688,139.0,139.07000732421875,138.10000610351562,138.14999389648438,19509700,0.008416045459425536,0.008380828005339347,0.38203414054525253
2017-05-23,131.1272735595703,139.13999938964844,139.4199981689453,138.77999877929688,139.41000366210938,19687500,0.0010072324578824787,0.0010067255396314944,0.3834261701895114
2017-05-24,131.73043823242188,139.77999877929688,139.85000610351562,139.1699981689453,139.55999755859375,15891900,0.00459984148589454,0.004589294545515463,0.3897897112798214
2017-05-25,132.85186767578125,140.97000122070312,141.3300018310547,140.00999450683594,140.30999755859375,23928600,0.00851306242055272,0.008477030654032323,0.4016210778433884
2017-05-26,133.08750915527344,141.22000122070312,141.27999877929688,140.80999755859375,141.0,13851600,0.001773715971139067,0.0017721447945722238,0.40410715553464427
2017-05-30,133.20059204101562,141.33999633789062,141.50999450683594,141.05999755859375,141.14999389648438,20306400,0.0008496881973367731,0.0008493274166733433,0.4053002088124982
2017-05-31,133.1534881591797,141.2899932861328,141.83999633789062,140.57000732421875,141.83999633789062,33229400,-0.00035363117471309824,-0.00035369371696198997,0.4048032508488313
2017-06-01,133.6717529296875,141.83999633789062,141.89999389648438,140.97999572753906,141.5800018310547,20120700,0.0038922357774680005,0.0038846806257366723,0.4102710763220885
2017-06-02,135.19850158691406,143.4600067138672,143.49000549316406,142.11000061035156,142.33999633789062,37222900,0.011421625165861649,0.011356890852866218,0.42637866393809554
2017-06-05,135.17022705078125,143.42999267578125,143.67999267578125,143.22999572753906,143.4499969482422,15727500,-0.00020913350222773186,-0.00020915537368803208,0.42608036037260333
2017-06-06,134.633056640625,142.86000061035156,143.72999572753906,142.64999389648438,143.25999450683594,22393000,-0.003974029058591788,-0.0039819464951143186,0.4204130755805955
2017-06-07,135.16078186035156,143.4199981689453,143.5399932861328,142.60000610351562,143.25999450683594,18842400,0.003919729915478509,0.003912067789955248,0.4259807112052856
2017-06-08,135.30215454101562,143.57000732421875,143.8000030517578,142.7899932861328,143.74000549316406,25417400,0.001045959328721091,0.0010454126944007274,0.42747222903274706
2017-06-09,131.91888427734375,139.97999572753906,143.89999389648438,138.11000061035156,143.74000549316406,109783700,-0.025005294816988766,-0.025323238580562474,0.39177786510271906
2017-06-12,131.21205139160156,139.22999572753906,139.47999572753906,137.47000122070312,138.8000030517578,104454000,-0.005358087203467865,-0.005372493234932531,0.38432059793364237
2017-06-13,132.27699279785156,140.36000061035156,140.55999755859375,139.27999877929688,140.00999450683594,51193000,0.008116185936851927,0.008083426833054456,0.39555600130268576
2017-06-14,131.70213317871094,139.75,140.92999267578125,138.6199951171875,140.92999267578125,60093800,-0.004345877593536884,-0.004355348368746126,0.3894910857460985
2017-06-15,131.11781311035156,139.1300048828125,139.27999877929688,137.49000549316406,138.33999633789062,55145200,-0.004436678846852837,-0.004446550114364194,0.3833263600380781
2017-06-16,130.54891967773438,138.14999389648438,138.77999877929688,137.63999938964844,138.67999267578125,48087400,-0.004338795920416971,-0.004348235810503088,0.3773243892705396
2017-06-19,132.7318572998047,140.4600067138672,140.58999633789062,139.27999877929688,139.49000549316406,39626500,0.016721223181769718,0.016582962657452113,0.40035493777722686
2017-06-20,131.69241333007812,139.36000061035156,140.5,139.30999755859375,140.32000732421875,40935100,-0.007831156670841666,-0.00786198121157698,0.3893885388647067
2017-06-21,132.99647521972656,140.74000549316406,140.80999755859375,139.58999633789062,139.67999267578125,35743400,0.009902331172107148,0.009853624367451722,0.40314672430327514
2017-06-22,132.95867919921875,140.6999969482422,141.22000122070312,140.33999633789062,140.9600067138672,24099100,-0.0002841881369064492,-0.00028422852600727845,0.402747966649889
2017-06-23,133.46896362304688,141.24000549316406,141.4199981689453,140.14999389648438,140.5399932861328,21654300,0.0038379173657669963,0.003830571350514384,0.408131597430889
2017-06-26,132.84532165527344,140.5800018310547,142.2899932861328,140.27000427246094,142.0500030517578,34411100,-0.004672561701571154,-0.004683512242700206,0.4015520156579613
2017-06-27,130.4355010986328,138.02999877929688,140.22000122070312,138.02000427246094,140.0500030517578,65957800,-0.018140048340535286,-0.01830659621627727,0.37612779434215127
2017-06-28,132.3160858154297,140.02000427246094,140.13999938964844,137.74000549316406,138.5399932861328,57427200,0.014417736743118859,0.014314789507663489,0.39596844260586517
2017-06-29,130.019775390625,137.58999633789062,139.44000244140625,136.25,139.44000244140625,88769400,-0.01735473363388229,-0.017507092360264313,0.3717417821231348
2017-06-30,130.0670166015625,137.63999938964844,138.6699981689453,137.19000244140625,137.97999572753906,68898300,0.0003633386597967636,0.00036327266829027196,0.3722401889438387
2017-07-03,128.69680786132812,136.19000244140625,138.42999267578125,136.10000610351562,138.27000427246094,32797000,-0.010534636497673833,-0.010590518592267171,0.35778413736581616
2017-07-05,129.96307373046875,137.52999877929688,137.89999389648438,136.16000366210938,136.6199951171875,42116600,0.00983913968173189,0.009791050526880767,0.3711435651509982
2017-07-06,128.79127502441406,136.2899932861328,137.05999755859375,135.8000030517578,136.47999572753906,48430500,-0.00901639729208692,-0.009057290996997617,0.35878079002310836
2017-07-07,130.180419921875,137.75999450683594,138.1300048828125,136.74000549316406,136.75,36970400,0.010786017121094726,0.010728262958868784,0.3734366228881123
2017-07-10,131.0309295654297,138.66000366210938,138.99000549316406,137.5,137.85000610351562,24853500,0.006533314641826271,0.006512065045040991,0.3824097164860476
2017-07-11,131.39944458007812,139.0500030517578,139.22000122070312,137.94000244140625,138.4600067138672,31517700,0.002812427690703556,0.0028084802155394343,0.3862976438525907
2017-07-12,132.95867919921875,140.6999969482422,140.86000061035156,139.9600067138672,140.24000549316406,36045800,0.011866371460880876,0.011796518135708606,0.40274796664988943
2017-07-13,133.2515411376953,141.00999450683594,141.35000610351562,140.60000610351562,140.8699951171875,31073600,0.002202653788683895,0.0022002315031463054,0.4058377347731994
2017-07-14,134.30050659179688,142.1199951171875,142.3000030517578,141.19000244140625,141.63999938964844,34544800,0.007872069959908412,0.007841246872508936,0.4169045877736133
2017-07-17,134.36668395996094,142.19000244140625,142.69000244140625,141.9199981689453,142.27000427246094,25343200,0.0004927559086966848,0.0004926345443709295,0.4176027758812981
2017-07-18,135.26441955566406,143.13999938964844,143.1699981689453,141.63999938964844,142.08999633789062,25748500,0.00668123651820296,0.006659015976383751,0.4270741153158222
2017-07-19,136.05816650390625,143.97999572753906,144.19000244140625,143.5,143.55999755859375,33752300,0.005868113365285588,0.005850963048679416,0.4354483480051601
2017-07-20,136.2377471923828,144.1699981689453,144.44000244140625,143.52000427246094,144.35000610351562,36139400,0.0013198817321369294,0.0013190114539355464,0.4373429700571183
2017-07-21,136.1810760498047,144.11000061035156,144.11000061035156,143.35000610351562,143.63999938964844,39697100,-0.000415972399324116,-0.00041605893984242586,0.43674507505321203
2017-07-24,136.80471801757812,144.77000427246094,144.8699951171875,143.9199981689453,144.08999633789062,26712700,0.004579505360534419,0.0045690513299033435,0.44332465682613953
2017-07-25,136.45506286621094,144.39999389648438,144.74000549316406,144.00999450683594,144.2899932861328,28120900,-0.0025558705608549337,-0.0025591423740932927,0.43963570582600164
2017-07-26,136.89923095703125,144.8699951171875,144.9499969482422,144.52999877929688,144.75999450683594,18610600,0.003255050281687266,0.003249764073661492,0.44432179243577763
2017-07-27,136.03932189941406,143.9600067138672,145.9600067138672,142.3000030517578,145.82000732421875,80665900,-0.006281328621101534,-0.006301139166993722,0.43524953262287003
2017-07-28,135.9259033203125,143.83999633789062,144.0800018310547,142.8699951171875,143.10000610351562,38013200,-0.0008337190859082355,-0.000834066822955449,0.4340529376944815
2017-07-31,135.34942626953125,143.22999572753906,144.42999267578125,142.9199981689453,144.25,33848600,-0.004241112523069024,-0.004250131550291529,0.4279709578216815
2017-08-01,135.66128540039062,143.55999755859375,143.75999450683594,143.1199951171875,143.72000122070312,20149400,0.0023041038255924295,0.00230145344875441,0.4312611511684332
2017-08-02,136.0298614501953,143.9499969482422,144.52000427246094,142.61000061035156,144.49000549316406,41769700,0.002716884546072773,0.002713200486522157,0.43514972247143713
2017-08-03,135.50067138671875,143.38999938964844,144.1699981689453,143.1300048828125,144.08999633789062,27112800,-0.0038902492278897194,-0.0038978359299170853,0.42956663237168646
2017-08-04,135.74639892578125,143.64999389648438,143.97000122070312,143.05999755859375,143.7100067138672,29472900,0.0018134783875807248,0.0018118360209474296,0.432159120563099
2017-08-07,136.60630798339844,144.55999755859375,144.55999755859375,143.7100067138672,143.91000366210938,17933900,0.006334673069945174,0.006314693360719295,0.4412313803760064
2017-08-08,136.3700714111328,144.30999755859375,145.47000122070312,143.89999389648438,144.27999877929688,30810400,-0.001729324038933333,-0.001730821045871485,0.43873902430425704
2017-08-09,136.1905059814453,144.1199951171875,144.19000244140625,142.7899932861328,143.1199951171875,36169500,-0.0013167510131026905,-0.0013176186914791686,0.43684456323641396
2017-08-10,133.27047729492188,141.02999877929688,143.39999389648438,140.88999938964844,143.3000030517578,63331700,-0.021440765385813743,-0.02167395783702184,0.4060375160601799
2017-08-11,134.28167724609375,142.10000610351562,142.41000366210938,140.89999389648438,141.22000122070312,45862500,0.007587576571322252,0.007558935697521833,0.41670593337543815
2017-08-14,136.0109100341797,143.92999267578125,144.14999389648438,143.19000244140625,143.22999572753906,34161000,0.01287765258484841,0.012795440662259659,0.43494978020034036
2017-08-15,136.10540771484375,144.02999877929688,144.3000030517578,143.63999938964844,144.2899932861328,25509200,0.0006947801513887963,0.0006945389033958251,0.4359467548258633
2017-08-16,136.34164428710938,144.27999877929688,144.9600067138672,143.8000030517578,144.38999938964844,31913000,0.001735688362659138,0.001734183796333595,0.43843911089761267
2017-08-17,133.5540313720703,141.3300018310547,143.94000244140625,141.3300018310547,143.72000122070312,70191000,-0.020445792110067917,-0.020657700719553036,0.40902908387320913
2017-08-18,133.45956420898438,141.22999572753906,142.1999969482422,140.64999389648438,141.41000366210938,60751900,-0.0007073329207319956,-0.0007075831986892228,0.4080324312159167
2017-08-21,133.28939819335938,141.0500030517578,141.52999877929688,140.17999267578125,141.22000122070312,37111500,-0.0012750379984647342,-0.0012758515510273144,0.4062371363630457
2017-08-22,135.3210906982422,143.1999969482422,143.35000610351562,141.75999450683594,141.80999755859375,36294200,0.015242716468233164,0.015127713432195803,0.4276720103197278
2017-08-23,134.8391571044922,142.69000244140625,143.00999450683594,142.3800048828125,142.47999572753906,25702300,-0.003561407843103215,-0.0035677647535373573,0.4225874880247962
2017-08-24,134.4422607421875,142.27000427246094,143.1699981689453,141.47000122070312,143.00999450683594,38160800,-0.002943480001118104,-0.002947820558030798,0.4184001302039544
2017-08-25,134.1588134765625,141.97000122070312,143.17999267578125,141.77999877929688,142.82000732421875,26380400,-0.002108319690997673,-0.0021105453257406616,0.41540968927973165
2017-08-28,134.57460021972656,142.41000366210938,142.74000549316406,141.9499969482422,142.39999389648438,15362100,0.003099213032595083,0.0030944203716493247,0.4197963454352087
2017-08-29,135.1038055419922,142.97000122070312,143.2100067138672,141.05999755859375,141.19000244140625,24498300,0.003932430944632692,0.003924719148857002,0.42537959651907453
2017-08-30,136.6912841796875,144.64999389648438,144.88999938964844,143.0,143.08999633789062,33642700,0.01175006604238038,0.011681570049230266,0.4421279009136352
2017-08-31,138.156005859375,146.1999969482422,146.2100067138672,144.97999572753906,145.05999755859375,38480700,0.01071554553370091,0.010658540937650243,0.45758108810129583
2017-09-01,137.96707153320312,146.0,146.58999633789062,145.61000061035156,146.38999938964844,22293600,-0.00136754334345901,-0.001368479284247507,0.4555877827867112
2017-09-05,136.72909545898438,144.69000244140625,145.8800048828125,143.60000610351562,145.57000732421875,44794300,-0.00897298217945297,-0.00901348183453277,0.4425268195511365
2017-09-06,137.14491271972656,145.1300048828125,145.4600067138672,144.0800018310547,145.05999755859375,30722700,0.003041176125288647,0.0030365611035379947,0.44691379767484407
2017-09-07,137.46621704101562,145.47000122070312,145.83999633789062,144.94000244140625,145.39999389648438,22721100,0.0023428088940178338,0.002340068796110224,0.4503036401889138
2017-09-08,136.2755584716797,144.2100067138672,145.35000610351562,144.05999755859375,145.27999877929688,27890100,-0.008661463121376833,-0.008699191606979165,0.43774188869461894
2017-09-11,137.84417724609375,145.8699951171875,146.1199951171875,145.3000030517578,145.33999633789062,27126300,0.011510639119780564,0.011444895731277507,0.4542912167227744
2017-09-12,138.17494201660156,146.22000122070312,146.41000366210938,145.52999877929688,146.27999877929688,30256700,0.0023995556222682346,0.0023966812858445333,0.4577808693882768
2017-09-13,138.36398315429688,146.4199981689453,146.44000244140625,145.72999572753906,145.97000122070312,28450900,0.0013681289453524315,0.0013671939096826244,0.4597753015916679
2017-09-14,137.55128479003906,145.55999755859375,146.2899932861328,145.47000122070312,145.85000610351562,35296400,-0.005873626544499855,-0.0058909441335550814,0.4512011266312339
2017-09-15,138.0237579345703,146.05999755859375,146.58999633789062,145.2899932861328,145.52999877929688,46422400,0.0034348871786435975,0.003429001427754558,0.4561858387747326
2017-09-18,137.8428192138672,145.5500030517578,146.3699951171875,145.11000061035156,145.91000366210938,24858200,-0.0013109244626486882,-0.001311784475812436,0.4542768891365203
2017-09-19,138.07960510253906,145.8000030517578,146.00999450683594,145.30999755859375,145.80999755859375,20871200,0.0017177963278920405,0.001716322603244466,0.4567750406364173
2017-09-20,137.6534881591797,145.35000610351562,145.91000366210938,144.22999572753906,145.75,34236200,-0.003086023768991364,-0.0030907953596997256,0.45227939823494
2017-09-21,136.8106231689453,144.4600067138672,145.25999450683594,143.9499969482422,145.25,28841800,-0.006123092131597119,-0.006141915136219167,0.44338695767872705
2017-09-22,136.6780548095703,144.32000732421875,144.52999877929688,143.85000610351562,144.0,21702400,-0.0009689917076928234,-0.0009694614836548044,0.44198832768574436
2017-09-25,135.23849487304688,142.8000030517578,143.8300018310547,142.10000610351562,143.75,54947700,-0.010532487739375096,-0.010588346958933818,0.4268006033040723
2017-09-26,135.5888671875,143.1699981689453,143.8000030517578,142.6699981689453,143.52999877929688,29628800,0.002590773542562985,0.002587423274065644,0.43049712055762535
2017-09-27,136.8106231689453,144.4600067138672,145.0,143.57000732421875,143.92999267578125,33249400,0.00901073964837984,0.008970385168523066,0.44338695767872705
2017-09-28,136.7632598876953,144.41000366210938,144.55999755859375,143.77999877929688,144.11000061035156,24149400,-0.00034619593239859636,-0.000346255872044708,0.4428872629851015
2017-09-29,137.74813842773438,145.4499969482422,145.55999755859375,144.32000732421875,144.6999969482422,43102400,0.00720133858207106,0.0071755327602934125,0.4532779827016151
2017-10-02,137.8712921142578,145.5800018310547,146.1699981689453,144.92999267578125,145.6699981689453,27351300,0.0008940497340226283,0.0008936503096116389,0.45457728549551035
2017-10-03,138.1648406982422,145.88999938964844,146.05999755859375,145.4499969482422,145.77000427246094,19715200,0.0021291494370061503,0.0021268860105563047,0.45767429790400516
2017-10-04,138.29745483398438,146.02999877929688,146.33999633789062,145.47000122070312,145.61000061035156,26381100,0.0009598254886844515,0.0009593651507392674,0.45907341084933373
2017-10-05,139.6517791748047,147.4600067138672,147.5399932861328,146.41000366210938,146.55999755859375,31562400,0.00979283633560768,0.009745197275712075,0.4733618779634181
2017-10-06,139.84120178222656,147.66000366210938,147.66000366210938,146.9600067138672,146.9600067138672,23561100,0.0013563923677961665,0.001355473298653501,0.47536033476968953
2017-10-09,139.6800994873047,147.49000549316406,148.00999450683594,147.3000030517578,147.85000610351562,13704800,-0.0011520374029161395,-0.0011527015081033382,0.473660664481256
2017-10-10,139.7843017578125,147.60000610351562,148.13999938964844,146.9499969482422,147.99000549316406,19223100,0.000746006559920076,0.0007457284353395995,0.4747600250040551
2017-10-11,140.20103454589844,148.0399932861328,148.07000732421875,147.33999633789062,147.52999877929688,12439100,0.0029812559983162235,0.0029768208673066265,0.47915666217467545
2017-10-12,139.94529724121094,147.77000427246094,148.35000610351562,147.6199951171875,147.82000732421875,14513500,-0.0018240757317934397,-0.0018257413837561717,0.47645856840368195
2017-10-13,140.48516845703125,148.33999633789062,148.50999450683594,147.77999877929688,148.3699951171875,18409900,0.003857730316509267,0.0038503083567342127,0.4821543473840828
2017-10-16,140.9681396484375,148.85000610351562,148.88999938964844,148.38999938964844,148.7100067138672,21809400,0.003437880288081674,0.0034319842869438397,0.48724981659884903
2017-10-17,141.14804077148438,149.0399932861328,149.05999755859375,148.57000732421875,148.8000030517578,13138200,0.0012761828558958133,0.0012753692267078187,0.48914781931722673
2017-10-18,140.97763061523438,148.86000061035156,149.2100067138672,148.63999938964844,149.19000244140625,17218200,-0.0012073150666390697,-0.0012080444586038454,0.4873499487185122
2017-10-19,140.45675659179688,148.30999755859375,148.3300018310547,147.27000427246094,147.99000549316406,27680300,-0.0036947281718693326,-0.0037015705389918125,0.4818545949615536
2017-10-20,140.83554077148438,148.7100067138672,149.0399932861328,148.52999877929688,148.91000366210938,30173300,0.002696802837248713,0.0026931729890027458,0.48585086463763605
2017-10-23,139.9169158935547,147.74000549316406,149.02999877929688,147.52999877929688,149.02000427246094,29297100,-0.00652267796109951,-0.006544043583049395,0.47615913794938347
2017-10-24,140.15367126464844,147.99000549316406,148.3000030517578,147.44000244140625,148.02999877929688,20289500,0.0016921139919483519,0.0016906839800023604,0.47865696748105013
2017-10-25,139.62330627441406,147.42999267578125,148.17999267578125,146.3300018310547,147.6999969482422,36179100,-0.0037841676600315344,-0.003791345736890772,0.47306148160442807
2017-10-26,139.17820739746094,146.9600067138672,147.7100067138672,146.9199981689453,147.33999633789062,28230200,-0.003187855157063324,-0.0031929471919741187,0.46836557496362397
2017-10-27,143.23155212402344,151.24000549316406,151.52000427246094,149.1999969482422,149.42999267578125,60165100,0.029123415241202766,0.02870738672631829,0.5111293953291771
2017-10-30,143.5535888671875,151.5800018310547,152.19000244140625,150.99000549316406,151.1300048828125,31733400,0.0022483645425082077,0.0022458407531745685,0.5145269650807771
2017-10-31,144.09336853027344,152.14999389648438,152.3699951171875,151.6300048828125,152.07000732421875,26319300,0.003760126565594435,0.0037530749607897155,0.5202217781564864
2017-11-01,144.04600524902344,152.10000610351562,152.8300018310547,151.5,152.75999450683594,29481600,-0.0003286985496494532,-0.00032875258285847337,0.5197220834628609
2017-11-02,143.77139282226562,151.80999755859375,151.99000549316406,150.77000427246094,151.92999267578125,31017400,-0.0019064216760684705,-0.001908241210773326,0.5168248523413472
2017-11-03,145.1540985107422,153.27000427246094,153.2899932861328,151.83999633789062,152.36000061035156,26199200,0.009617390924117286,0.00957143821520668,0.5314127499097305
2017-11-06,145.64651489257812,153.7899932861328,153.85000610351562,153.10000610351562,153.14999389648438,28693900,0.003392369811724638,0.003386628705561135,0.5366078682918145
2017-11-07,145.7318115234375,153.8800048828125,154.0800018310547,153.33999633789062,153.6699981689453,21333100,0.0005856414135434473,0.0005854699925350479,0.537507769495863
2017-11-08,146.3189697265625,154.5,154.5399932861328,153.6199951171875,153.8000030517578,17373500,0.004029032487739004,0.004020937671911435,0.543702438249313
2017-11-09,145.55181884765625,153.69000244140625,153.77000427246094,152.11000061035156,153.22999572753906,40594500,-0.0052430035581844114,-0.005256796332840745,0.5356088008727939
2017-11-10,145.5423583984375,153.67999267578125,153.8000030517578,153.05999755859375,153.3300018310547,20150800,-6.499712125651591e-05,-6.49992336609357e-05,0.535508990721361
2017-11-13,145.7222900390625,153.8699951171875,154.07000732421875,153.10000610351562,153.10000610351562,12522400,0.0012362836675521294,0.001235520098159588,0.5374073154079693
2017-11-14,145.1919403076172,153.30999755859375,153.5,152.57000732421875,153.3300018310547,25173800,-0.0036394550984831797,-0.0036460940281426,0.5318119905154624
2017-11-15,144.51010131835938,152.58999633789062,153.0,151.77999877929688,152.64999389648438,24808000,-0.004696121477632986,-0.004707182900208558,0.524618415327107
2017-11-16,146.3568115234375,154.5399932861328,154.88999938964844,153.3300018310547,153.36000061035156,34790600,0.012779108091619085,0.012698144323393093,0.544101678855045
2017-11-17,145.798095703125,153.9499969482422,154.69000244140625,153.8000030517578,154.5800018310547,28725800,-0.0038174910651358474,-0.0038247962818115217,0.5382070844923545
2017-11-20,145.68447875976562,153.8300018310547,154.1999969482422,153.61000061035156,154.05999755859375,21143900,-0.0007792759076272748,-0.0007795797009335021,0.537008396770468
2017-11-21,147.2659912109375,155.5,155.57000732421875,154.49000549316406,154.55999755859375,20147800,0.010855737444616764,0.010797236923610282,0.5536937563759796
2017-11-22,147.44590759277344,155.69000244140625,155.83999633789062,155.33999633789062,155.63999938964844,17299000,0.0012217103239962057,0.0012209646432138075,0.5555919200784727
2017-11-24,147.98573303222656,156.25999450683594,156.30999755859375,155.75999450683594,155.85000610351562,8280600,0.003661176144298617,0.003654490352523994,0.5612872161065277
2017-11-27,147.91952514648438,156.19000244140625,156.55999755859375,155.8300018310547,156.2100067138672,22653400,-0.00044739370739044215,-0.00044749381781544474,0.5605887060306125
2017-11-28,148.2982940673828,156.58999633789062,156.69000244140625,155.6999969482422,156.5399932861328,25227300,0.0025606418119807905,0.002557368954622506,0.5645848147225796
2017-11-29,145.71282958984375,153.86000061035156,156.4499969482422,153.1199951171875,156.41000366210938,71986300,-0.017434215907866757,-0.017587981661196413,0.5373075052565364
2017-11-30,146.93453979492188,155.14999389648438,155.4499969482422,154.14999389648438,154.50999450683594,56595500,0.008384369506220013,0.008349415920164159,0.5501968594252924
2017-12-01,146.3094940185547,154.49000549316406,155.24000549316406,152.25999450683594,154.1999969482422,59015800,-0.004253906380620731,-0.004262979981677165,0.5436024671137649
2017-12-04,144.62374877929688,152.7100067138672,155.6300048828125,152.55999755859375,155.4600067138672,51319100,-0.0115217761538019,-0.011588666107089361,0.5258174250172238
2017-12-05,144.71841430664062,152.80999755859375,154.5500030517578,152.10000610351562,152.67999267578125,40604200,0.0006545641925532752,0.00065435005884993,0.5268161704680139
2017-12-06,145.3718719482422,153.5,153.74000549316406,152.05999755859375,152.24000549316406,28647800,0.004515373145375756,0.00450520943187597,0.5337103152020706
2017-12-07,145.86441040039062,154.02000427246094,154.4600067138672,153.3300018310547,153.49000549316406,32666200,0.003388127603693558,0.0033824008310760585,0.5389067214570762
2017-12-08,146.5083465576172,154.6999969482422,155.52999877929688,154.4600067138672,155.14999389648438,28081700,0.004414621465640423,0.004404905608357906,0.5457004121032389
2017-12-11,147.64480590820312,155.89999389648438,155.9499969482422,154.75999450683594,154.77000427246094,20821500,0.007756959772520666,0.007727029240380302,0.5576903480202924
2017-12-12,147.44590759277344,155.69000244140625,156.14999389648438,155.36000061035156,155.8300018310547,20310300,-0.0013471406203977576,-0.0013480488300723831,0.5555919200784727
2017-12-13,147.73001098632812,155.99000549316406,156.49000549316406,155.75999450683594,156.32000732421875,24418500,0.001926831325419709,0.0019249773670694116,0.5585892833196497
2017-12-14,147.62588500976562,155.8800048828125,156.66000366210938,155.7100067138672,156.25999450683594,24594700,-0.0007048396995796846,-0.0007050882158636933,0.5574907277174266
2017-12-15,149.30210876464844,157.64999389648438,157.82000732421875,156.22999572753906,156.49000549316406,49816200,0.011354538228657729,0.011290559304727017,0.5751753157260739
2017-12-18,150.55392456054688,158.63999938964844,158.77000427246094,158.07000732421875,158.36000061035156,26844500,0.008384448192032767,0.008349493951728376,0.5883822915541481
2017-12-19,149.66180419921875,157.6999969482422,158.5,157.25999450683594,158.33999633789062,31415000,-0.005925586888100964,-0.005943212841991364,0.5789701942740231
2017-12-20,149.50047302246094,157.52999877929688,158.27999877929688,156.91000366210938,158.25,38972600,-0.0010779716148755503,-0.001078553044157187,0.5772681092238612
2017-12-21,149.51951599121094,157.5500030517578,158.25,157.3699951171875,157.75,18638700,0.00012737731436573974,0.00012736920256446456,0.5774690173996488
2017-12-22,149.34861755371094,157.3699951171875,157.42999267578125,156.9499969482422,157.30999755859375,23330400,-0.0011429841540554486,-0.001143637858607096,0.5756659953092476
2017-12-26,148.54202270507812,156.52000427246094,156.72000122070312,155.9499969482422,156.49000549316406,21918700,-0.005400752024656175,-0.005415388809422148,0.5671562139948993
2017-12-27,148.56094360351562,156.5399932861328,156.9600067138672,156.38999938964844,156.52999877929688,22388200,0.00012737741208135311,0.00012736930026763276,0.5673558342977651
2017-12-28,148.74131774902344,156.72999572753906,157.07000732421875,156.5399932861328,157.0399932861328,25393800,0.001214142432947929,0.0012134059580874966,0.5692588275237145
2017-12-29,147.82066345214844,155.75999450683594,156.89999389648438,155.6999969482422,156.8699951171875,33186000,-0.006189633861039545,-0.006208869058335024,0.5595456899481386
2018-01-02,150.41163635253906,158.49000549316406,158.52999877929688,156.1699981689453,156.55999755859375,32573300,0.01752781268790171,0.01737597229804096,0.5868811146797739
2018-01-03,151.87303161621094,160.02999877929688,160.1699981689453,158.61000061035156,158.63999938964844,29383600,0.009715972109010318,0.00966907557095588,0.6022992073303177
2018-01-04,152.13880920410156,160.30999755859375,160.7899932861328,160.0800018310547,160.5800018310547,24776100,0.001749998568292499,0.0017484691049104938,0.605103228649122
2018-01-05,153.66671752929688,161.9199981689453,162.02999877929688,160.77000427246094,161.07000732421875,26992300,0.01004285713282771,0.009992762757701999,0.6212230510578856
2018-01-08,154.2646026611328,162.5500030517578,162.6300048828125,161.86000061035156,161.9199981689453,23159100,0.003890791327158638,0.0038832417747354806,0.6275308916443312
2018-01-09,154.2741241455078,162.55999755859375,163.0399932861328,162.07000732421875,162.8699951171875,24782400,6.17217703267059e-05,6.171986561661408e-05,0.6276313457322249
2018-01-10,153.9134521484375,162.17999267578125,162.2100067138672,161.1199951171875,161.83999633789062,34004000,-0.0023378644932713355,-0.0023406015652334914,0.6238261642009022
2018-01-11,154.96690368652344,163.2899932861328,163.3000030517578,162.2100067138672,162.4600067138672,20473500,0.00684444097238468,0.0068211241196903935,0.6349403465311891
2018-01-12,156.1057586669922,164.49000549316406,164.66000366210938,162.94000244140625,163.14999389648438,37762700,0.007349020683619534,0.007322148208384622,0.6469555569543308
2018-01-16,155.65966796875,164.02000427246094,166.4199981689453,163.52999877929688,165.5800018310547,41231800,-0.0028576184636071034,-0.002861709250379435,0.6422491863460378
2018-01-17,157.33944702148438,165.7899932861328,166.0399932861328,164.0,164.8000030517578,33849900,0.010791357033291371,0.010733545875332854,0.6599712836535301
2018-01-18,157.3679656982422,165.82000732421875,166.1999969482422,165.13999938964844,165.52999877929688,26432200,0.00018125573273386486,0.00018123930789824084,0.6602721629648658
2018-01-19,157.8614501953125,166.33999633789062,166.61000061035156,165.5399932861328,166.30999755859375,38937600,0.0031358637374558906,0.0031309571716377797,0.6654785502350147
2018-01-22,159.55072021484375,168.1199951171875,168.1199951171875,166.08999633789062,166.27999877929688,26081400,0.010700966052454408,0.010644115923148591,0.6833007796621706
2018-01-23,160.86985778808594,169.50999450683594,169.66000366210938,168.55999755859375,168.63999938964844,37989700,0.0082678258767237,0.008233834631637682,0.6972180174065707
2018-01-24,159.825927734375,168.41000366210938,170.24000549316406,167.44000244140625,169.8699951171875,54287400,-0.006489283126526413,-0.006510430059543213,0.6862042891641777
2018-01-25,159.76901245117188,168.35000610351562,169.6300048828125,167.80999755859375,169.57000732421875,28925000,-0.00035610794825302605,-0.0003561713697454758,0.685603818414428
2018-01-26,162.21751403808594,170.92999267578125,170.9499969482422,168.9600067138672,169.2899932861328,32038200,0.015325259569106686,0.015209013937170841,0.7114361344623064
2018-01-29,161.42977905273438,170.10000610351562,170.91000366210938,169.74000549316406,170.57000732421875,37277800,-0.004856041531783206,-0.0048678704113528926,0.7031253295143629
2018-01-30,160.10113525390625,168.6999969482422,169.4199981689453,167.82000732421875,168.5500030517578,44987700,-0.00823047523588627,-0.008264532598110996,0.6891077986661842
2018-01-31,160.76544189453125,169.39999389648438,169.99000549316406,168.33999633789062,169.64999389648438,42449200,0.004149293754672545,0.004140709173780327,0.6961164031061584
2018-02-01,159.39886474609375,167.9600067138672,169.72999572753906,167.4199981689453,168.10000610351562,38037900,-0.008500440967493694,-0.008536775770235707,0.6816986657475568
2018-02-02,156.21961975097656,164.61000061035156,167.6999969482422,164.47000122070312,167.3000030517578,68478100,-0.019945217302403062,-0.020146808168072405,0.6481568204220605
2018-02-05,150.0604248046875,158.1199951171875,165.75,158.0,163.07000732421875,105372200,-0.03942651349495785,-0.04022479110563303,0.5831757432998832
2018-02-06,154.036865234375,162.30999755859375,162.50999450683594,155.10000610351562,155.80999755859375,118537900,0.02649892824749145,0.026153913392030898,0.6251282037247556
2018-02-07,152.04393005371094,160.2100067138672,163.5500030517578,160.1999969482422,161.7899932861328,91028300,-0.012938040368659198,-0.013022465803324073,0.6041022294207181
2018-02-08,145.62841796875,153.4499969482422,160.8000030517578,153.4499969482422,160.6199951171875,94184800,-0.04219512138823689,-0.0431111975266053,0.5364169411311694
2018-02-09,148.1433563232422,156.10000610351562,157.24000549316406,150.1300048828125,155.6199951171875,113836600,0.017269557614997044,0.017122133681910914,0.5629501820166918
2018-02-12,150.77220153808594,158.8699951171875,159.9499969482422,156.4600067138672,157.6999969482422,63050600,0.017745279168022376,0.0175896698915663,0.5906851693222894
2018-02-13,151.55038452148438,159.69000244140625,160.00999450683594,157.72000122070312,157.9600067138672,31785600,0.00516131604805059,0.005148042110776047,0.5988951982141086
2018-02-14,154.3880157470703,162.67999267578125,162.92999267578125,158.0,158.75,52107400,0.018724012047515837,0.018550875600948622,0.6288329311681848
2018-02-15,157.2540740966797,165.6999969482422,165.6999969482422,162.44000244140625,164.13999938964844,51633900,0.0185639949819989,0.01839378729012181,0.6590705775289056
2018-02-16,156.55181884765625,164.9600067138672,166.75999450683594,164.67999267578125,165.16000366210938,62256300,-0.004465736439945522,-0.004475737627138896,0.6516616055943933
2018-02-20,156.86492919921875,165.2899932861328,166.67999267578125,164.30999755859375,164.3800048828125,36785600,0.002000042885909936,0.001998045462981458,0.6549649996385929
2018-02-21,156.41891479492188,164.82000732421875,167.72000122070312,164.72000122070312,166.10000610351562,41161800,-0.002843302238261569,-0.002847352100547306,0.6502594339508758
2018-02-22,156.3999481201172,164.8000030517578,166.4199981689453,164.3800048828125,165.5399932861328,37074400,-0.00012125563477760615,-0.00012126298683641385,0.6500593306956644
2018-02-23,159.59812927246094,168.1699981689453,168.1699981689453,165.4499969482422,166.1300048828125,50096900,0.02044873537865577,0.020242467198167573,0.6838009573081418
2018-02-26,161.71450805664062,170.39999389648438,170.39999389648438,168.82000732421875,168.9600067138672,39266700,0.013260674130876948,0.013173521018907347,0.7061292931042638
2018-02-27,159.71205139160156,168.2899932861328,170.72999572753906,168.2100067138672,170.4499969482422,42209900,-0.012382665532629233,-0.01245996955157001,0.6850028647123325
2018-02-28,158.6871337890625,167.2100067138672,169.8000030517578,167.10000610351562,169.25,42936300,-0.006417284065972195,-0.006437963350734256,0.6741897226774967
2018-03-01,156.0962371826172,164.47999572753906,168.07000732421875,163.0,167.3000030517578,76809900,-0.01632707419045898,-0.0164618296544838,0.6468551028664373
2018-03-02,157.5292510986328,165.99000549316406,166.27999877929688,161.9600067138672,162.5,57445100,0.00918032325365492,0.009138440224153282,0.6619737650626822
2018-03-05,159.27552795410156,167.8300018310547,168.25999450683594,164.58999633789062,165.2100067138672,38540200,0.011085413301275437,0.011024420447286812,0.6803974311442789
2018-03-06,159.9492645263672,168.5399932861328,169.11000061035156,167.47999572753906,168.64999389648438,29480900,0.004230006837332656,0.004221085507752473,0.6875055237674554
2018-03-07,160.31944274902344,168.92999267578125,169.07000732421875,166.9600067138672,167.25,34609400,0.0023143477636637932,0.0023116737857600198,0.6914109984025569
2018-03-08,161.20199584960938,169.86000061035156,169.97999572753906,168.9499969482422,169.6300048828125,25828400,0.005504966119222132,0.005489869173342886,0.7007221586424426
2018-03-09,164.33383178710938,173.16000366210938,173.16000366210938,170.82000732421875,171.07000732421875,38310500,0.019428022097330633,0.019241707360326335,0.7337638263219679
2018-03-12,165.2069091796875,174.0800018310547,174.47999572753906,173.27999877929688,173.6699981689453,37635000,0.005312828059100827,0.005298764776651814,0.7429750154263053
2018-03-13,162.95774841308594,171.7100067138672,175.2100067138672,171.27000427246094,174.47999572753906,55638900,-0.013614205227671539,-0.013707728318091163,0.7192457958595877
2018-03-14,162.9292449951172,171.67999267578125,172.74000549316406,170.92999267578125,172.61000061035156,40536400,-0.00017491293446503242,-0.0001749282335163813,0.7189450775323671
2018-03-15,162.78689575195312,171.52999877929688,172.52999877929688,170.89999389648438,171.8000030517578,28810400,-0.0008736874903478853,-0.0008740693777129586,0.7174432567215321
2018-03-16,162.30294799804688,171.02000427246094,172.1999969482422,170.94000244140625,171.82000732421875,31176700,-0.0029728913477388152,-0.0029773191670161583,0.7123374845233923
2018-03-19,158.83998107910156,167.10000610351562,169.22000122070312,165.63999938964844,169.10000610351562,71395100,-0.02133643881186298,-0.021567351093759582,0.6758023005595997
2018-03-20,159.36280822753906,167.64999389648438,168.0399932861328,166.61000061035156,167.1699981689453,34075700,0.0032915336862016087,0.0032861284469682087,0.6813182602833057
2018-03-21,158.66885375976562,166.9199981689453,168.75999450683594,166.19000244140625,167.2100067138672,43863500,-0.004354557223807287,-0.004364065922269683,0.6739968637074698
2018-03-22,154.7525177001953,162.8000030517578,165.77000427246094,162.58999633789062,164.61000061035156,66607300,-0.02468245006357639,-0.02499216876800936,0.6326785197124267
2018-03-23,150.67459106445312,158.50999450683594,163.3000030517578,158.42999267578125,162.61000061035156,80110400,-0.026351278133273537,-0.026704695558950185,0.5896553539372633
2018-03-26,156.2733917236328,164.39999389648438,164.60000610351562,159.16000366210938,161.72000122070312,57481500,0.037158227008459166,0.03648449910122858,0.6487241284440766
2018-03-27,151.21640014648438,159.0800018310547,165.6199951171875,157.67999267578125,165.6199951171875,78889100,-0.03235990158895152,-0.03289506000214514,0.5953715779002964
2018-03-28,149.47691345214844,157.25,159.77999877929688,156.0399932861328,158.1699981689453,89369700,-0.011503293906288459,-0.011569968603915114,0.5770195497499702
2018-03-29,152.21450805664062,160.1300048828125,161.7100067138672,156.6300048828125,158.10000610351562,68692600,0.018314497812858432,0.018148807364936455,0.605901870844701
2018-04-02,147.82289123535156,155.50999450683594,159.74000549316406,153.8800048828125,158.99000549316406,85549400,-0.02885149961956912,-0.029275886874027594,0.5595691936289597
2018-04-03,149.4864044189453,157.25999450683594,157.9199981689453,154.44000244140625,156.8699951171875,64090000,0.011253420696157646,0.011190572026284705,0.5771196818696338
2018-04-04,151.84376525878906,159.74000549316406,160.22999572753906,154.0399932861328,154.22000122070312,65768700,0.015769734037063943,0.015646683742326733,0.6019904397973368
2018-04-05,152.7087860107422,160.64999389648438,161.5800018310547,159.47999572753906,161.3300018310547,43054900,0.005696781494313408,0.005680616198996053,0.6111166292888413
2018-04-06,148.88754272460938,156.6300048828125,160.4600067138672,155.8800048828125,158.8800048828125,59870900,-0.02502307421829686,-0.02534147412925073,0.5708015382998144
2018-04-09,149.9331512451172,157.72999572753906,160.8800048828125,157.4600067138672,157.97999572753906,41810400,0.00702280729047855,0.006998262229180106,0.5818329747948812
2018-04-10,153.24111938476562,161.2100067138672,161.72999572753906,159.07000732421875,160.2100067138672,48296800,0.02206295347077991,0.021823088192418648,0.616732882116326
2018-04-11,152.3571319580078,160.27999877929688,162.0,160.10000610351562,160.1999969482422,41622100,-0.005768604603691552,-0.005785307268247273,0.6074065893696103
2018-04-12,154.19171142578125,162.2100067138672,162.77000427246094,161.16000366210938,161.25,30467900,0.012041310073223732,0.0119693902626091,0.6267618705259528
2018-04-13,153.39321899414062,161.3699951171875,163.25999450683594,160.6699981689453,163.02000427246094,44604900,-0.005178569095946273,-0.005192024357657416,0.6183375717767834
2018-04-16,154.56240844726562,162.60000610351562,163.19000244140625,161.47999572753906,162.5,28180800,0.007622171702190261,0.007593269722455016,0.6306728186209718
2018-04-17,157.889404296875,166.10000610351562,166.4600067138672,163.91000366210938,164.24000549316406,35536100,0.021525258845487727,0.021296862180290043,0.6657734731340892
2018-04-18,158.21261596679688,166.44000244140625,167.0,165.30999755859375,166.10000610351562,29573900,0.0020470763783120294,0.0020449839725190946,0.6691834386625608
2018-04-19,156.75819396972656,164.91000366210938,165.99000549316406,164.33999633789062,165.60000610351562,34705700,-0.009192831988667383,-0.009235346823731101,0.6538389157526698
2018-04-20,154.2772216796875,162.3000030517578,164.61000061035156,161.72999572753906,164.49000549316406,49197100,-0.015826747088692472,-0.015953327396575897,0.6276640255076149
2018-04-23,153.88751220703125,161.88999938964844,163.72999572753906,161.02000427246094,163.08999633789062,33040600,-0.0025260337748715944,-0.002529229581131606,0.6235524912050392
2018-04-24,150.6270294189453,158.4600067138672,162.91000366210938,157.38999938964844,162.66000366210938,70256800,-0.02118744231630354,-0.02141511782316105,0.5891535664501415
2018-04-25,150.80767822265625,158.64999389648438,159.30999755859375,156.47000122070312,158.74000549316406,52089300,0.0011993119987017131,0.0011985933985597277,0.5910594573901649
2018-04-26,153.98260498046875,161.99000549316406,162.52999877929688,160.17999267578125,160.6999969482422,43005500,0.02105281902904821,0.020834270487975443,0.6245557442110556
2018-04-27,154.07757568359375,162.08999633789062,164.41000366210938,161.1699981689453,164.3699951171875,51043400,0.0006167625436459545,0.0006165724237968502,0.62555770934415
2018-04-30,152.98446655273438,160.94000244140625,163.47999572753906,160.5399932861328,162.47000122070312,35615300,-0.0070945374497852765,-0.007119823346064949,0.6140251292984207
2018-05-01,154.73350524902344,162.77999877929688,162.8000030517578,160.13999938964844,160.52000427246094,36513500,0.011432786188695587,0.011367925777348577,0.6324779335048714
2018-05-02,153.82098388671875,161.82000732421875,163.57000732421875,161.6300048828125,163.05999755859375,38646800,-0.005897374074452122,-0.005914832257066799,0.6228506004627046
2018-05-03,153.8019256591797,161.8000030517578,162.39999389648438,159.22000122070312,161.0,60337100,-0.00012389874942608792,-0.0001239064255101873,0.6226495313028018
2018-05-04,156.72018432617188,164.8699951171875,165.25,160.97999572753906,161.10000610351562,41543200,0.018974136081097992,0.018796372251243056,0.6534379043216709
2018-05-07,158.02244567871094,166.24000549316406,166.77999877929688,165.50999450683594,165.63999938964844,32500200,0.008309467974008777,0.008275134409650633,0.667177093634644
2018-05-08,157.8608856201172,166.07000732421875,166.42999267578125,164.86000061035156,165.88999938964844,26040200,-0.0010223867748651028,-0.0010229097687222014,0.6654725938227539
2018-05-09,159.58143615722656,167.8800048828125,168.0,165.77999877929688,166.3699951171875,29122700,0.010899156750265426,0.010840189020108238,0.6836248406860992
2018-05-10,161.2354278564453,169.6199951171875,169.74000549316406,168.2899932861328,168.4199981689453,27067600,0.010364562063404303,0.010311218263496326,0.7010748748388795
2018-05-11,161.08334350585938,169.4600067138672,169.86000061035156,168.72000122070312,169.4199981689453,24688800,-0.0009432440041734491,-0.0009436891387348377,0.6994703461625376
2018-05-14,161.35897827148438,169.75,170.82000732421875,169.47000122070312,169.85000610351562,21821700,0.0017111313909061732,0.0017096690734948671,0.7023783632197704
2018-05-15,159.5719451904297,167.8699951171875,168.5,166.97999572753906,168.41000366210938,49361600,-0.01107489090596514,-0.011136674095140662,0.683524708566436
2018-05-16,160.62705993652344,168.97999572753906,169.3699951171875,168.00999450683594,168.08999633789062,22941200,0.006612156947981118,0.006590392525402252,0.6946564381652813
2018-05-17,160.0091552734375,168.3300018310547,169.61000061035156,167.50999450683594,168.38999938964844,27480200,-0.0038468279462384736,-0.0038542460190066005,0.6881373864196743
2018-05-18,159.1821746826172,167.4600067138672,168.25999450683594,167.2100067138672,167.67999267578125,26217900,-0.005168332958242927,-0.005181734988406059,0.6794125303273995
2018-05-21,160.0757293701172,168.39999389648438,169.5,167.67999267578125,168.75999450683594,22954600,0.005613409222996246,0.00559771275451524,0.6888397601143548
2018-05-22,159.86654663085938,168.17999267578125,169.4499969482422,167.8800048828125,169.1699981689453,19477700,-0.001306773613219958,-0.001307628186428338,0.6866328288788806
2018-05-23,161.21640014648438,169.60000610351562,169.6199951171875,166.8800048828125,166.89999389648438,26557800,0.008443627163235545,0.008408179143533173,0.700874127647207
2018-05-24,161.1688690185547,169.5500030517578,169.85000610351562,167.83999633789062,169.5500030517578,27696500,-0.00029482811851955226,-0.0002948715888736856,0.7003726621283142
2018-05-25,161.33047485351562,169.72000122070312,170.3300018310547,169.2100067138672,169.52999877929688,27460500,0.0010027112304320518,0.001002208851325636,0.7020776448925499
2018-05-29,160.6175079345703,168.97000122070312,169.9199981689453,167.9600067138672,168.9499969482422,41220500,-0.004419294740145463,-0.004429088688694115,0.6945556621091571
2018-05-30,161.7677001953125,170.17999267578125,170.47999572753906,169.22000122070312,169.5800018310547,22665800,0.00716106404297312,0.007135545378627807,0.7066904837299035
2018-05-31,161.66314697265625,170.07000732421875,171.1999969482422,169.6300048828125,170.17999267578125,35670900,-0.0006463170492627679,-0.000646526002164918,0.7055874205724544
2018-06-01,164.201171875,172.74000549316406,172.83999633789062,170.8699951171875,170.9199981689453,45543300,0.015699464905090776,0.015577503139403703,0.7323642304242959
2018-06-04,165.68405151367188,174.3000030517578,174.33999633789062,173.07000732421875,173.17999267578125,20459600,0.009030871227890813,0.00899033676853284,0.748008988709062
2018-06-05,166.19737243652344,174.83999633789062,175.1300048828125,174.07000732421875,174.7100067138672,24779300,0.003098191516696547,0.003093402011346176,0.7534246553289896
2018-06-06,167.1669464111328,175.86000061035156,175.88999938964844,174.13999938964844,175.02000427246094,25036600,0.005833870658693341,0.005816919530437158,0.763653907977943
2018-06-07,165.80760192871094,174.42999267578125,175.92999267578125,173.5500030517578,175.88999938964844,39600300,-0.00813165827099982,-0.008164900536596773,0.7493124770899531
2018-06-08,165.817138671875,174.44000244140625,174.8800048828125,173.17999267578125,173.61000061035156,31780300,5.7516923549494336e-05,5.751526951467006e-05,0.749413092161962
2018-06-11,166.263916015625,174.91000366210938,175.33999633789062,174.27999877929688,174.30999755859375,22319700,0.00269439786097192,0.0026907744781526364,0.7541267070554394
2018-06-12,167.138427734375,175.8300018310547,176.0,174.9600067138672,175.14999389648438,22511800,0.005259780592848706,0.005245996260820896,0.7633530286666073
2018-06-13,167.12893676757812,175.82000732421875,177.13999938964844,175.42999267578125,176.10000610351562,37858600,-5.6785066878561885e-05,-5.678667921151e-05,0.7632528965469438
2018-06-14,168.82095336914062,177.60000610351562,177.88999938964844,176.5,176.6300048828125,35916000,0.010124019420500119,0.010073114820353923,0.7811041031148382
2018-06-15,168.23158264160156,176.97999572753906,177.3300018310547,176.11000061035156,176.92999267578125,49615700,-0.003491099391260688,-0.003497207498891248,0.774886091664682
2018-06-18,168.1343994140625,176.5,176.64999389648438,174.94000244140625,175.49000549316406,31633200,-0.000577675285538426,-0.0005778422041924699,0.7738607838348814
2018-06-19,167.65809631347656,176.0,176.0399932861328,173.7100067138672,174.27000427246094,38236000,-0.002832871216394861,-0.002836891390277528,0.768835664678464
2018-06-20,168.84889221191406,177.25,177.97999572753906,176.64999389648438,176.80999755859375,33038000,0.007102525464747211,0.00707742132917637,0.7813988650297958
2018-06-21,167.3818359375,175.7100067138672,177.8800048828125,175.3699951171875,177.6999969482422,43469400,-0.008688575063748871,-0.008726540804160608,0.7659210472725073
2018-06-22,167.0103759765625,175.32000732421875,176.3699951171875,174.69000244140625,176.3000030517578,30073200,-0.0022192369850465576,-0.00222170314077603,0.7620020499717279
2018-06-25,163.24755859375,171.3699951171875,173.99000549316406,169.80999755859375,173.72999572753906,77799700,-0.022530440763396387,-0.022788129053450918,0.7223033671598569
2018-06-26,163.91441345214844,172.07000732421875,173.05999755859375,171.3699951171875,172.0,39008100,0.004084930054347291,0.0040766093794593105,0.7293388559470717
2018-06-27,161.68528747558594,169.72999572753906,173.5800018310547,169.61000061035156,172.8000030517578,52843500,-0.013599328635082175,-0.013692646510865696,0.7058210085236305
2018-06-28,163.07611083984375,171.19000244140625,171.77000427246094,169.1699981689453,169.52000427246094,46407700,0.00860204033386669,0.008565253595053567,0.720494549641308
2018-06-29,163.5143280029297,171.64999389648438,172.9199981689453,171.39999389648438,172.00999450683594,36408500,0.002687194101141488,0.0026835900501521633,0.7251178524461501
2018-07-02,164.60980224609375,172.8000030517578,172.85000610351562,169.6699981689453,170.0399932861328,31770000,0.006699561173284074,0.006677218847000805,0.7366753850297376
2018-07-03,162.70460510253906,170.8000030517578,173.4499969482422,170.6300048828125,173.4499969482422,25512700,-0.011574020000986285,-0.011641520309225136,0.7165750693881829
2018-07-05,164.72413635253906,172.9199981689453,173.05999755859375,171.02999877929688,171.91000366210938,31626200,0.012412256240241337,0.012335855739853421,0.7378816390050391
2018-07-06,167.28662109375,175.61000061035156,175.74000549316406,173.0,173.32000732421875,37005600,0.015556219009257743,0.015436461421017515,0.7649165063935692
2018-07-09,168.79171752929688,177.19000244140625,177.22999572753906,175.82000732421875,176.52000427246094,27362100,0.008997111817468095,0.008956878946629972,0.7807956575500874
2018-07-10,168.91554260253906,177.32000732421875,177.72000122070312,176.7100067138672,177.52000427246094,23902500,0.0007335968556674288,0.000733327905020301,0.7821020436450523
2018-07-11,168.0581817626953,176.4199981689453,177.07000732421875,175.8000030517578,175.92999267578125,30280600,-0.0050756776234685,-0.005088602629127686,0.7730566681793856
2018-07-12,170.9541015625,179.4600067138672,179.4600067138672,177.0800018310547,177.1999969482422,27930100,0.017231650190609793,0.017084869094162132,0.8036093604535808
2018-07-13,171.0970458984375,179.61000061035156,179.89999389648438,178.9499969482422,179.4499969482422,28049800,0.0008361562234016073,0.0008358068395327402,0.8051174596449093
2018-07-16,170.68739318847656,179.17999267578125,179.9499969482422,178.8800048828125,179.64999389648438,21405300,-0.002394271086387456,-0.00239714193671643,0.8007955191037484
2018-07-17,171.72572326660156,180.2700042724609,180.6499938964844,177.27999877929688,177.27999877929688,31034100,0.006083226527330288,0.006064798402049207,0.8117501661758577
2018-07-18,171.40182495117188,179.92999267578125,180.44000244140625,179.3800048828125,180.2899932861328,23220800,-0.0018861374363049466,-0.0018879184333417357,0.8083329563622017
2018-07-19,170.54449462890625,179.02999877929688,179.8800048828125,178.82000732421875,179.27999877929688,31094100,-0.005001873944515234,-0.005014425186639652,0.7992879028647655
2018-07-20,170.50637817382812,178.99000549316406,180.1699981689453,178.7899932861328,179.57000732421875,35897300,-0.00022349859584192,-0.00022352357537508804,0.7988857645449599
2018-07-23,171.04934692382812,179.55999755859375,179.63999938964844,177.74000549316406,178.4600067138672,22184700,0.003184448322786304,0.003179388705773044,0.8046142233007492
2018-07-24,171.75428771972656,180.3000030517578,182.0500030517578,179.55999755859375,181.41000366210935,36900300,0.004121271484376798,0.004112802306266955,0.8120515284395393
2018-07-25,174.15484619140625,182.82000732421875,182.92999267578125,180.2899932861328,180.3800048828125,35026600,0.013976701854436335,0.013879928430113321,0.8373780323974145
2018-07-26,171.5161895751953,180.0500030517578,180.9199981689453,179.80999755859375,180.33999633789065,40873500,-0.015151209822268696,-0.015267162104217014,0.8095395323057339
2018-07-27,169.20132446289062,177.6199951171875,181.30999755859372,176.60000610351562,181.19000244140625,59456100,-0.013496481690959072,-0.013588387069627183,0.7851171151389029
2018-07-30,166.810302734375,175.11000061035156,177.72999572753906,174.27000427246094,177.6300048828125,60193000,-0.01413122347656337,-0.01423201992654756,0.7598912262530371
2018-07-31,168.08680725097656,176.4499969482422,177.1300048828125,174.82000732421875,175.8000030517578,47285100,0.007652432108070872,0.007623300772144892,0.773358674379528
2018-08-01,168.72506713867188,177.1199951171875,177.64999389648438,176.10000610351562,176.86000061035156,37101900,0.0037972039455915763,0.003790012765192956,0.7800924789348309
2018-08-02,171.0207977294922,179.52999877929688,179.74000549316406,175.7899932861328,175.8699951171875,47178200,0.013606339767721076,0.013514604708981741,0.8043130220211832
2018-08-03,171.54473876953125,180.0800018310547,180.08999633789062,179.0800018310547,179.8699951171875,28934400,0.0030636100813177247,0.0030589267906987673,0.8098407335853002
2018-08-06,172.5545196533203,181.13999938964844,181.19000244140625,179.74000549316406,179.9600067138672,24808800,0.00588639961232329,0.00586914245070908,0.8204941793778435
2018-08-07,173.18321228027344,181.8000030517578,182.13999938964844,181.25999450683597,181.6499938964844,29895700,0.0036434434068504107,0.003636822144842957,0.8271270468929073
2018-08-08,173.39280700683594,182.0200042724609,182.3500061035156,181.05999755859372,181.5500030517578,22680700,0.0012102485212208691,0.0012095167608277596,0.8293383246994921
2018-08-09,173.2880096435547,181.91000366210935,182.6300048828125,181.63999938964844,181.91000366210935,18852900,-0.0006043927951239203,-0.0006045755140757071,0.8282326857961997
2018-08-10,171.9638671875,180.5200042724609,181.22000122070312,179.83999633789062,180.67999267578125,33818500,-0.007641281464184302,-0.0076706256356853415,0.8142626452620092
2018-08-13,171.7733612060547,180.32000732421875,182.00999450683597,180.2400054931641,180.8500061035156,26089200,-0.0011078256412877518,-0.001108439733693603,0.8122527585835575
2018-08-14,172.84988403320312,181.4499969482422,181.66000366210935,180.0399932861328,181.00999450683597,20913000,0.006267111614920662,0.0062475549376452355,0.8236103488960484
2018-08-15,170.73500061035156,179.22999572753906,180.5800018310547,178.1199951171875,180.00999450683594,58528000,-0.012235376579398327,-0.012310845021080385,0.8012977895432174
2018-08-16,171.2970733642578,179.82000732421875,180.9900054931641,179.47000122070312,180.6100006103516,27711800,0.003292076913912867,0.0032866698923467003,0.807227800411255
2018-08-17,171.33511352539062,179.86000061035156,180.30999755859372,178.27000427246094,179.35000610351562,36092600,0.0002220712846150441,0.00022204663043724122,0.8076291338104844
2018-08-20,171.18275451660156,179.6999969482422,180.3300018310547,179.0,180.25999450683597,24939000,-0.0008892456756477429,-0.0008896412891326804,0.8060217074200686
2018-08-21,171.81146240234375,180.3600006103516,181.44000244140625,180.1300048828125,180.2400054931641,26258700,0.0036727291105786986,0.0036660011094040187,0.8126547359192473
2018-08-22,172.47833251953125,181.05999755859372,181.2700042724609,179.75,179.97999572753906,18042400,0.0038814064432199924,0.003873893220204109,0.8196903856905775
2018-08-23,172.2305908203125,180.8000030517578,182.0500030517578,180.5,180.7400054931641,25776200,-0.0014363641832558782,-0.0014373967431625014,0.8170766475959566
2018-08-24,173.8309783935547,182.47999572753903,182.6300048828125,181.3600006103516,181.3999938964844,23136100,0.009292121484457239,0.009249215311728131,0.8339611445519886
2018-08-27,175.60284423828125,184.33999633789065,184.33999633789065,183.1100006103516,183.3999938964844,29343600,0.010193038439414659,0.010141439758435178,0.8526547809948
2018-08-28,175.8600311279297,184.6100006103516,185.0200042724609,184.22000122070312,184.8300018310547,20277000,0.0014645941001927287,0.0014635226283069179,0.8553681682567389
2018-08-29,177.88905334472656,186.7400054931641,186.83999633789065,184.8600006103516,184.92999267578125,29175600,0.01153771100677714,0.011471659191475084,0.8767748699932587
2018-08-30,177.5746612548828,186.41000366210935,187.5200042724609,185.7899932861328,186.3800048828125,29315500,-0.0017673492771614896,-0.0017689128814567655,0.8734579532833813
2018-08-31,177.8032989501953,186.6499938964844,187.17999267578125,185.97999572753903,186.17999267578125,28653200,0.0012875581104689893,0.0012867299183458377,0.875870139265754
2018-09-04,177.04124450683594,185.8500061035156,186.3999938964844,184.8500061035156,186.0800018310547,29063500,-0.004285940968805302,-0.004295151941678168,0.8678302705837164
2018-09-05,174.7550048828125,183.4499969482422,185.5500030517578,182.82000732421875,185.5200042724609,42623300,-0.012913598920929137,-0.012997704292773249,0.8437098596170278
2018-09-06,173.1927490234375,181.80999755859372,183.75,180.5800018310547,183.52999877929688,46091400,-0.008939691658173765,-0.008979890457560705,0.8272276619649168
2018-09-07,172.52593994140625,181.1100006103516,182.6699981689453,180.44000244140625,180.5,46629500,-0.003850098146666703,-0.003857528853301303,0.8201926561300477
2018-09-10,173.1069793701172,181.72000122070312,182.25,180.72999572753903,182.1499938964844,26132000,0.0033678380706592126,0.0033621796049956676,0.8263227702532967
2018-09-11,174.44068908691406,183.1199951171875,183.4199981689453,180.5200042724609,180.9900054931641,30116500,0.007704540404146698,0.007675012004247344,0.8403937478277264
2018-09-12,173.92625427246094,182.5800018310547,182.97999572753903,181.00999450683597,182.8500061035156,36204000,-0.0029490528680313766,-0.0029534098926129564,0.8349663293673879
2018-09-13,175.7838592529297,184.52999877929688,184.8800048828125,183.63999938964844,183.72000122070312,31133200,0.010680417331122127,0.010623784558170259,0.8545645355535889
2018-09-14,175.26942443847656,183.9900054931641,184.9499969482422,183.25999450683597,184.66000366210935,31224100,-0.002926519059482713,-0.0029308096895038615,0.8491371170932507
2018-09-17,172.74501037597656,181.33999633789065,183.80999755859372,181.1699981689453,183.67999267578125,33071200,-0.014403048738179214,-0.014507779489097757,0.8225039050721803
2018-09-18,174.17393493652344,182.83999633789065,183.72999572753903,181.3999938964844,181.4900054931641,31877300,0.008271871687852705,0.008237847258945635,0.8375794235255478
2018-09-19,174.04054260253906,182.6999969482422,183.3000030517578,181.50999450683597,182.8699951171875,31843400,-0.0007658570384425634,-0.000766150456764786,0.8361721003903435
2018-09-20,175.96481323242188,184.72000122070312,184.97000122070312,183.5200042724609,183.9600067138672,33295800,0.011056450417287644,0.010995774698430683,0.8564736461759161
2018-09-21,175.00267028808594,183.7100067138672,185.47999572753903,183.47999572753903,185.22000122070312,38605400,-0.005467814426427964,-0.005482817638574527,0.8463227927910721
2018-09-24,175.48939514160156,183.88999938964844,183.9600067138672,181.3000030517578,182.0500030517578,34945600,0.002781242438840481,0.0027773819404201534,0.8514578640981811
2018-09-25,175.72799682617188,184.13999938964844,184.27999877929688,183.17999267578125,183.80999755859372,25277500,0.0013596359163343674,0.0013587124483805673,0.8539751727077887
2018-09-26,175.8520050048828,184.2700042724609,185.9900054931641,183.91000366210935,184.3000030517578,36210600,0.0007056825375049147,0.0007054336606615237,0.8552834906121363
2018-09-27,177.3407745361328,185.8300018310547,186.4900054931641,184.9199981689453,185.0200042724609,33113300,0.008466036717685865,0.008430400817465879,0.8709903887653749
2018-09-28,177.30258178710938,185.7899932861328,186.27999877929688,184.97000122070312,185.30999755859372,28076800,-0.00021536360785234798,-0.00021538680192430737,0.8705874455249933
2018-10-01,177.6652069091797,186.1699981689453,187.52999877929688,185.6999969482422,186.8699951171875,27371300,0.0020452331737939033,0.0020431445317814186,0.8744132330230634
2018-10-02,177.26441955566406,185.75,187.17999267578125,185.32000732421875,186.00999450683597,25618600,-0.0022558572974871183,-0.0022584055766511715,0.8701848242528418
2018-10-03,177.4552459716797,185.9499969482422,186.97000122070312,185.66000366210935,186.52999877929688,29128700,0.0010765071552087946,0.0010759281368888395,0.872198091597713
2018-10-04,174.04840087890625,182.3800048828125,185.32000732421875,181.05999755859372,185.1999969482422,80557300,-0.019198334059490896,-0.019385015248911282,0.8362550072096788
2018-10-05,171.92022705078125,180.1499938964844,182.97000122070312,178.42999267578125,182.3600006103516,83325600,-0.012227482800061251,-0.012302853493940948,0.8138022306924961
2018-10-08,170.87049865722656,179.0500030517578,180.63999938964844,176.92999267578125,179.52000427246094,66864500,-0.006105903950700431,-0.006124621211654175,0.8027273284863217
2018-10-09,171.42398071289062,179.6300048828125,181.0200042724609,178.75,179.17999267578125,49097900,0.0032391902640511727,0.003233955388726408,0.8085667052974936
2018-10-10,163.8848876953125,171.72999572753906,178.6199951171875,171.5,178.50999450683594,114471100,-0.04397922032976809,-0.04497563011023248,0.7290273516841324
2018-10-11,161.85220336914062,169.60000610351562,173.39999389648438,167.80999755859375,171.02000427246094,143084500,-0.012403122427926072,-0.0124806831482755,0.7075820137599613
2018-10-12,166.3565673828125,174.32000732421875,174.86000061035156,170.92999267578125,174.1699981689453,102078400,0.027830106232157092,0.02744988706386051,0.7551042026030217
2018-10-15,164.34300231933594,172.2100067138672,174.0399932861328,171.55999755859375,173.7100067138672,64885300,-0.01210391086540652,-0.012177759706025637,0.7338605777752143
2018-10-16,169.12405395507812,177.22000122070312,177.64999389648438,173.6999969482422,174.02000427246094,71979700,0.029091908802128863,0.028676771427026407,0.7843018915794573
2018-10-17,169.19093322753906,177.2899932861328,178.25999450683594,175.47000122070312,178.0800018310547,66987600,0.0003954450647138952,0.00039536689692099155,0.7850074849564421
2018-10-18,165.2686309814453,173.17999267578125,176.67999267578125,172.44000244140625,176.6199951171875,82486200,-0.023182697626112025,-0.023455643019540045,0.7436261961723503
2018-10-19,165.11593627929688,173.02000427246094,176.07000732421875,172.38999938964844,174.5800018310547,82923700,-0.0009239182368829812,-0.0009243453124127141,0.7420152281313996
2018-10-22,165.96530151367188,173.91000366210938,175.25,172.58999633789062,174.05999755859375,52909300,0.0051440536480880095,0.005130868202549742,0.7509762479206938
2018-10-23,165.35452270507812,173.27000427246094,174.1300048828125,168.82000732421875,170.63999938964844,77567000,-0.0036801596660458458,-0.003686948113795195,0.7445323757568918
2018-10-24,157.7867889404297,165.33999633789062,173.36000061035156,165.0399932861328,173.07000732421875,102997400,-0.04576671772169205,-0.04684710673655642,0.6646908549592734
2018-10-25,163.24549865722656,171.05999755859375,172.0800018310547,167.16000366210938,167.91000366210938,83481100,0.03459548009978031,0.0340105098359797,0.7222816343043033
2018-10-26,159.0465545654297,166.66000366210938,169.9600067138672,164.22999572753906,165.1999969482422,130970900,-0.02572165313184882,-0.026058239094067605,0.6779817035113742
2018-10-29,155.77320861816406,163.22999572753906,169.86000061035156,160.08999633789062,169.2100067138672,111871900,-0.020581055378467883,-0.02079579681182619,0.6434470691473508
2018-10-30,158.3402557373047,165.9199981689453,166.0399932861328,162.00999450683594,162.75,92584000,0.01647938783512548,0.01634507629594474,0.6705300707863304
2018-10-31,162.06214904785156,169.82000732421875,171.25,168.5399932861328,168.6199951171875,73828600,0.023505666914683365,0.02323366290376519,0.7097969942011964
2018-11-01,164.19981384277344,172.05999755859375,172.24000549316406,168.77999877929688,170.07000732421875,52706800,0.013190401382932926,0.013104165534512666,0.7323499028380425
2018-11-02,161.64222717285156,169.3800048828125,172.5500030517578,168.22000122070312,171.52999877929688,75966800,-0.015576063151757524,-0.015698644580208997,0.705366711350496
2018-11-05,161.2414093017578,168.9600067138672,169.66000366210938,167.0800018310547,169.60000610351562,39573500,-0.002479660656154792,-0.002482740106353953,0.7011379806120441
2018-11-06,162.4629364013672,170.24000549316406,171.19000244140625,168.72000122070312,168.97000122070312,34410400,0.007575765461856898,0.007547213462188223,0.7140254029714179
2018-11-07,167.55902099609375,175.5800018310547,175.5800018310547,171.8699951171875,172.27999877929688,51169600,0.03136767503781046,0.030885761284376197,0.7677903948183775
2018-11-08,166.4901580810547,174.4600067138672,175.3000030517578,173.6300048828125,174.75999450683594,40296500,-0.006379023395368111,-0.00639945630613438,0.756513618531724
2018-11-09,163.6845245361328,171.52000427246094,173.25,170.16000366210938,172.8300018310547,50602700,-0.0168516480328883,-0.016995252656151587,0.7269134692672523
2018-11-12,158.73159790039062,166.3300018310547,170.63999938964844,166.17999267578125,170.32000732421875,62578400,-0.030258979276008735,-0.030726232076940852,0.6746588303892342
2018-11-13,158.8651580810547,166.47000122070312,169.47999572753906,166.0,167.11000061035156,64128100,0.0008414215092062971,0.0008410677125757066,0.6760679243497061
2018-11-14,157.65316772460938,165.1999969482422,168.6999969482422,164.25,168.1199951171875,75270700,-0.007629050769124235,-0.007658300838753189,0.6632811170623416
2018-11-15,160.41119384765625,168.08999633789062,168.5399932861328,163.4600067138672,164.89999389648438,73254300,0.017494263913964803,0.017343000887729804,0.6923789958873443
2018-11-16,159.84815979003906,167.5,168.30999755859375,165.77999877929688,166.4499969482422,65390700,-0.003509942442993741,-0.003516116742828793,0.6864388430200481
2018-11-19,154.6566619873047,162.05999755859375,166.89999389648438,161.5399932861328,166.6999969482422,67280500,-0.032477682630525195,-0.03301678729568768,0.6316672175006528
2018-11-20,151.88912963867188,159.16000366210938,161.3800048828125,157.1300048828125,158.3699951171875,102652800,-0.01789468564154051,-0.0180567316137644,0.6024690455718715
2018-11-21,153.0438690185547,160.3699951171875,161.97000122070312,159.22999572753906,161.35000610351562,42965800,0.007602514956994044,0.007573761480692231,0.6146518404589516
2018-11-23,151.93685913085938,159.2100067138672,160.83999633789062,159.08999633789062,159.08999633789062,23503700,-0.007233284775106541,-0.007259571817237602,0.6029726038842622
2018-11-26,155.4486846923828,162.88999938964844,162.97000122070312,160.75999450683594,161.44000244140625,42012600,0.023113716984887622,0.022850641089674183,0.6400232589849715
2018-11-27,155.97361755371094,163.44000244140625,163.85000610351562,161.17999267578125,162.0,36608100,0.00337688840768835,0.003371199523583002,0.645561434516577
2018-11-28,160.99330139160156,168.6999969482422,168.6999969482422,163.47000122070312,164.6199951171875,70141000,0.03218290321542394,0.03167588315356275,0.6985203788986583
2018-11-29,160.46844482421875,168.14999389648438,169.25999450683594,166.82000732421875,167.99000549316406,44885700,-0.0032601143205712724,-0.0032654400714508176,0.6929830082876285
2018-11-30,161.63265991210938,169.3699951171875,169.47000122070312,167.5399932861328,168.3800048828125,36722800,0.007255102952894887,0.007228911299266066,0.7052657743102568
2018-12-03,164.45750427246094,172.3300018310547,173.30999755859375,169.50999450683594,173.11000061035156,50771700,0.017476940377567418,0.017325975058213133,0.7350686025757835
2018-12-04,158.14944458007812,165.72000122070312,171.91000366210938,165.52000427246094,171.42999267578125,70594700,-0.03835677624009237,-0.03911176637789283,0.6685169644255744
2018-12-06,159.26596069335938,166.88999938964844,166.91000366210938,161.77000427246094,162.3800048828125,71715500,0.007059880078907899,0.007035075800604978,0.6802964941040424
2018-12-07,154.00775146484375,161.3800048828125,167.1199951171875,160.86000061035156,166.16000366210938,80432200,-0.033015273355487706,-0.03357257823009099,0.6248210460329298
2018-12-10,155.62046813964844,163.07000732421875,163.77999877929688,159.41000366210938,161.0800018310547,73960800,0.01047165911757908,0.010417211072960572,0.6418356181540548
2018-12-11,156.13580322265625,163.61000061035156,165.77000427246094,162.22999572753906,165.72999572753906,59058300,0.0033114865233883073,0.003306015626431611,0.6472725346771908
2018-12-12,157.51007080078125,165.0500030517578,167.60000610351562,164.9600067138672,166.0,53780000,0.008801745338096634,0.008763235780177448,0.6617714080298605
2018-12-13,157.5578155517578,165.10000610351562,166.82000732421875,164.02999877929688,166.1300048828125,46378500,0.0003031218939451019,0.0003030759617856018,0.6622751273263663
2018-12-14,153.72140502929688,161.0800018310547,163.80999755859375,160.6999969482422,163.2100067138672,56547400,-0.024349223864433944,-0.024650567935305193,0.6218000181268162
2018-12-17,150.23812866210938,157.42999267578125,161.6699981689453,156.1699981689453,160.38999938964844,74834100,-0.022659670372669583,-0.022920346114759686,0.5850505643056729
2018-12-18,151.18296813964844,158.4199981689453,159.9499969482422,157.0399932861328,158.64999389648438,63642100,0.0062889459949546644,0.006269253096016824,0.5950188617038636
2018-12-19,147.47059631347656,154.52999877929688,160.72000122070312,153.33999633789062,158.17999267578125,81856500,-0.024555489760875293,-0.024862003941173504,0.5558523923768914
2018-12-20,145.33294677734375,152.2899932861328,155.8699951171875,150.38999938964844,154.14999389648438,99002100,-0.014495428848669167,-0.014601513991869076,0.5332996447241605
2018-12-21,140.8285675048828,147.57000732421875,154.08999633789062,146.72000122070312,153.0500030517578,141129400,-0.030993517797184955,-0.03148397753395747,0.48577729489698473
2018-12-24,137.3363037109375,143.5,147.97999572753906,143.4600067138672,146.0800018310547,56163300,-0.024797978533895315,-0.025110627943859567,0.4489330214319802
2018-12-26,145.9114990234375,152.4600067138672,152.5399932861328,144.08999633789062,145.0800018310547,98982100,0.062439392067438204,0.06056757742937657,0.5394035184366295
2018-12-27,146.4761199951172,153.0500030517578,153.17999267578125,147.0800018310547,150.3699951171875,85824300,0.0038696125765180778,0.0038621448842896203,0.5453604136519081
2018-12-28,146.3995361328125,152.97000122070312,155.58999633789062,151.72000122070312,154.14999389648438,77856600,-0.000522841964323173,-0.0005229786938436994,0.5445524343776471
2018-12-31,147.63412475585938,154.25999450683594,154.97999572753906,152.7100067138672,154.47000122070312,53015300,0.008433009117780665,0.008397649946790077,0.5575776591396442
2019-01-02,148.2275390625,154.8800048828125,155.75,150.8800048828125,150.99000549316406,58576700,0.004019492834884453,0.0040114362552531,0.5638383313803321
2019-01-03,143.3848419189453,149.82000732421875,153.25999450683594,149.49000549316406,152.60000610351562,74820200,-0.032670697862107634,-0.033216301542957814,0.5127466417506228
2019-01-04,149.51954650878906,156.22999572753906,157.0,151.74000549316406,152.33999633789062,74709300,0.04278488930727886,0.04189491247287231,0.5774693393678809
2019-01-07,151.29965209960938,158.08999633789062,158.86000061035156,156.11000061035156,156.6199951171875,52059300,0.011905504212559093,0.011835191221498053,0.5962499072329079
2019-01-08,152.66824340820312,159.52000427246094,160.11000061035156,157.1999969482422,159.5399932861328,49388700,0.009045568113353886,0.009004902010142944,0.610688894494718
2019-01-09,153.9123992919922,160.82000732421875,161.52000427246094,159.47000122070312,160.13999938964844,46491700,0.008149408521472612,0.008116381404828139,0.6238150562969544
2019-01-10,154.3526153564453,161.27999877929688,161.3699951171875,158.6999969482422,159.60000610351562,38943400,0.0028601728416823846,0.0028560903299471134,0.62845944802089
2019-01-11,153.78793334960938,160.69000244140625,160.86000061035156,159.7899932861328,160.3300018310547,30176600,-0.0036583896264531512,-0.0036650978997652787,0.6225019088691508
2019-01-14,152.42893981933594,159.27000427246094,159.9600067138672,158.58999633789062,159.3300018310547,30710200,-0.00883680208631199,-0.008876078176423408,0.6081641806158107
2019-01-15,155.40536499023438,162.3800048828125,162.60000610351562,159.91000366210938,160.0,40874200,0.01952664090182754,0.01933844203163948,0.6395662250818774
2019-01-16,155.37667846679688,162.35000610351562,163.77999877929688,162.2899932861328,162.64999389648438,33812200,-0.00018459159012496063,-0.00018460862924941804,0.6392635749452744
2019-01-17,156.6016845703125,163.6300048828125,164.36000061035156,161.57000732421875,161.8300018310547,39329000,0.007884105359977855,0.00785318819777133,0.652187701682917
2019-01-18,158.15208435058594,165.25,166.02000427246094,163.82000732421875,164.77999877929688,57183200,0.009900275239870249,0.009851588592044389,0.6685448146775064
2019-01-22,154.9842529296875,161.94000244140625,164.13999938964844,160.75999450683594,164.05999755859375,56711700,-0.020030285619733634,-0.020233611488654175,0.6351233854701903
2019-01-23,155.18528747558594,162.14999389648438,163.50999450683594,160.32000732421875,162.77000427246094,38106100,0.00129712885082367,0.001296288305980646,0.6372443511881403
2019-01-24,156.1901092529297,163.1999969482422,163.44000244140625,162.05999755859375,162.67999267578125,32417800,0.006474980932079877,0.006454108294548721,0.6478454771432389
2019-01-25,158.05636596679688,165.14999389648438,165.64999389648438,163.9499969482422,164.50999450683594,36515900,0.011948622885236793,0.011877801676576706,0.6675349613227666
2019-01-28,156.10401916503906,163.11000061035156,163.1199951171875,161.75,163.02000427246094,33491200,-0.012352218715239505,-0.012429141469659044,0.6469372047651993
2019-01-29,154.63015747070312,161.57000732421875,163.24000549316406,160.99000549316406,163.1999969482422,30784200,-0.009441535856791194,-0.009486389705866422,0.6313875880925253
2019-01-30,158.56361389160156,165.67999267578125,166.27999877929688,162.88999938964844,163.39999389648438,41346500,0.025437834929733505,0.02511967741421487,0.672886556264839
2019-01-31,160.9370574951172,168.16000366210938,168.99000549316406,166.47000122070312,166.6999969482422,37258400,0.01496840003368094,0.014857479037366715,0.6979269914499779
2019-02-01,160.25758361816406,167.4499969482422,168.60000610351562,166.99000549316406,167.3300018310547,32143700,-0.0042219852129068425,-0.004230922958031928,0.6907583687994807
2019-02-04,162.24819946289062,169.52999877929688,169.52999877929688,167.3300018310547,167.47999572753906,26718800,0.012421351924720714,0.01234483987014715,0.7117598735180057
2019-02-05,163.68386840820312,171.02999877929688,171.22999572753906,169.69000244140625,169.75999450683594,28156400,0.008848597088073396,0.008809677672511325,0.726906546950298
2019-02-06,163.19577026367188,170.52000427246094,171.3699951171875,169.75,171.07000732421875,27970000,-0.002981956311748468,-0.0029864112018670994,0.7217569870728198
2019-02-07,161.0041046142578,168.22999572753906,169.4499969482422,166.9499969482422,169.02999877929688,42036200,-0.013429671895742401,-0.013520665534152316,0.6986343556522299
2019-02-08,161.3199462890625,168.55999755859375,168.58999633789062,166.57000732421875,166.75999450683594,29020700,0.0019616995204028154,0.0019597779005820297,0.7019665658530525
2019-02-11,161.1668243408203,168.39999389648438,169.5800018310547,167.97999572753906,169.1699981689453,21434100,-0.00094918174574532,-0.0009496325039954563,0.7003510902568759
2019-02-12,163.5498504638672,170.88999938964844,171.13999938964844,169.3300018310547,169.6300048828125,29722100,0.014786083505669012,0.014677835114931008,0.7254926234663694
2019-02-13,163.66470336914062,171.00999450683594,172.16000366210938,170.82000732421875,171.64999389648438,26094100,0.0007022501393165737,0.0007020036770661718,0.7267043509015885
2019-02-14,163.8656768798828,171.22000122070312,171.8300018310547,169.8300018310547,170.39999389648438,30326800,0.0012279587877228604,0.0012272054629687897,0.7288246726830774
2019-02-15,164.55474853515625,171.94000244140625,172.55999755859375,171.13999938964844,172.52000427246094,32521700,0.004205100594546929,0.004196283867216672,0.7360945543420443
2019-02-19,164.88015747070312,172.27999877929688,172.8000030517578,171.3800048828125,171.41000366210938,19487700,0.0019775116697853257,0.001975558967487195,0.7395277015831065
2019-02-20,164.8514404296875,172.25,173.0800018310547,171.32000732421875,172.39999389648438,32593000,-0.00017416917509149865,-0.0001741843443036397,0.739224729478273
2019-02-21,164.24847412109375,171.6199951171875,172.25999450683594,170.7100067138672,171.7899932861328,25207400,-0.003657634455738523,-0.0036643399564850053,0.7328632811814608
2019-02-22,165.46395874023438,172.88999938964844,173.00999450683594,171.89999389648438,171.99000549316406,27735400,0.007400279519458319,0.007373031795582968,0.7456869538312094
2019-02-25,166.06690979003906,173.52000427246094,174.66000366210938,173.39999389648438,174.2100067138672,32608800,0.003644002321685491,0.0036373790305408876,0.7520482411439064
2019-02-26,166.2391815185547,173.6999969482422,174.25,172.80999755859375,173.10000610351562,21939700,0.001037363365967492,0.0010368256764118032,0.753865751804677
2019-02-27,166.1338348388672,173.58999633789062,173.8000030517578,171.75999450683594,172.89999389648438,25162000,-0.0006337054762011185,-0.0006339063523851105,0.7527543174732367
2019-02-28,165.7510528564453,173.19000244140625,173.80999755859375,172.6999969482422,173.0500030517578,25085500,-0.002304057946974747,-0.0023067163727158984,0.7487158699589682
2019-03-01,166.89950561523438,174.38999938964844,174.64999389648438,173.17999267578125,174.44000244140625,31431200,0.006928781078595847,0.006904887380952336,0.7608323393905803
2019-03-04,166.92823791503906,174.4199981689453,175.7899932861328,172.47000122070312,175.5399932861328,38063500,0.00017215329487507702,0.00017213847819707776,0.761135472479529
2019-03-05,167.0526123046875,174.5500030517578,175.08999633789062,173.69000244140625,174.5500030517578,22319900,0.0007450769935746226,0.0007447995615083925,0.7624476540026417
2019-03-06,166.10519409179688,173.55999755859375,174.75,173.27999877929688,174.72000122070312,27194600,-0.005671376219861912,-0.005687519539469155,0.7524521502889796
2019-03-07,164.06668090820312,171.42999267578125,173.17999267578125,170.7899932861328,173.1199951171875,39407400,-0.012272422874790911,-0.012348350909877811,0.7309453164327966
2019-03-08,163.81784057617188,171.1699981689453,171.25999450683594,169.33999633789062,169.50999450683594,39303200,-0.0015167024203438517,-0.0015178537777847969,0.7283199874818802
2019-03-11,167.224853515625,174.72999572753906,174.85000610351562,171.85000610351562,171.8800048828125,30518400,0.02079756958991852,0.02058425271793506,0.7642648426951817
2019-03-12,168.14369201660156,175.69000244140625,176.13999938964844,174.77000427246094,175.19000244140625,33953500,0.005494628828547343,0.005479588424703402,0.7739588231610472
2019-03-13,169.40704345703125,177.00999450683594,177.92999267578125,176.35000610351562,176.60000610351562,42426100,0.00751352266194405,0.007485436745593599,0.7872875029802233
2019-03-14,169.119873046875,176.7100067138672,177.33999633789062,176.66000366210938,177.1300048828125,23751500,-0.0016951503567742554,-0.0016965887498985373,0.7842577819318883
2019-03-15,170.68943786621094,178.35000610351562,178.8800048828125,177.27999877929688,177.39999389648438,38192000,0.009280782861638581,0.009237981015662467,0.800817090975187
2019-03-18,171.095947265625,178.4499969482422,178.99000549316406,177.58999633789062,177.9499969482422,32935100,0.00238157325078725,0.0023787417998602702,0.8051058687886141
2019-03-19,171.67123413085938,179.0500030517578,180.0,178.2899932861328,179.17999267578125,36893300,0.003362364067813095,0.0033567239609431708,0.8111752919004276
2019-03-20,172.3519744873047,179.75999450683594,180.8600006103516,178.24000549316406,179.05999755859375,50105000,0.00396537229951055,0.003957530933229285,0.8183572762324876
2019-03-21,175.04612731933594,182.57000732421875,182.8300018310547,179.1999969482422,179.22000122070312,42428500,0.015631691136962944,0.015510774710657467,0.846781275551203
2019-03-22,171.20140075683594,178.55999755859375,182.2700042724609,178.3699951171875,181.77999877929688,70794500,-0.021964076677263966,-0.022208878208061056,0.8062184300088611
2019-03-25,170.87539672851562,178.22000122070312,178.83999633789062,176.92999267578125,177.91000366210938,46336500,-0.0019042135571271102,-0.001906028876632753,0.8027790043873053
2019-03-26,171.67123413085938,179.0500030517578,180.69000244140625,178.13999938964844,179.60000610351562,33248100,0.004657413633445184,0.004646601440806958,0.8111752919004276
2019-03-27,170.568603515625,177.89999389648438,179.72000122070312,176.60000610351562,179.32000732421875,37096700,-0.006422920070545235,-0.006443635772836179,0.7995422577668048
2019-03-28,170.96168518066406,178.30999755859375,178.97999572753906,177.24000549316406,178.36000061035156,30368200,0.002304537042205679,0.0023018856693928103,0.8036893695588427
2019-03-29,172.256103515625,179.66000366210938,179.8300018310547,178.58999633789062,179.69000244140625,35205500,0.007571394336649551,0.0075428751932076175,0.8173458130365956
2019-04-01,174.53797912597656,182.0399932861328,182.25999450683597,180.7700042724609,181.50999450683597,30969500,0.013246994235792453,0.01316002006325024,0.841420182546333
2019-04-02,175.19952392578125,182.72999572753903,182.91000366210935,181.77999877929688,182.2400054931641,22645200,0.0037902627446328996,0.003783097797776719,0.8483996488614536
2019-04-03,176.206298828125,183.77999877929688,184.9199981689453,183.2100067138672,183.75999450683597,31633500,0.005746447705932356,0.005729999856370056,0.8590213807832996
2019-04-04,176.13919067382812,183.7100067138672,184.5,182.6499938964844,183.8300018310547,28530800,-0.00038084991707554305,-0.0003809224588241419,0.8583133726445866
2019-04-05,177.05003356933594,184.66000366210935,184.7700042724609,184.0200042724609,184.2400054931641,25674700,0.005171154085716667,0.005157829584054535,0.8679229974340796
2019-04-08,177.50067138671875,185.1300048828125,185.27999877929688,183.6300048828125,184.3600006103516,22697500,0.0025452568875472537,0.0025420232071048142,0.8726773413087066
2019-04-09,176.87742614746094,184.47999572753903,185.1100006103516,184.08999633789065,184.5,25631900,-0.003511227503472103,-0.0035174063305143054,0.8661019451227745
2019-04-10,177.82666015625,185.47000122070312,185.52999877929688,184.5200042724609,184.72000122070312,24563000,0.005366620430114599,0.005352271436867618,0.8761166059461469
2019-04-11,177.40480041503906,185.02999877929688,185.77999877929688,184.69000244140625,185.77999877929688,20654100,-0.002372308746282803,-0.0023751271289415097,0.8716658781128144
2019-04-12,178.1717987060547,185.8300018310547,185.9499969482422,185.05999755859372,185.8500061035156,24989100,0.004323435945483123,0.004314116747278176,0.8797579056481815
2019-04-15,178.20057678222656,185.8600006103516,186.07000732421875,184.6199951171875,185.83999633789065,21073000,0.00016151869364766647,0.0001615056509078796,0.8800615216894756
2019-04-16,178.814208984375,186.5,186.91000366210935,185.92999267578125,186.5399932861328,27195700,0.0034434916722987374,0.003437576430351496,0.8865354978828226
2019-04-17,179.43739318847656,187.1499938964844,187.92999267578125,186.6000061035156,187.75,29651600,0.003485093313563281,0.003479034448919501,0.8931102501322938
2019-04-18,179.6675262451172,187.38999938964844,187.7899932861328,186.2899932861328,187.4600067138672,28580900,0.0012825256349935366,0.0012817039015124584,0.8955382125579576
2019-04-22,180.1756896972656,187.9199981689453,187.9900054931641,186.42999267578125,186.57000732421875,17936000,0.0028283544765632662,0.0028243622079696384,0.9008994665469428
2019-04-23,182.4671936035156,190.30999755859372,190.5399932861328,188.1300048828125,188.3999938964844,33665600,0.012718163644053426,0.012637967053905264,0.9250754170333806
2019-04-24,181.89190673828125,189.7100067138672,190.7100067138672,189.6499938964844,190.47000122070312,24977100,-0.0031528235507605196,-0.0031578041703632805,0.9190059939215676
2019-04-25,182.63021850585935,190.47999572753903,191.22000122070312,189.4499969482422,191.1300048828125,29517500,0.00405906882179452,0.004050853026758833,0.9267953713203314
2019-04-26,182.79318237304688,190.6499938964844,190.69000244140625,188.58999633789065,190.17999267578125,26359500,0.0008923160061942159,0.0008919181289373323,0.9285146816708214
2019-04-29,183.1479949951172,191.0200042724609,191.32000732421875,190.33999633789065,190.6499938964844,21716200,0.0019410604786462837,0.0019391790550000502,0.9322580453019018
2019-04-30,181.7288818359375,189.5399932861328,189.8500061035156,188.2100067138672,189.47999572753903,31495300,-0.0077484504223893635,-0.007778625639546155,0.917286039634617
2019-05-01,181.14405822753903,188.92999267578125,191.32000732421875,188.8000030517578,190.77999877929688,34797100,-0.0032181104208104383,-0.0032232996742017324,0.9111160014507944
2019-05-02,180.35784912109372,188.1100006103516,189.8500061035156,186.8699951171875,188.8699951171875,44110100,-0.004340242313980447,-0.004349688508075451,0.9028212949143726
2019-05-03,183.2342071533203,191.1100006103516,191.25,189.3300018310547,189.6699981689453,30386200,0.015948061291723326,0.015822227073715885,0.9331676055528633
2019-05-06,182.11245727539065,189.94000244140625,190.1999969482422,186.75999450683597,187.0500030517578,38371800,-0.006121945761967007,-0.006140761704682619,0.921332858322877
2019-05-07,178.56494140625,186.2400054931641,188.6699981689453,184.50999450683597,187.8699951171875,58818100,-0.019479808917058805,-0.019672040918351886,0.8839056613766809
2019-05-08,178.11427307128906,185.7700042724609,187.1699981689453,184.9600067138672,185.6300048828125,37165300,-0.0025238343619514714,-0.0025270246007814755,0.8791509955338235
2019-05-09,177.15553283691406,184.7700042724609,185.41000366210935,182.08999633789065,183.6999969482422,55351700,-0.0053827254708064265,-0.0053972645342149975,0.8690360416066722
2019-05-10,177.3760223388672,185.0,185.88999938964844,181.02999877929688,184.1100006103516,58526400,0.001244609741633651,0.0012438358569855257,0.8713622620715202
2019-05-13,171.22056579589844,178.5800018310547,181.25999450683597,178.05999755859375,180.2899932861328,67185800,-0.03470286717338311,-0.03531931537271547,0.8064206260575706
2019-05-14,173.09982299804688,180.5399932861328,181.6300048828125,178.86000061035156,179.52000427246094,43360600,0.010975651163240396,0.010915855834603451,0.8262472687032607
2019-05-15,175.54470825195312,183.08999633789065,183.5500030517578,179.30999755859375,179.35000610351562,40944500,0.014124134915688646,0.014025318697538895,0.8520414315158336
2019-05-16,177.3089141845703,184.92999267578125,186.07000732421875,182.9499969482422,183.1699981689453,39281200,0.010049895267051134,0.00999973088747237,0.870654253932807
2019-05-17,175.4967803955078,183.0399932861328,185.5800018310547,182.8800048828125,183.1000061035156,44702300,-0.010220206904973494,-0.010272791812138487,0.8515357804099448
2019-05-20,172.5341339111328,179.9499969482422,181.17999267578125,179.33999633789062,180.4900054931641,38608300,-0.016881486245492572,-0.017025602771008057,0.8202791045999169
2019-05-21,174.33660888671875,181.8300018310547,182.3300018310547,180.9199981689453,181.5,31613800,0.010447063051965966,0.010392869603563996,0.8392956751778484
2019-05-22,173.56004333496094,181.0200042724609,182.07000732421875,180.75,180.82000732421875,24332600,-0.00445440321867463,-0.004464353632456662,0.831102710602242
2019-05-23,170.90415954589844,178.25,179.02000427246094,177.13999938964844,178.94000244140625,45351300,-0.01530239182953419,-0.015420681724459737,0.8030824594444843
2019-05-24,170.81788635253906,178.16000366210938,179.85000610351562,177.94000244140625,179.2100067138672,25903300,-0.0005048045266341505,-0.0005049319833348235,0.802172255257062
2019-05-28,170.175537109375,177.49000549316406,179.66000366210938,177.47000122070312,178.66000366210938,24763800,-0.0037604331541625236,-0.003767521358307611,0.7953953069588815
2019-05-29,168.77566528320312,176.02999877929688,177.0,175.08999633789062,176.38999938964844,42178800,-0.008226046175321633,-0.008260066791727165,0.7806263022608819
2019-05-30,169.48519897460938,176.77000427246094,177.27000427246094,175.77000427246094,176.5,30354800,0.004204004707762055,0.004195192568853225,0.7881120636183516
2019-05-31,166.7813720703125,173.9499969482422,175.2899932861328,173.8699951171875,174.69000244140625,45446200,-0.015953174204326404,-0.01608179587139287,0.7595860003705905
2019-06-03,163.1092071533203,170.1199951171875,173.9499969482422,169.27000427246094,173.47999572753906,75842300,-0.022017836113280453,-0.022263846448264516,0.7208437241872083
2019-06-04,167.70181274414062,174.91000366210938,174.97000122070312,171.3699951171875,172.02999877929688,47797800,0.028156629971864966,0.027767519212651498,0.7692968841685537
2019-06-05,168.94830322265625,176.2100067138672,176.61000061035156,174.3800048828125,176.5800018310547,34412700,0.007432778800175344,0.00740529181889919,0.782447676540418
2019-06-06,170.29055786132812,177.61000061035156,178.0399932861328,175.72999572753906,176.50999450683594,29913200,0.007944765428646638,0.007913371946070719,0.7966088052193678
2019-06-07,173.57923889160156,181.0399932861328,181.7700042724609,178.3300018310547,178.55999755859375,45888300,0.01931217485911052,0.019128061454371532,0.831305228619182
2019-06-10,175.60223388671875,183.1499938964844,184.8500061035156,182.2100067138672,182.25,41385300,0.011654590768084505,0.011587199134301927,0.852648341630192
2019-06-11,175.8419647216797,183.3999938964844,185.3999938964844,182.77999877929688,185.05999755859372,41260300,0.0013651923990647408,0.0013642613711799731,0.8551775630643255
2019-06-12,174.8256378173828,182.33999633789065,183.27999877929688,182.0,182.8999938964844,27758100,-0.005779774503233637,-0.005796542039488211,0.8444550550863552
2019-06-13,175.8611602783203,183.4199981689453,183.8699951171875,182.7400054931641,183.1000061035156,23715800,0.005923172790132547,0.005905699765395121,0.8553800810812651
2019-06-14,175.11325073242188,182.63999938964844,183.1100006103516,181.94000244140625,182.47999572753903,22844100,-0.004252840961101234,-0.004261910011173297,0.8474894446740313
2019-06-17,176.16793823242188,183.7400054931641,184.25,182.83999633789065,183.0399932861328,20379500,0.006022888020116746,0.0060048229297862046,0.8586166667176507
2019-06-18,178.7279052734375,186.41000366210935,187.72000122070312,185.42999267578125,185.91000366210935,48177300,0.014531401495079033,0.01442683248590964,0.8856249717271705
2019-06-19,179.39907836914062,187.1100006103516,187.52999877929688,185.57000732421875,186.66000366210935,31672900,0.00375527869963177,0.0037482452434685334,0.8927060190189913
2019-06-20,181.06735229492188,188.8500061035156,189.75999450683597,187.16000366210935,189.72000122070312,40922000,0.009299233535350337,0.0092562618601793,0.9103067343036122
2019-06-21,180.79888916015625,188.57000732421875,189.7700042724609,188.1699981689453,188.6300048828125,39980400,-0.001482670019542498,-0.0014837702624018014,0.90747437978053
2019-06-24,180.8046875,188.16000366210935,188.72000122070312,188.05999755859372,188.52999877929688,19375200,3.2070660780592064e-05,3.207014652794553e-05,0.9075355537443117
2019-06-25,177.700927734375,184.92999267578125,188.13999938964844,184.6499938964844,188.02999877929688,33921100,-0.017166367800198756,-0.01731541812311257,0.874790096836781
2019-06-26,178.52731323242188,185.7899932861328,187.3300018310547,185.4900054931641,186.16000366210935,22595700,0.004650428720789579,0.004639648884798965,0.8835086745485627
2019-06-27,179.20957946777344,186.5,186.94000244140625,185.9900054931641,186.4600067138672,19709200,0.0038216350372299868,0.00381435114174654,0.8907067572921441
2019-06-28,179.44017028808594,186.7400054931641,187.1499938964844,186.07000732421875,186.9499969482422,21179200,0.001286710347724318,0.0012858832453829178,0.8931395492412642
2019-07-01,181.86160278320312,189.25999450683597,190.57000732421875,188.3800048828125,190.32000732421875,31025600,0.013494372476517746,0.013404134330632126,0.9186862794687527
2019-07-02,182.58233642578125,190.00999450683597,190.02999877929688,188.66000366210935,189.1999969482422,18035800,0.003963088587959351,0.003955256239089843,0.9262902031667894
2019-07-03,183.9564514160156,191.44000244140625,191.44000244140625,190.2899932861328,190.4900054931641,15792100,0.007526001787105496,0.00749782273108936,0.9407874666783065
2019-07-05,183.5816802978516,191.0500030517578,191.3999938964844,189.38999938964844,190.1300048828125,21415600,-0.00203728173314488,-0.002039359814479439,0.9368335358245263
2019-07-08,182.2940673828125,189.7100067138672,189.8699951171875,188.92999267578125,189.80999755859372,17598800,-0.007013842083534727,-0.007038554695285307,0.9232488912621588
2019-07-09,183.20697021484372,190.66000366210935,190.8999938964844,188.6499938964844,188.80999755859372,19193500,0.00500785815543936,0.004995360540609049,0.9328802489072057
2019-07-10,185.0326690673828,192.55999755859372,193.08999633789065,191.47000122070312,191.82000732421875,28374500,0.009965225943085798,0.009915900501129322,0.9521418373084938
2019-07-11,184.89810180664065,192.4199981689453,193.33999633789065,191.80999755859372,192.8500061035156,23736100,-0.0007272621717041572,-0.00072752675512614,0.9507221183964183
2019-07-12,185.9647674560547,193.52999877929688,193.5399932861328,192.4499969482422,192.6300048828125,20211900,0.005768937804075058,0.005752361204740193,0.9619757129704807
2019-07-15,186.56048583984372,194.1499938964844,194.19000244140625,193.44000244140625,193.97999572753903,15606100,0.0032033938037741017,0.003198273869040661,0.9682606938125655
2019-07-16,185.59957885742188,193.1499938964844,194.08999633789065,192.55999755859372,193.91000366210935,20190900,-0.005150645797774911,-0.00516395609794107,0.9581228801410544
2019-07-17,184.68675231933597,192.1999969482422,193.4900054931641,192.17999267578125,193.1499938964844,16765100,-0.0049182575936077555,-0.004930392025677816,0.9484923274165835
2019-07-18,184.89810180664065,192.4199981689453,192.7899932861328,190.69000244140625,191.2899932861328,28877000,0.0011443673390241216,0.0011437130498380189,0.9507221183964181
2019-07-19,183.5432281494141,191.00999450683597,193.8300018310547,190.80999755859372,193.7400054931641,29387900,-0.007327677482830142,-0.007354656789377635,0.9364278558541859
2019-07-22,185.00384521484372,192.52999877929688,192.94000244140625,191.44000244140625,191.44000244140625,18954900,0.007957891337950107,0.007926394310280216,0.9518377383148533
2019-07-23,186.21456909179688,193.7899932861328,193.80999755859372,192.2899932861328,193.5800018310547,23786700,0.006544317365658747,0.0065229962914645214,0.9646111839206553
2019-07-24,187.5213928222656,195.1499938964844,195.16000366210935,193.02999877929688,193.0500030517578,20422900,0.00701783827571778,0.006993327855316581,0.9783985074840769
2019-07-25,185.74371337890625,193.3000030517578,194.5200042724609,192.92999267578125,194.4900054931641,23434700,-0.009479875424369566,-0.009525095457169255,0.959643536093369
2019-07-26,187.6559295654297,195.2899932861328,195.5500030517578,194.42999267578125,194.52999877929688,20431200,0.010294917398483427,0.010242285654458212,0.9798179044279223
2019-07-29,187.0120849609375,194.6199951171875,195.17999267578125,193.38999938964844,195.1100006103516,20451700,-0.0034309846002904543,-0.00343688392548188,0.9730251796864509
2019-07-30,186.20494079589844,193.77999877929688,194.5399932861328,192.9900054931641,193.1300048828125,18705000,-0.004316000033942502,-0.004325340848414996,0.9645096029439548
2019-07-31,183.62974548339844,191.1000061035156,194.42999267578125,189.32000732421875,194.3000030517578,41627500,-0.013829897861425189,-0.013926421876992173,0.937340635787451
2019-08-01,182.7169189453125,190.1499938964844,194.97999572753903,189.22999572753903,191.42999267578125,63251600,-0.004971016736329714,-0.0049834133395713475,0.9277100830629799
2019-08-02,180.0262908935547,187.3500061035156,188.9900054931641,186.2100067138672,188.72000122070312,55214000,-0.01472566452679247,-0.01483516341687237,0.8993232710748791
2019-08-05,173.66510009765625,180.72999572753903,183.50999450683597,179.1999969482422,183.42999267578125,75040000,-0.035334787848624094,-0.035974168250511404,0.8322110862354934
2019-08-06,176.09619140625,183.25999450683597,183.8000030517578,181.07000732421875,182.3999938964844,41897200,0.013998732659738167,0.013901655325743075,0.8578597194079125
2019-08-07,177.0474853515625,184.25,184.50999450683597,179.88999938964844,181.2700042724609,49990600,0.005402126745137181,0.005387587596496767,0.867896113086839
2019-08-08,180.9007110595703,188.25999450683597,188.32000732421875,184.57000732421875,185.0800018310547,38418100,0.0217637980023071,0.021530347655194945,0.9085486267813556
2019-08-09,179.1999053955078,186.4900054931641,188.0,185.02999877929688,187.3600006103516,33608900,-0.00940187384615876,-0.00944635045724571,0.8906046933630978
2019-08-12,177.1436004638672,184.3500061035156,185.8999938964844,183.5,185.33999633789065,24642900,-0.011474921971092567,-0.011541266911879454,0.8689101520285749
2019-08-13,181.02566528320312,188.38999938964844,189.67999267578125,184.0200042724609,184.19000244140625,40241900,0.02191479008651953,0.021678112656371935,0.9098669257008465
2019-08-14,175.61573791503906,182.75999450683597,185.9499969482422,182.4199981689453,185.3600006103516,51000500,-0.029884863893197555,-0.030340517511320008,0.852790812572157
2019-08-15,175.41395568847656,182.5500030517578,183.58999633789065,181.16000366210935,183.0,36685000,-0.001148998540552948,-0.0011496591454472319,0.8506619586325617
2019-08-16,178.22946166992188,185.47999572753903,185.9499969482422,184.1000061035156,184.2100067138672,32781400,0.016050638447749677,0.015923188906148786,0.8803662646195771
2019-08-19,181.06411743164065,188.42999267578125,188.8300018310547,187.5,188.16000366210935,22494100,0.015904529672925216,0.01577937788377135,0.9102726056711867
2019-08-20,179.6611328125,186.97000122070312,188.63999938964844,186.9199981689453,187.9600067138672,19902900,-0.007748551391858927,-0.007778727397487217,0.8954707602136833
2019-08-21,181.2562713623047,188.6300048828125,189.22999572753903,187.9600067138672,188.6100006103516,20418500,0.008878595636316211,0.008839412661813343,0.9122998786340815
2019-08-22,180.6701202392578,188.0200042724609,189.4600067138672,186.5399932861328,188.97999572753903,24243700,-0.0032338253382430127,-0.0032390654515258755,0.9061158348322356
2019-08-23,174.95272827148438,182.07000732421875,188.4499969482422,181.55999755859372,186.7400054931641,55372400,-0.03164547607652002,-0.03215701503381812,0.8457958917819761
2019-08-26,177.59521484375,184.82000732421875,184.8699951171875,183.0800018310547,184.13999938964844,27598900,0.015104003226317886,0.014991073477270305,0.8736747988865754
2019-08-27,177.22042846679688,184.42999267578125,186.4199981689453,183.7100067138672,186.1100006103516,28012800,-0.0021103405138638287,-0.0021125704201995204,0.8697207070486794
2019-08-28,177.8546600341797,185.08999633789065,185.3999938964844,182.91000366210935,183.8300018310547,21792400,0.00357877233945203,0.003572383771340088,0.876412011797566
2019-08-29,180.5740509033203,187.9199981689453,188.4600067138672,186.67999267578125,187.38999938964844,25358900,0.015289961301087285,0.015174247854793274,0.9051022788428462
2019-08-30,180.1416473388672,187.47000122070312,188.97000122070312,186.41000366210935,188.92999267578125,26319800,-0.0023946052175826127,-0.0023974768698883514,0.9005403109859007
2019-09-03,178.3927764892578,185.6499938964844,187.17999267578125,185.02999877929688,186.22000122070312,27964200,-0.009708309407871374,-0.009755742288700948,0.8820892776047176
2019-09-04,180.96800231933597,188.3300018310547,188.4900054931641,186.8999938964844,187.44000244140625,21592100,0.014435706875346677,0.014332504076731858,0.9092585667294522
2019-09-05,184.2831573486328,191.77999877929688,192.3300018310547,190.33999633789065,190.41000366210935,33932600,0.018319012128160228,0.01815324047995668,0.9442342975691629
2019-09-06,184.10052490234372,191.58999633789065,192.1699981689453,191.1699981689453,192.1000061035156,19487800,-0.0009910425288817137,-0.0009915339362259524,0.9423074786941614
2019-09-09,183.7162322998047,191.19000244140625,192.2700042724609,190.22000122070312,192.19000244140625,24407600,-0.0020874063381561836,-0.002089588007315197,0.9382530937524871
2019-09-10,183.1877593994141,190.63999938964844,190.7400054931641,188.91000366210935,190.16000366210935,23744700,-0.0028765716223060345,-0.002880716905833668,0.9326775699061518
2019-09-11,184.90773010253903,192.42999267578125,192.52999877929688,190.55999755859372,191.0,25063600,0.009389113709146857,0.009345309953193357,0.9508236993731183
2019-09-12,185.67642211914065,193.22999572753903,194.7100067138672,192.97000122070312,193.6100006103516,28689900,0.004157165393655182,0.004148548255257977,0.9589335961452745
2019-09-13,185.013427734375,192.5399932861328,193.3999938964844,192.2899932861328,192.9499969482422,27669800,-0.0035706977611850155,-0.0035770879185178287,0.9519388363392085
2019-09-16,184.1870880126953,191.67999267578125,192.0800018310547,191.1100006103516,191.3000030517578,20319000,-0.004466377018137679,-0.004476381079023673,0.9432207415797726
2019-09-17,185.07110595703125,192.6000061035156,192.6000061035156,191.2899932861328,191.6999969482422,20953400,0.00479956523486047,0.004788084043467571,0.9525473562947187
2019-09-18,184.9942779541016,192.5200042724609,192.6000061035156,190.1100006103516,192.1999969482422,29781300,-0.00041512694557244156,-0.0004152131346166668,0.9517368012746146
2019-09-19,185.30172729492188,192.83999633789065,194.0399932861328,192.47000122070312,192.8600006103516,26039400,0.0016619397325172702,0.00166056023889203,0.954980470212069
2019-09-20,183.3414459228516,190.8000030517578,193.30999755859372,190.16000366210935,193.1100006103516,29086100,-0.010578861841640252,-0.010635215793381706,0.9342990019145907
2019-09-23,183.42230224609372,190.5,191.07000732421875,189.72000122070312,190.3600006103516,22485900,0.00044101497528359346,0.0004409177567615471,0.9351520567411111
2019-09-24,180.98634338378903,187.97000122070312,191.7899932861328,187.1499938964844,191.3699951171875,40820700,-0.013280603462475393,-0.013369579323456485,0.9094520696359387
2019-09-25,183.0179443359375,190.0800018310547,190.5800018310547,186.2100067138672,187.77999877929688,34704900,0.011225161601504663,0.011162627013761785,0.9308859776879297
2019-09-26,182.3439483642578,189.3800048828125,190.0,187.97999572753903,189.8300018310547,26826000,-0.00368267698626612,-0.0036894747355671648,0.9237751483347945
2019-09-27,180.08126831054688,187.02999877929688,189.8300018310547,185.75,189.72999572753903,40773500,-0.01240885740387121,-0.012486490166024287,0.8999032968419969
2019-09-30,181.79510498046875,188.80999755859372,189.1100006103516,187.3999938964844,187.7899932861328,26307700,0.009517017988602827,0.009472016467794444,0.9179847106946479
2019-10-01,180.31234741210935,187.2700042724609,190.58999633789065,186.9600067138672,189.5,32367600,-0.008156201832379972,-0.008189645620208233,0.9023412402828035
2019-10-02,177.2119903564453,184.0500030517578,186.02999877929688,183.0200042724609,186.0,48544300,-0.01719436910539507,-0.017343908910536228,0.869631682832966
2019-10-03,179.15692138671875,186.07000732421875,186.2100067138672,181.82000732421875,184.02999877929688,39392500,0.01097516610677074,0.010915376044031382,0.890151201110539
2019-10-04,181.79510498046875,188.80999755859372,189.0800018310547,186.8800048828125,187.0800018310547,31887600,0.014725546595296457,0.014618178486713018,0.9179847106946479
2019-10-07,181.2462921142578,188.2400054931641,189.7400054931641,187.91000366210935,188.2700042724609,21216000,-0.0030188539249716984,-0.003023419856049975,0.9121945950227317
2019-10-08,178.53106689453125,185.4199981689453,187.8600006103516,185.2700042724609,187.05999755859372,32379300,-0.01498085940436722,-0.01509420592206398,0.8835482766409053
2019-10-09,180.2738494873047,187.22999572753903,188.0800018310547,186.42999267578125,186.9900054931641,20147400,0.009761788931687665,0.009714450492699606,0.9019350773601178
2019-10-10,181.669921875,188.67999267578125,189.42999267578125,187.1199951171875,187.27999877929688,25177700,0.0077441758284171325,0.00771434361706023,0.9166639970134287
2019-10-11,184.00965881347656,191.1100006103516,192.6300048828125,190.72000122070312,190.8300018310547,40976700,0.012879055125517347,0.012796825370170139,0.9413488182880592
2019-10-14,183.99041748046875,191.08999633789065,191.6999969482422,190.6499938964844,190.83999633789065,14975000,-0.00010456697290717187,-0.00010457244041423378,0.9411458173187739
2019-10-15,186.3301239013672,193.5200042724609,193.97000122070312,191.55999755859372,191.67999267578125,23234200,0.01271645802503163,0.01263628285338499,0.9658303166251738
2019-10-16,185.8679656982422,193.0399932861328,193.52999877929688,192.42999267578125,192.8600006103516,20457100,-0.0024803193034403925,-0.002483400391139205,0.9609544297435602
2019-10-17,186.3590087890625,193.5500030517578,194.5,192.80999755859372,194.1999969482422,19045200,0.002641891995619705,0.0026384083332523533,0.9661350595552747
2019-10-18,184.56809997558597,191.69000244140625,193.6699981689453,190.7100067138672,193.1999969482422,27700800,-0.009609993233563707,-0.00965646720122018,0.947240514936676
2019-10-21,186.2049560546875,193.38999938964844,193.5200042724609,192.13999938964844,192.7100067138672,15801200,0.008868575226802733,0.008829480387187208,0.96450976392807
2019-10-22,184.72222900390625,191.8500061035156,194.4199981689453,191.7899932861328,194.1499938964844,22392300,-0.00796287640349258,-0.007994749417136297,0.9488666154844563
2019-10-23,185.07843017578125,192.22000122070312,192.25999450683597,191.1499938964844,191.4600067138672,14828400,0.0019283070250710743,0.0019264502276800648,0.9526246286700215
2019-10-24,186.87890625,194.08999633789065,194.2100067138672,192.7400054931641,193.58999633789065,18998500,0.00972817887264732,0.009681164802174496,0.97162011032886
2019-10-25,188.371337890625,195.63999938964844,195.7400054931641,193.0500030517578,193.08999633789065,21507100,0.007986089337597368,0.007954369293632335,0.9873656446697499
2019-10-28,190.22964477539065,197.57000732421875,197.8300018310547,196.5500030517578,196.5500030517578,18818700,0.00986512547808438,0.00981678280541499,1.0069712561252508
2019-10-29,188.7564849853516,196.0399932861328,197.5399932861328,196.00999450683597,197.2400054931641,18569700,-0.0077441126054693665,-0.00777425395835294,0.9914290447218765
2019-10-30,189.67120361328125,196.9900054931641,197.32000732421875,195.2899932861328,196.4199981689453,21764300,0.004846024908763402,0.004834320727327723,1.0010795594766337
2019-10-31,189.75782775878903,197.0800018310547,197.6499938964844,195.94000244140625,197.55999755859372,26801800,0.00045670688991039654,0.000456602631061366,1.0019934662987056
2019-11-01,191.48133850097656,198.8699951171875,198.8800048828125,197.6300048828125,197.92999267578125,22131900,0.009082685876750096,0.009041686355565005,1.020176944080403
2019-11-04,192.66567993164065,200.1000061035156,200.52999877929688,198.8699951171875,200.19000244140625,19015900,0.006185153289274936,0.006166103737912119,1.0326720481509994
2019-11-05,192.7715759277344,200.2100067138672,200.5500030517578,199.5500030517578,200.3500061035156,15048900,0.0005496360126584499,0.0005494850181107383,1.0337892779105875
2019-11-06,192.33827209472656,199.75999450683597,200.0,198.7899932861328,199.97999572753903,19725500,-0.0022477579016643157,-0.00225028790138547,1.029217811990844
2019-11-07,192.9833831787109,200.42999267578125,201.72000122070312,199.8500061035156,200.75999450683597,17832400,0.0033540442937254333,0.003348432032843074,1.0360238984138777
2019-11-08,193.75363159179688,201.22999572753903,201.25,199.5399932861328,200.07000732421875,15258800,0.003991268058414654,0.003983324078743547,1.0441502155657858
2019-11-11,193.49371337890625,200.9600067138672,201.0399932861328,199.94000244140625,200.2100067138672,10147600,-0.0013414882124027638,-0.0013423888132351428,1.0414080121472238
2019-11-12,194.05213928222656,201.5399932861328,202.2100067138672,200.82000732421875,201.1300048828125,14778300,0.002886015744743009,0.002881859196625372,1.047299547811725
2019-11-13,194.1002655029297,201.58999633789065,201.77999877929688,200.7100067138672,200.83999633789065,15774600,0.0002480066485281984,0.0002479758999631353,1.047807291711111
2019-11-14,193.94622802734372,201.42999267578125,201.55999755859372,200.22000122070312,200.8300018310547,16945400,-0.0007935974491680708,-0.0007939125143246987,1.0461821570680212
2019-11-15,195.37127685546875,202.91000366210935,202.91000366210935,202.0,202.6499938964844,18427900,0.007347649101606235,0.007320786631692836,1.061216785556125
2019-11-18,195.5253143310547,203.07000732421875,203.38999938964844,201.7700042724609,202.58999633789065,18365900,0.0007884346054609637,0.0007881239541721799,1.0628419201992143
2019-11-19,195.814208984375,203.3699951171875,203.83999633789065,202.58999633789065,203.83999633789065,16923300,0.0014775306937042654,0.001476440219236359,1.0658898324525685
2019-11-20,194.63949584960935,202.1499938964844,203.4499969482422,200.6199951171875,202.83999633789065,36629000,-0.005999121007911112,-0.006017188028077863,1.0534963093586724
2019-11-21,194.20620727539065,201.6999969482422,202.07000732421875,201.07000732421875,201.92999267578125,17883600,-0.0022261081818331085,-0.00222858964400453,1.0489250044230451
2019-11-22,194.33139038085935,201.8300018310547,202.32000732421875,200.7400054931641,202.1999969482422,17189600,0.0006445885907817583,0.0006443809327872663,1.050245718104264
2019-11-25,196.6326141357422,204.22000122070312,204.25999450683597,202.6699981689453,202.6999969482422,17752800,0.011841750066074352,0.011772185185175048,1.0745242154720938
2019-11-26,197.00811767578125,204.6100006103516,204.8699951171875,204.0500030517578,204.3500061035156,14780600,0.0019096706906405192,0.001907849587669901,1.0784858735634049
2019-11-27,198.38497924804688,206.0399932861328,206.0500030517578,204.88999938964844,205.13999938964844,16963100,0.006988857050710617,0.0069645481843488375,1.0930121142156608
2019-11-29,197.47991943359372,205.1000061035156,205.8300018310547,205.0,205.5200042724609,9854600,-0.004562138816576078,-0.004572577131326644,1.0834635024058334
2019-12-02,195.4579162597656,203.0,205.17999267578125,201.77999877929688,205.1100006103516,28007000,-0.010239031794359588,-0.010291811263270468,1.0621308533623122
2019-12-03,193.927001953125,201.41000366210935,201.4900054931641,199.22999572753903,200.2100067138672,31104100,-0.007832449746399628,-0.007863284494187876,1.0459793170828515
2019-12-04,194.9091033935547,202.42999267578125,202.91000366210935,202.13999938964844,202.44000244140625,15300100,0.005064284140622544,0.005051503784436657,1.056340737690396
2019-12-05,195.2942352294922,202.8300018310547,203.1499938964844,201.83999633789065,203.1499938964844,14962300,0.0019759561212482346,0.0019740064877893444,1.0604039767584075
2019-12-06,197.3836212158203,205.0,205.1499938964844,204.1499938964844,204.30999755859372,16555300,0.010698656741571888,0.010641831059872195,1.0824475316547155
2019-12-09,196.48814392089844,204.07000732421875,205.58999633789065,203.97999572753903,204.6300048828125,13984100,-0.0045367355680578925,-0.004547057784139865,1.0730000178692434
2019-12-10,196.32444763183597,203.8999938964844,204.8800048828125,203.44000244140625,204.1699981689453,21799800,-0.0008331102620032782,-0.0008334574912244857,1.0712729802812233
2019-12-11,197.3643493652344,204.97999572753903,205.19000244140625,204.0399932861328,204.3600006103516,18780800,0.0052968529693691035,0.005282873985034927,1.0822442087171997
2019-12-12,198.8375244140625,206.50999450683597,207.32000732421875,204.4900054931641,204.7700042724609,32612000,0.007464240900477481,0.007436521306061138,1.097786581104689
2019-12-13,199.4922790527344,207.19000244140625,207.91000366210935,205.9600067138672,206.3999938964844,32519400,0.003292912847317586,0.0032875030824771802,1.104694409488539
2019-12-16,201.49497985839844,209.2700042724609,209.52999877929688,208.47999572753903,208.5500030517578,21296600,0.01003898905347933,0.009988933131337417,1.1258234136263137
2019-12-17,201.61053466796875,209.38999938964844,209.7100067138672,209.0399932861328,209.5399932861328,15996100,0.000573487288127561,0.0005733229071366756,1.1270425463308325
2019-12-18,201.76458740234372,209.5500030517578,210.1300048828125,209.3300018310547,209.57000732421875,15443300,0.0007641105393063619,0.0007638187554754952,1.1286678419580367
2019-12-19,203.02589416503903,210.8600006103516,210.92999267578125,209.6199951171875,209.63999938964844,17865900,0.006251378296529886,0.006231919485379861,1.1419749499057743
2019-12-20,203.8443298339844,211.7100067138672,212.5200042724609,211.2700042724609,211.8600006103516,27672600,0.004031188594495472,0.004023085124197808,1.1506096548935294
2019-12-23,204.3827362060547,211.80999755859372,212.1499938964844,211.6300048828125,212.0,23774700,0.002641262440357117,0.0026377804366271855,1.1562899793988692
2019-12-24,204.48892211914065,211.9199981689453,212.08999633789065,211.44000244140625,212.0,7089000,0.000519544434413044,0.000519409517931428,1.1574102678566467
2019-12-26,206.29330444335935,213.7899932861328,213.80999755859372,212.22999572753903,212.25999450683597,17067500,0.008823863442183999,0.008785160664548462,1.1764469614489794
2019-12-27,206.11964416503903,213.6100006103516,214.55999755859372,213.0399932861328,214.5399932861328,18134100,-0.0008418124804820959,-0.0008421670035835215,1.1746148012337243
2019-12-30,204.76873779296875,212.2100067138672,213.6300048828125,211.16000366210935,213.5,21815500,-0.006553991384676605,-0.006575563091725532,1.160362394561448
2019-12-31,205.15464782714844,212.6100006103516,212.75999450683597,211.1999969482422,211.52999877929688,18170900,0.0018846140203778727,0.0018828403634644668,1.1644338438193356
2020-01-02,208.58023071289065,216.16000366210935,216.16000366210935,213.97999572753903,214.3999938964844,30969400,0.016697564115770946,0.01655969242296069,1.2005746167008535
2020-01-03,206.66964721679688,214.17999267578125,215.47000122070312,213.27999877929688,213.3000030517578,27518900,-0.009159945262136038,-0.009202155520903003,1.1804174736666275
2020-01-06,208.0012359619141,215.55999755859372,215.58999633789065,212.2400054931641,212.5,21655300,0.0064430784251563455,0.006422410524460266,1.1944660744490427
2020-01-07,207.97232055664065,215.52999877929688,216.13999938964844,214.8500061035156,215.63999938964844,22139300,-0.00013901554545925343,-0.0001390252090157932,1.1941610095507116
2020-01-08,209.5354766845703,217.1499938964844,218.13999938964844,215.16000366210935,215.5,26397300,0.007516173901151113,0.007488068209746794,1.2106527052656202
2020-01-09,211.3109588623047,218.9900054931641,219.41000366210935,217.7100067138672,218.94000244140625,23547000,0.008473420376479357,0.008437722463901575,1.2293844949437371
2020-01-10,210.7705993652344,218.42999267578125,219.8699951171875,218.0399932861328,219.8500061035156,21898500,-0.002557176873265732,-0.0025604520346824483,1.2236835644716497
2020-01-13,213.20225524902344,220.9499969482422,220.97999572753903,218.97999572753903,219.3300018310547,22756900,0.011536978549723242,0.01147093508864519,1.249338154056331
2020-01-14,212.36276245117188,220.0800018310547,221.2100067138672,219.7400054931641,220.83999633789065,24418100,-0.003937541827927715,-0.003945314355561768,1.2404812909895804
2020-01-15,212.4495849609375,220.1699981689453,221.1999969482422,219.4499969482422,220.1999969482422,25742100,0.00040884055548850995,0.000408757002960936,1.2413972906051502
2020-01-16,214.485595703125,222.27999877929688,222.32000732421875,220.8000030517578,221.2700042724609,18805000,0.00958350068117042,0.009537870239785369,1.2628777230664383
2020-01-17,215.5470733642578,223.3800048828125,223.55999755859372,222.1199951171875,223.27999877929688,24325200,0.004948946140896249,0.004936740360877768,1.274076583041328
2020-01-21,215.45053100585935,223.27999877929688,223.83999633789065,222.66000366210935,222.75999450683597,21146300,-0.00044789454522220495,-0.00044799487994472663,1.2730580365443664
2020-01-22,216.0198211669922,223.8699951171875,225.1499938964844,223.58999633789065,224.41000366210935,20736400,0.0026423242424840065,0.002638839441083155,1.2790641928989008
2020-01-23,216.714599609375,224.58999633789065,224.69000244140625,222.6999969482422,223.7400054931641,26496100,0.003216271722795927,0.0032111105843532794,1.2863942826169583
2020-01-24,214.89089965820312,222.6999969482422,225.8800048828125,221.6699981689453,225.63999938964844,37436500,-0.00841521500839848,-0.008450822835954816,1.2671537831347637
2020-01-27,210.4521942138672,218.1000061035156,219.27999877929688,217.17999267578125,217.6699981689453,42264400,-0.02065562316224634,-0.0208719344268178,1.2203243089394706
2020-01-28,213.68467712402344,221.4499969482422,221.9600067138672,219.05999755859372,219.63999938964844,26731900,0.015359701628348432,0.01524293555465772,1.25442782784295
2020-01-29,214.0320587158203,221.80999755859372,222.92999267578125,220.8300018310547,222.67999267578125,28924500,0.0016256738502371526,0.001624353872878295,1.2580927922099212
2020-01-30,214.79443359375,222.6000061035156,222.6999969482422,219.69000244140625,220.3800048828125,39568100,0.0035619658218675188,0.0035556370457464456,1.2661360415583784
2020-01-31,211.38818359375,219.07000732421875,223.55999755859372,218.2899932861328,223.52999877929688,52015800,-0.015858185628973898,-0.0159852720184575,1.2301992355508378
2020-02-03,214.5821075439453,222.3800048828125,222.88999938964844,219.9900054931641,220.13999938964844,25408600,0.015109283290562159,0.014996274964502558,1.2638959475951705
2020-02-04,219.4936065673828,227.47000122070312,227.8600006103516,224.6499938964844,225.4199981689453,30691200,0.02288866988796645,0.02263065395840527,1.3157135146003816
2020-02-05,220.21728515625,228.22000122070312,230.25,226.8500061035156,230.2100067138672,38534800,0.0032970372129952352,0.0032916139031035183,1.3233485082326548
2020-02-06,222.1182556152344,230.19000244140625,230.25,227.97999572753903,228.7899932861328,22467100,0.008632249088147637,0.008595204260121688,1.3434042312742953
2020-02-07,221.16297912597656,229.1999969482422,230.44000244140625,228.5399932861328,229.16000366210935,25884900,-0.004300756309344678,-0.004310031163906321,1.3333258207412975
2020-02-10,223.8358154296875,231.97000122070312,231.97999572753903,228.3800048828125,228.44000244140625,21478900,0.012085369415233194,0.012012924437088292,1.3615249252510582
2020-02-11,223.8744354248047,232.00999450683597,234.0200042724609,231.3999938964844,233.25,30198000,0.00017253715650045187,0.00017252227367713397,1.3619323760466657
2020-02-12,226.05514526367188,234.2700042724609,234.3800048828125,232.8000030517578,233.3800048828125,24471300,0.009740772030219835,0.009693636553787265,1.3849394208725316
2020-02-13,225.7657165527344,233.97000122070312,234.92999267578125,232.3600006103516,232.63999938964844,22773200,-0.001280345601511912,-0.001281165944231123,1.3818858741751452
2020-02-14,226.4121551513672,234.63999938964844,234.8600006103516,233.5500030517578,234.33999633789065,23438500,0.002863316045072617,0.0028592245639605758,1.388705966216203
2020-02-18,226.49905395507807,234.72999572753903,235.1699981689453,233.25,233.5,24394500,0.0003838080320943682,0.00038373439663227015,1.3896227707523483
2020-02-19,228.6702117919922,236.97999572753903,237.47000122070312,235.8500061035156,236.1300048828125,22230500,0.009585725851838367,0.009540074285527259,1.4125290395220906
2020-02-20,226.54730224609372,234.77999877929688,236.9499969482422,231.8800048828125,236.4600067138672,42604000,-0.009283717058125363,-0.009327079343452725,1.3901318025246567
2020-02-21,222.1954345703125,230.2700042724609,234.00999450683597,229.32000732421875,233.6100006103516,66017200,-0.019209532104928262,-0.019396432551462953,1.3442184889290494
2020-02-24,213.62681579589844,221.38999938964844,224.25,220.25999450683597,221.67999267578125,84522600,-0.03856343309206278,-0.0393266891842878,1.2538173760780573
2020-02-25,207.8179168701172,215.3699951171875,223.9900054931641,214.7400054931641,223.25,97743000,-0.02719180597313753,-0.02756834466954271,1.1925320112888569
2020-02-26,208.88900756835935,216.47999572753903,220.27999877929688,214.8999938964844,216.7100067138672,79537700,0.005153986308656711,0.005140749981640563,1.2038322912563313
2020-02-27,198.42909240722656,205.63999938964844,216.4199981689453,205.5,210.8999938964844,121822600,-0.05007403349221118,-0.05137122741605135,1.0934775192927453
2020-02-28,198.58346557617188,205.8000030517578,207.1699981689453,198.1699981689453,198.63999938964844,148173700,0.0007779764906070685,0.0007776740237616637,1.0951061955863692
2020-03-02,208.8311309814453,216.4199981689453,216.57000732421875,205.94000244140625,208.8800048828125,112933900,0.05160381996326224,0.05031644639196509,1.2032216785073233
2020-03-03,202.13442993164065,209.47999572753903,219.6100006103516,207.6199951171875,217.1100006103516,131953500,-0.03206754193367689,-0.03259296886480221,1.1325697749426036
2020-03-04,210.56797790527344,218.22000122070312,218.3300018310547,211.3699951171875,213.32000732421875,73086200,0.041722471409175066,0.04087556563810524,1.2215458564057173
2020-03-05,204.17044067382807,211.58999633789065,216.3600006103516,210.1000061035156,212.69000244140625,78705500,-0.030382289344695,-0.030853397894030028,1.1540502074038907
2020-03-06,200.72560119628903,208.0200042724609,209.1499938964844,202.91000366210935,204.6699981689453,89828400,-0.01687237127064012,-0.01701633132258095,1.1177062725689728
2020-03-09,186.7823638916016,193.57000732421875,201.16000366210935,192.1100006103516,193.47999572753903,116424000,-0.06946417009882255,-0.07199469756790172,0.9706015638318981
2020-03-10,196.9528045654297,204.1100006103516,204.3000030517578,193.67999267578125,201.1100006103516,100599200,0.05445075467473193,0.053020019679995874,1.0779023061457518
2020-03-11,188.3744964599609,195.22000122070312,200.75,192.72999572753903,199.3500061035156,89168800,-0.04355514573349972,-0.044532145431926434,0.9873989683815985
2020-03-12,171.1021728515625,177.32000732421875,190.77999877929688,176.94000244140625,182.08999633789065,137820700,-0.09169141222930699,-0.09617110374525009,0.8051715503076218
2020-03-13,185.5955047607422,192.33999633789065,194.47999572753903,178.1300048828125,187.07000732421875,134882000,0.08470571511533742,0.08130871989438554,0.9580798973822913
2020-03-16,163.36338806152344,169.3000030517578,184.67999267578125,169.16000366210938,174.14999389648438,92054400,-0.11978801279631723,-0.12759250597067853,0.7235253975784499
2020-03-17,175.75315856933594,182.13999938964844,184.38999938964844,169.77999877929688,175.47000122070312,121257100,0.07584178226731231,0.07310340842528618,0.8542406355137775
2020-03-18,170.40744018554688,176.60000610351562,179.22000122070312,166.8000030517578,171.61000061035156,114156300,-0.03041605867743269,-0.03088822597156045,0.7978419435419104
2020-03-19,171.43026733398438,177.66000366210938,183.4900054931641,171.6300048828125,175.69000244140625,120896500,0.006002244663283474,0.005984302950687867,0.8086330307529621
2020-03-20,164.71432495117188,170.6999969482422,182.8699951171875,170.10000610351562,181.7400054931641,118983900,-0.03917594300735905,-0.03996397002790526,0.7377781262189571
2020-03-23,164.83322143554688,170.4600067138672,174.2100067138672,164.92999267578125,170.9199981689453,124639800,0.0007218345120270087,0.0007215741147972354,0.7390325144447076
2020-03-24,177.5975341796875,183.66000366210935,183.8300018310547,177.9499969482422,179.91000366210938,94881800,0.07743774363550693,0.07458576279799047,0.8736992684720879
2020-03-25,176.2823944091797,182.3000030517578,189.50999450683597,179.97999572753906,184.4199981689453,88754900,-0.007405169089663155,-0.007432723468452622,0.8598242085658738
2020-03-26,185.5655212402344,191.8999938964844,192.72000122070312,183.6100006103516,183.8699951171875,79887600,0.05266054424871891,0.0513208110452468,0.9577635635958957
2020-03-27,179.1833953857422,185.3000030517578,190.50999450683597,184.66000366210935,186.92999267578125,58845000,-0.03439284308764379,-0.03499819734521832,0.8904305085504356
2020-03-30,185.70091247558597,192.0399932861328,192.4900054931641,186.33999633789065,187.05999755859372,49356900,0.03637344339754822,0.035727545484764825,0.9591919756501932
2020-03-31,184.11505126953125,190.3999938964844,195.25,189.1999969482422,191.72000122070312,62659300,-0.008539867601691009,-0.008576541212138423,0.9424607355718451
2020-04-01,176.29205322265625,182.30999755859372,187.66000366210935,180.8600006103516,184.7700042724609,53715400,-0.04248972581509747,-0.04341882776568503,0.8599261115108048
2020-04-02,179.86993408203125,186.00999450683597,190.1000061035156,180.97000122070312,181.2400054931641,56465300,0.020295190815300845,0.020091988187377594,0.897673666846277
2020-04-03,177.31712341308594,183.3699951171875,187.07000732421875,181.2899932861328,185.5500030517578,47487600,-0.014192536857110749,-0.014294214093453501,0.8707408633867928
2020-04-06,189.99432373046875,196.47999572753903,197.6499938964844,189.19000244140625,190.47999572753903,64763500,0.0714945069791677,0.06905440944067592,1.0044885591004142
2020-04-07,189.9169464111328,196.3999938964844,202.66000366210935,196.0,202.3699951171875,69904500,-0.0004072612161072353,-0.0004073441694795333,1.0036722086521621
2020-04-08,193.9493408203125,200.57000732421875,201.1699981689453,196.1699981689453,198.1499938964844,45940400,0.021232409668436647,0.021010142728863056,1.046214997827526
2020-04-09,194.22976684570312,200.8600006103516,203.22000122070312,199.02999877929688,202.3500061035156,68252600,0.0014458725366353065,0.0014448282694028939,1.049173563896936
2020-04-13,196.3281097412109,203.02999877929688,203.4199981689453,198.75,200.0,42853900,0.010803405315183756,0.010745465456959126,1.0713116164688743
2020-04-14,204.86663818359372,211.8600006103516,212.5,206.4199981689453,207.22999572753903,63959600,0.043491115223580845,0.04257193309885232,1.1613952686446636
2020-04-15,202.51687622070312,209.42999267578125,211.8300018310547,207.1199951171875,208.47999572753903,47036000,-0.011469715048405438,-0.011535999560459117,1.1366046808063377
2020-04-16,206.2107696533203,213.25,214.3699951171875,209.69000244140625,211.69000244140625,64657400,0.018239928945929407,0.018075576945967467,1.1755761983697854
2020-04-17,208.1834259033203,215.2899932861328,216.50999450683597,212.0800018310547,216.1699981689453,62863200,0.009566213507259613,0.009520747018273112,1.196388224784703
2020-04-20,205.71762084960935,212.7400054931641,215.8800048828125,212.57000732421875,213.3600006103516,38249100,-0.011844386953532404,-0.011915090553108411,1.170373352750171
2020-04-21,198.1267242431641,204.88999938964844,211.16000366210935,203.6300048828125,210.6000061035156,72932800,-0.03689959360357664,-0.03759760844840159,1.0902874580656574
2020-04-22,204.0060272216797,210.97000122070312,212.3500061035156,208.3300018310547,209.1000061035156,40089100,0.029674457097972562,0.029242691213788127,1.152315603562457
2020-04-23,203.57090759277344,210.5200042724609,214.44000244140625,210.1000061035156,211.7899932861328,43278500,-0.002132876341116252,-0.0021351541613083623,1.1477249805330034
2020-04-24,206.78131103515625,213.83999633789065,214.3000030517578,209.5,210.97000122070312,34231900,0.015770443234477183,0.015647381929269993,1.1815955554217679
2020-04-27,208.4445037841797,215.55999755859372,216.6300048828125,214.5,216.19000244140625,36451700,0.008043245014249134,0.00801107052877131,1.1991426629960222
2020-04-28,204.51858520507807,211.5,217.32000732421875,211.2100067138672,217.32000732421875,46862800,-0.018834358823710984,-0.01901398435697424,1.157723220976624
2020-04-29,211.77099609375,219.0,219.97000122070312,215.13999938964844,216.19000244140625,48716400,0.03546088919693857,0.034846631171042176,1.2342380050333372
2020-04-30,211.6839599609375,218.91000366210935,220.0399932861328,217.3500061035156,219.9499969482422,43359500,-0.00041099175249648123,-0.0004110762327547105,1.2333197516401544
2020-05-01,205.71762084960935,212.7400054931641,216.6699981689453,211.67999267578125,214.5,48795000,-0.028185126130620075,-0.0285899516434326,1.1703733527501714
2020-05-04,208.11578369140625,215.22000122070312,215.4499969482422,211.1199951171875,211.4600067138672,32841000,0.01165754703895816,0.011590121343701474,1.1956745822019577
2020-05-05,210.4751892089844,217.66000366210935,220.13999938964844,216.8500061035156,217.44000244140625,37783100,0.011336984998104205,0.01127320299472878,1.2205669120010998
2020-05-06,211.77099609375,219.0,221.0399932861328,218.1100006103516,219.3999938964844,36455200,0.006156577835304766,0.006137703537757127,1.2342380050333368
2020-05-07,214.4978790283203,221.82000732421875,222.72999572753903,220.4199981689453,221.82000732421875,38624800,0.012876564708432126,0.012794366616447984,1.2630073152791867
2020-05-08,217.43753051757807,224.8600006103516,225.0,222.47999572753903,223.5500030517578,31852300,0.013704804460419107,0.013611742923858909,1.294021388027586
2020-05-11,219.38119506835935,226.8699951171875,227.92999267578125,223.25,223.4900054931641,35714100,0.008938956150553512,0.00889924018606285,1.3145275446235964
2020-05-12,214.7879943847656,222.1199951171875,228.1000061035156,222.08999633789065,227.4900054931641,41054100,-0.02093707567853531,-0.021159364440033215,1.2660681062617578
2020-05-13,212.0997467041016,219.33999633789065,224.6100006103516,216.7100067138672,222.66000366210935,65521200,-0.012515819091118985,-0.012594801667949719,1.2377064077956312
2020-05-14,214.50755310058597,221.8300018310547,221.8699951171875,215.9900054931641,217.97000122070312,51549300,0.011352236077129652,0.011288282997001822,1.2631093792082329
2020-05-15,215.9000244140625,223.2700042724609,223.3300018310547,218.3300018310547,218.77999877929688,55747200,0.006491479173339698,0.006470500262907028,1.2778003066103527
2020-05-18,219.92266845703125,227.42999267578125,228.67999267578125,225.47000122070312,226.27999877929688,42398100,0.01863197585959475,0.01846052694462152,1.3202402269360944
2020-05-19,219.3714904785156,226.8600006103516,229.8500061035156,226.7100067138672,227.6999969482422,36237300,-0.002506235407121471,-0.0025093812723645708,1.3144251587263196
2020-05-20,223.75196838378903,231.38999938964844,231.75999450683597,229.47999572753903,229.5,37417000,0.019968309900791015,0.019771558088822198,1.3606403175379542
2020-05-21,221.315185546875,228.8699951171875,232.13999938964844,228.33999633789065,231.44000244140625,43642900,-0.010890553743573617,-0.0109502899266472,1.3349316372905604
2020-05-22,222.0790863037109,229.66000366210935,229.8699951171875,227.5,228.4499969482422,28762400,0.0034516418516348235,0.0034456986079381443,1.3429909850505388
2020-05-26,221.47959899902344,229.0399932861328,233.57000732421875,228.7899932861328,233.3600006103516,33055300,-0.002699431606394631,-0.002703081642054288,1.3366662411319958
2020-05-27,222.68832397460935,230.2899932861328,230.41000366210935,223.94000244140625,228.69000244140625,55665600,0.005457500289185679,0.005442662096295802,1.3494185978187043
2020-05-28,222.3982086181641,229.9900054931641,233.47000122070312,229.0500030517578,229.1100006103516,42784300,-0.0013027865640514724,-0.0013036359282408553,1.3463578068361333
2020-05-29,225.65692138671875,233.3600006103516,233.6000061035156,228.75999450683597,230.3800048828125,50691800,0.01465260349353592,0.01454629134060498,1.3807380574336658
2020-06-01,226.33383178710935,234.05999755859372,234.4499969482422,232.0,232.4600067138672,25776000,0.0029997324975932216,0.002995242277463035,1.3878796347528066
2020-06-02,227.85202026367188,235.6300048828125,235.69000244140625,232.00999450683597,234.5,33383400,0.00670773991044582,0.0066853431218630134,1.4038969102801788
2020-06-03,228.8770294189453,236.69000244140625,237.47000122070312,235.3500061035156,236.25999450683597,37228700,0.004498573916910109,0.004488485577379486,1.4147110182197062
2020-06-04,227.2718505859375,235.02999877929688,237.7899932861328,233.67999267578125,236.3300018310547,38716100,-0.007013280612226169,-0.007037989258249409,1.3977759722514969
2020-06-05,231.77804565429688,239.69000244140625,240.3000030517578,235.6300048828125,236.22000122070312,47365600,0.01982733478317611,0.019633333342429816,1.445317479188383
2020-06-08,233.5766448974609,241.5500030517578,241.67999267578125,237.91000366210935,239.5399932861328,32937300,0.007760006941497366,0.00773005294995658,1.4642931598010498
2020-06-09,235.26882934570312,243.3000030517578,244.17999267578125,240.47000122070312,240.66000366210935,35046300,0.00724466458958295,0.0072185480681749405,1.4821461371942117
2020-06-10,238.0924224853516,246.22000122070312,247.82000732421875,244.50999450683597,245.0500030517578,58084400,0.012001560714613335,0.011930113072200543,1.511935764762291
2020-06-11,226.29515075683597,234.0200042724609,243.58999633789065,233.9600067138672,242.16000366210935,72919400,-0.049549127206017785,-0.05081880403487067,1.387471540020739
2020-06-12,228.09376525878903,235.8800048828125,240.3999938964844,231.7400054931641,239.08999633789065,72034800,0.007948091224834863,0.00791667152241204,1.4064473816175207
2020-06-15,230.8690643310547,238.75,239.4499969482422,231.47000122070312,232.44000244140625,45307400,0.012167360511221581,0.0120939331914015,1.4357274944609464
2020-06-16,234.83370971679688,242.8500061035156,244.38999938964844,239.1000061035156,243.77999877929688,48890100,0.017172700886668224,0.01702691669750426,1.477555514164758
2020-06-17,235.5782623291016,243.6199951171875,245.5,242.72999572753903,244.3999938964844,34749300,0.0031705525292882175,0.003165536926309881,1.4854107340666451
2020-06-18,236.2165069580078,244.27999877929688,244.52999877929688,242.4900054931641,243.2899932861328,30578600,0.0027092679205460435,0.0027056044695684556,1.4921443776378327
2020-06-19,236.1778259277344,244.2400054931641,247.0,242.4499969482422,246.72999572753903,49422100,-0.00016375244377098142,-0.00016376585266624812,1.4917362829057645
2020-06-22,239.01022338867188,246.7400054931641,246.8699951171875,243.3800048828125,243.67999267578125,24068700,0.011992647700144854,0.011921305720448762,1.5216187983083218
2020-06-23,241.0444183349609,248.83999633789065,251.1499938964844,247.82000732421875,248.38999938964844,32767400,0.008510911865811988,0.008474898250284872,1.5430800736598989
2020-06-24,236.07513427734372,243.7100067138672,249.3300018310547,242.16000366210935,248.05999755859372,46032400,-0.020615636287880212,-0.020831105011754992,1.4906528598103708
2020-06-25,238.3224639892578,246.02999877929688,246.33999633789065,241.13999938964844,243.8000030517578,36940800,0.009519552827083944,0.009474527406444845,1.5143627612832633
2020-06-26,232.69444274902344,240.22000122070312,245.9600067138672,239.67999267578125,245.77999877929688,52824600,-0.023615152117964278,-0.02389845893479194,1.4549857021958141
2020-06-29,235.2323760986328,242.83999633789065,242.8500061035156,237.3500061035156,239.97000122070312,34377800,0.010906720932509328,0.010847671620022932,1.4817615461429643
2020-06-30,239.84329223632807,247.6000061035156,248.16000366210935,242.5800018310547,242.7700042724609,38909200,0.019601537059515506,0.019411901030961947,1.530407887062566
2020-07-01,242.64273071289065,250.4900054931641,251.5200042724609,247.0800018310547,247.63999938964844,34689200,0.011671948172743418,0.011604356428812012,1.5599426767762612
2020-07-02,244.28944396972656,252.19000244140625,254.2700042724609,251.7100067138672,253.0200042724609,31956500,0.006786575686804408,0.006763650545716345,1.577315921506084
2020-07-06,250.29527282714844,258.3900146484375,258.92999267578125,255.42999267578125,255.4499969482422,34589000,0.024584888973615104,0.02428754419404005,1.6406789472862413
2020-07-07,248.5709991455078,256.6099853515625,260.8800048828125,256.29998779296875,258.1300048828125,36578200,-0.006888958237862508,-0.006912796654986961,1.6224874202987838
2020-07-08,251.84507751464844,259.989990234375,260.0199890136719,256.5,257.9800109863281,30426300,0.013171602400906313,0.013085611118280967,1.657029781900338
2020-07-09,253.9664764404297,262.17999267578125,262.8699951171875,257.6300048828125,261.9700012207031,40312900,0.008423428191316695,0.00838814909557746,1.679411081470365
2020-07-10,255.70042419433597,263.9700012207031,264.2300109863281,259.260009765625,262.0299987792969,32885300,0.006827467066555792,0.006804265458891157,1.6977046723868687
2020-07-13,250.4405670166016,258.5400085449219,269.7900085449219,257.69000244140625,266.9100036621094,64108100,-0.020570388939741502,-0.02078490629280618,1.6422118380313129
2020-07-14,252.2132110595703,260.3699951171875,260.7900085449219,252.75999450683597,255.92999267578125,72230500,0.007078102657590568,0.00705317046823883,1.6609136846639996
2020-07-15,252.72662353515625,260.8999938964844,262.69000244140625,257.489990234375,261.8299865722656,54523900,0.002035628797671052,0.002033559712820095,1.6663303171886188
2020-07-16,251.00233459472656,259.1199951171875,259.7799987792969,255.6199951171875,258.0199890136719,47594100,-0.006822743549176669,-0.006846124874490706,1.648138629217046
2020-07-17,251.29299926757807,259.4200134277344,260.3099975585937,257.1700134277344,259.5899963378906,35137900,0.0011580158141588637,0.0011573458310300986,1.6512052156277641
2020-07-20,258.42242431640625,266.7799987792969,267.42999267578125,258.7900085449219,260.0799865722656,40610100,0.02837096564411934,0.02797596345963106,1.7264224677158495
2020-07-21,255.7294921875,264.0,268.4100036621094,263.1300048828125,268.3999938964844,43243800,-0.010420659646815711,-0.010475334886955118,1.6980113471263514
2020-07-22,256.6303100585937,264.92999267578125,265.8900146484375,262.54998779296875,264.510009765625,29865500,0.0035225419774158606,0.0035163523576293965,1.707515205352148
2020-07-23,249.9271545410156,258.010009765625,265.239990234375,256.54998779296875,264.510009765625,51363500,-0.02611989018774763,-0.026467073457699764,1.6367952055066928
2020-07-24,247.5538787841797,255.55999755859372,256.92999267578125,251.32000732421875,254.0399932861328,54054500,-0.009495869951363867,-0.009541243191814413,1.6117565411468213
2020-07-27,251.97105407714844,260.1199951171875,260.5199890136719,256.45001220703125,257.260009765625,36445700,0.017843288558688553,0.017685965766180457,1.6583588667555462
2020-07-28,248.7647399902344,256.8099975585937,259.8500061035156,256.510009765625,259.3099975585937,31302400,-0.012724930245092025,-0.01280658561547076,1.62453143560966
2020-07-29,251.63204956054688,259.7699890136719,260.6600036621094,257.9100036621094,258.3999938964844,27556900,0.011526189645787444,0.011460269179537148,1.6547822826678278
2020-07-30,252.9494171142578,261.1300048828125,261.7099914550781,256.54998779296875,257.739990234375,41774500,0.005235293183088574,0.0052216366788644455,1.6686808462548628
2020-07-31,257.4634094238281,265.7900085449219,265.95001220703125,260.8500061035156,265.9100036621094,53686300,0.01784543471602995,0.017688074298115485,1.7163046160746234
2020-08-03,260.94097900390625,269.3800048828125,270.1499938964844,267.8699951171875,268.0,32081600,0.013507043924651185,0.013416636984089667,1.7529938618366763
2020-08-04,261.9096069335937,270.3800048828125,270.4800109863281,268.0899963378906,268.8599853515625,24911300,0.0037120575441427217,0.0037051848611495877,1.7632131334704857
2020-08-05,262.55859375,271.04998779296875,271.5199890136719,269.9599914550781,270.8800048828125,21612100,0.002477903823401295,0.00247483888176524,1.7700601098587847
2020-08-06,266.0361633300781,274.6400146484375,274.9800109863281,270.19000244140625,270.8500061035156,28048200,0.013244927657516836,0.013157980500937368,1.8067493556208376
2020-08-07,262.9654541015625,271.4700012207031,274.8800048828125,269.25,274.0799865722656,44969400,-0.011542450432596718,-0.011609581585552147,1.774352590306861
2020-08-10,261.8418884277344,270.3099975585937,271.9800109863281,266.6700134277344,271.7699890136719,35088400,-0.004272674057764991,-0.004281828013451495,1.7624986859671639
2020-08-11,256.8822631835937,265.19000244140625,270.44000244140625,264.6300048828125,269.1099853515625,43104300,-0.018941298025008324,-0.019122982292685782,1.710173375062566
2020-08-12,263.34326171875,271.8599853515625,272.8399963378906,267.3699951171875,267.4200134277344,38773400,0.025151594567424995,0.024840498793619086,1.7783385569995698
2020-08-13,263.9437866210937,272.4800109863281,274.8299865722656,271.510009765625,272.6600036621094,31895700,0.0022803883358331056,0.002277792196406938,1.784674247837947
2020-08-14,263.63385009765625,272.1600036621094,273.3999938964844,270.7200012207031,273.1199951171875,30799500,-0.0011742520155716418,-0.001174941989658208,1.781404338489713
2020-08-17,266.6949157714844,275.32000732421875,275.8399963378906,272.20001220703125,273.92999267578125,24803000,0.01161104946384639,0.01154415851385246,1.813699361842874
2020-08-18,269.2618713378906,277.9700012207031,278.4599914550781,274.9100036621094,276.4200134277344,23529500,0.009625063751143026,0.009579037923709253,1.840781397577162
2020-08-19,267.4503479003906,276.1000061035156,279.0199890136719,275.57000732421875,277.92999267578125,31999400,-0.006727738422447338,-0.006750471674205945,1.8216693634189087
2020-08-20,271.16046142578125,279.92999267578125,280.42999267578125,274.8599853515625,275.2799987792969,27723400,0.0138721581576422,0.013776820453036439,1.8608120070968295
2020-08-21,273.03955078125,281.8699951171875,282.3399963378906,279.4599914550781,280.1300048828125,34748900,0.006929805863245653,0.006905905113435094,1.8806368789172527
2020-08-24,274.7445678710937,283.6300048828125,286.0,281.2699890136719,285.25,36418500,0.006244579164319308,0.006225162570231388,1.8986252439513094
2020-08-25,276.9046630859375,285.8599853515625,286.0599975585937,282.3699951171875,282.8299865722656,34866600,0.00786219444330305,0.007831448441455956,1.9214147992375215
2020-08-26,282.8135986328125,291.9599914550781,292.2200012207031,285.8299865722656,287.1499938964844,42216700,0.021339241748490112,0.021114748195287473,1.9837555758860677
2020-08-27,281.9320983886719,291.04998779296875,293.8500061035156,288.7099914550781,292.9700012207031,49482700,-0.0031168948325045465,-0.0031217624664365813,1.9744555235501315
2020-08-28,283.3656616210937,292.5299987792969,293.17999267578125,290.92999267578125,292.3299865722656,28021000,0.005084781905341895,0.005071898057743345,1.9895799811745234
2020-08-31,285.6420593261719,294.8800048828125,296.75,292.6199951171875,293.07000732421875,36321000,0.008033428228583661,0.00800133202448143,2.0135965573868995
2020-09-01,290.524169921875,299.9200134277344,300.0400085449219,295.7900085449219,297.6199951171875,36216200,0.017091707738069006,0.016947287767952502,2.0651040689862072
2020-09-02,293.2752380371094,302.760009765625,303.5,296.8900146484375,303.2799987792969,50836800,0.00946932613549567,0.009424773104059146,2.0941285390546724
2020-09-03,278.4061279296875,287.4100036621094,298.6199951171875,284.4100036621094,298.1000061035156,110083300,-0.05070018937480303,-0.052030607583293885,1.9372556361746178
2020-09-04,274.6960754394531,283.5799865722656,288.92999267578125,271.79998779296875,285.5599975585937,123959000,-0.013326044645006418,-0.01341563317531068,1.8981136364331581
2020-09-08,261.4931335449219,269.95001220703125,278.2200012207031,269.6600036621094,272.2200012207031,99568600,-0.04806381697812556,-0.04925728107858189,1.7588192330298247
2020-09-09,269.1747131347656,277.8800048828125,280.04998779296875,273.0,275.6400146484375,64837900,0.02937583670251187,0.028952634775192682,1.839861856311058
2020-09-10,263.8081359863281,272.3399963378906,282.20001220703125,270.5599975585937,280.94000244140625,69667500,-0.0199371519186895,-0.020138578678589772,1.783243099053693
2020-09-11,261.9773864746094,270.45001220703125,275.2200012207031,266.8999938964844,274.1499938964844,71809000,-0.0069397007217913975,-0.006963892431963937,1.763928224910269
2020-09-14,266.539794921875,275.1600036621094,277.2200012207031,272.9599914550781,274.3599853515625,38525200,0.01741527583224367,0.017265367872386375,1.812062797327605
2020-09-15,270.3177490234375,279.0599975585937,280.45001220703125,275.1300048828125,279.0299987792969,41849900,0.014174071465275384,0.014074558547418688,1.8519211763817687
2020-09-16,266.0070495605469,274.6099853515625,280.3599853515625,274.25,279.8800048828125,42321000,-0.015946786618576292,-0.016075304752422307,1.8064421979290097
2020-09-17,261.8514709472656,270.32000732421875,274.3999938964844,266.67999267578125,267.54998779296875,81570800,-0.015622061972216161,-0.01574537230944778,1.7625997839915204
2020-09-18,258.50958251953125,266.8699951171875,272.0899963378906,262.6300048828125,271.7900085449219,86251100,-0.012762534484319965,-0.012844675258925298,1.7273420089819536
2020-09-21,259.1296081542969,267.510009765625,267.6499938964844,260.1099853515625,262.4700012207031,57168600,0.0023984628682720555,0.0023955911471012776,1.7338834375195753
2020-09-22,263.9437866210937,272.4800109863281,273.0799865722656,266.5400085449219,269.989990234375,41128900,0.018578264757496354,0.01840779689149301,1.7846742478379483
2020-09-23,255.88442993164065,264.1600036621094,272.3399963378906,263.25,272.1499938964844,48837300,-0.030534367914569316,-0.031010254040265778,1.6996459798322379
2020-09-24,257.0760498046875,265.3900146484375,268.70001220703125,261.2200012207031,261.3900146484375,70631700,0.00465686745131455,0.00464605779053206,1.7122178733257907
2020-09-25,263.0527648925781,271.5599975585937,272.3999938964844,264.29998779296875,265.9100036621094,55242400,0.023248821087889837,0.022982684264512356,1.7752737414141189
2020-09-28,268.5159606933594,277.20001220703125,277.20001220703125,271.6700134277344,276.5799865722656,58438300,0.020768440898206286,0.020555717082482113,1.832911850089022
2020-09-29,267.30517578125,275.95001220703125,277.7099914550781,275.3699951171875,276.6199951171875,27050000,-0.004509172970511344,-0.004519369955810205,1.8201377605467592
2020-09-30,269.1358947753906,277.8399963378906,281.0899963378906,275.8699951171875,276.1499938964844,49380800,0.00684879740465183,0.006825450927949101,1.8394523127219524
2020-10-01,273.4076843261719,282.25,282.8800048828125,279.8399963378906,281.7900085449219,50020200,0.015872240134844562,0.015747593350585228,1.8845207816809149
2020-10-02,265.71649169921875,274.3099975585937,282.239990234375,273.44000244140625,276.0199890136719,75497400,-0.02813085757230449,-0.028534110716744245,1.8033767384070964
2020-10-05,271.3832702636719,280.1600036621094,280.489990234375,276.2300109863281,276.3399963378906,28184600,0.021326408941405584,0.021102183430143102,1.8631626971471902
2020-10-06,266.539794921875,275.1600036621094,281.19000244140625,274.25,279.45001220703125,49704200,-0.017847361545503593,-0.018008546398601288,1.812062797327605
2020-10-07,271.1507873535156,279.9200134277344,280.739990234375,277.2799987792969,277.8900146484375,27539700,0.017299452162451656,0.017151520296287817,1.8607099431677838
2020-10-08,272.5940856933594,281.4100036621094,282.4700012207031,280.3099975585937,282.3999938964844,25443300,0.0053228624335950325,0.005308746072161226,1.8759371086576833
2020-10-09,276.7593688964844,285.7099914550781,285.7900085449219,282.7099914550781,283.1099853515625,30201100,0.015280167185323767,0.015164601188937027,1.9198819084924494
2020-10-12,285.3030700683594,294.5299987792969,297.4599914550781,289.4700012207031,290.54998779296875,79370700,0.030870503881914146,0.030403594703803234,2.0100201342832964
2020-10-13,285.2933959960937,294.5199890136719,297.04998779296875,293.1099853515625,296.3900146484375,64240000,-3.3908055259823655e-05,-3.390863015092507e-05,2.00991807035425
2020-10-14,282.9104919433594,292.0599975585937,296.3500061035156,290.260009765625,295.3500061035156,36949100,-0.008352468322705087,-0.008387545644284481,1.9847778250176784
2020-10-15,281.0118408203125,290.1000061035156,290.7099914550781,286.5400085449219,287.20001220703125,42514200,-0.006711137186905747,-0.006733758133063766,1.9647465715615504
2020-10-16,279.4716491699219,288.510009765625,293.2699890136719,288.1499938964844,291.79998779296875,40570700,-0.005480878122055666,-0.005495953243049836,1.9484971569400393
2020-10-19,274.9091796875,283.79998779296875,291.4800109863281,282.7900085449219,290.489990234375,36756800,-0.016325339246299864,-0.016460065915151752,1.9003619405862424
2020-10-20,275.5,284.4100036621094,287.6199951171875,282.95001220703125,284.5599975585937,32195400,0.002149147268096341,0.002146841154633581,1.906595245527344
2020-10-21,275.2870178222656,284.19000244140625,287.32000732421875,283.69000244140625,284.6700134277344,29306100,-0.0007730750552972232,-0.0007733740319152925,1.9043482292471814
2020-10-22,275.2772521972656,284.17999267578125,285.9800109863281,280.82000732421875,285.04998779296875,32196200,-3.5474339027175006e-05,-3.5474968256420754e-05,1.904245199413444
2020-10-23,275.8197937011719,284.739990234375,284.9100036621094,281.7799987792969,284.7699890136719,24658500,0.0019708911636384663,0.0019689515058005343,1.9099691506140073
2020-10-26,271.6835632324219,280.4700012207031,285.29998779296875,276.760009765625,282.3800048828125,38421100,-0.014996133574196158,-0.01510971251236755,1.8663308645346097
2020-10-27,273.804931640625,282.6600036621094,283.510009765625,280.20001220703125,281.5,30559100,0.007808232426590678,0.007777905941644556,1.8887118421364066
2020-10-28,263.1300964355469,271.6400146484375,278.6400146484375,271.3800048828125,278.010009765625,53413500,-0.03898700852871806,-0.039767351402615815,1.7760896089100258
2020-10-29,267.7313537597656,276.3900146484375,279.489990234375,272.5199890136719,273.0,43246300,0.017486625006219336,0.017335493291184702,1.8246340468846975
2020-10-30,260.94097900390625,269.3800048828125,275.239990234375,267.07000732421875,274.3399963378906,65838300,-0.025362643039381738,-0.025689818750568298,1.7529938618366767
2020-11-02,261.52215576171875,269.9800109863281,273.5199890136719,266.9700012207031,271.8500061035156,39987400,0.0022272345264857663,0.002224757916313857,1.7591254248169625
2020-11-03,266.0458679199219,274.6499938964844,276.82000732421875,270.8399963378906,271.9599914550781,43604100,0.017297624918344745,0.017149724123347736,1.806851741518115
2020-11-04,277.9217529296875,286.9100036621094,288.7699890136719,281.8699951171875,283.5899963378906,75728200,0.044638486974510005,0.04367088008489503,1.9321453564212518
2020-11-05,285.1673889160156,294.3900146484375,295.3900146484375,292.0,293.5299987792969,52054200,0.026070776792204597,0.025736727597613907,2.0085886635308094
2020-11-06,285.38055419921875,294.6099853515625,295.3599853515625,289.8299865722656,293.7099914550781,40959800,0.0007475093278141998,0.00074723008186725,2.010837611620355
2020-11-09,279.5490417480469,288.5899963378906,299.1400146484375,288.1199951171875,297.6499938964844,86537100,-0.020434161912451176,-0.020645827840562535,1.9493136683724068
2020-11-10,274.5410461425781,283.4200134277344,286.6600036621094,280.6199951171875,285.1700134277344,69024900,-0.017914551143345947,-0.018076959284292284,1.8964780378225803
2020-11-11,280.6825561523437,289.760009765625,290.25,283.3800048828125,286.0299987792969,36102900,0.0223700976449841,0.022123556996077785,1.9612725343552233
2020-11-12,279.3650817871094,288.3999938964844,292.07000732421875,287.25,290.760009765625,34414600,-0.004693823454134605,-0.004704874036659384,1.947372843879382
2020-11-13,281.8157653808594,290.92999267578125,291.57000732421875,287.8699951171875,290.1700134277344,24806900,0.008772333242482944,0.008734079878614255,1.9732281806557368
2020-11-16,284.0147399902344,293.20001220703125,293.510009765625,289.989990234375,290.6199951171875,30168400,0.007802880035484128,0.0077725950053498805,1.9964279234675142
2020-11-17,283.1138610839844,292.2699890136719,293.739990234375,291.6099853515625,293.3999938964844,21843500,-0.003171944196561638,-0.0031769854748128525,1.986923421305256
2020-11-18,281.0215148925781,290.1099853515625,293.3699951171875,290.0199890136719,291.70001220703125,28069600,-0.0073904759851569635,-0.007417920856852453,1.9648486354905965
2020-11-19,283.22052001953125,292.3800048828125,292.70001220703125,288.8500061035156,289.5400085449219,22718400,0.007825041893300355,0.0077945850339419765,1.9880487002706047
2020-11-20,281.28302001953125,290.3800048828125,293.07000732421875,290.2900085449219,292.29998779296875,25907300,-0.006840959122122903,-0.006864465749569354,1.9676075812571412
2020-11-23,281.29278564453125,290.3900146484375,292.75,288.07000732421875,291.4100036621094,26875600,3.471814615507718e-05,3.4717543494189764e-05,1.9677106110908782
2020-11-24,285.2449035644531,294.4700012207031,294.9800109863281,289.6300048828125,291.489990234375,24516800,0.014049837470471616,0.013952053340363589,2.009406462836099
2020-11-25,286.99822998046875,296.2799987792969,296.94000244140625,294.5899963378906,295.57000732421875,23326800,0.006146740552086527,0.0061279264001572135,2.027904503578925
2020-11-27,289.6427307128906,299.010009765625,300.1700134277344,297.8999938964844,298.3099975585937,17163100,0.009214345094051168,0.009172152006029242,2.055804660586733
2020-11-30,290.2335205078125,299.6199951171875,299.9700012207031,294.7799987792969,299.3399963378906,27836200,0.0020397190479035654,0.0020376416454050313,2.0620376435596044
2020-12-01,293.9532775878906,303.4599914550781,305.1400146484375,300.8299865722656,301.9700012207031,27521300,0.01281642821122042,0.012734992863920266,2.1012820291983405
2020-12-02,294.3310546875,303.8500061035156,304.20001220703125,300.3500061035156,302.25,23620000,0.0012851603585077864,0.0012843352467925,2.105267673922819
2020-12-03,294.7476806640625,304.2799987792969,305.8800048828125,303.5299987792969,304.1700134277344,22828700,0.0014155012525092214,0.0014145003749955495,2.109663184204633
2020-12-04,295.9487609863281,305.5199890136719,305.6700134277344,303.6300048828125,304.3299865722656,19332100,0.0040749440998471,0.00406666400147542,2.1223348878496195
2020-12-07,297.6245422363281,307.25,307.6300048828125,305.5199890136719,305.7099914550781,20851000,0.005662403330951582,0.005646432186886689,2.1400148073189253
2020-12-08,298.6319274902344,308.2900085449219,308.6000061035156,304.95001220703125,306.760009765625,18341500,0.0033847519641250212,0.0033790365843265535,2.15064297860538
2020-12-09,291.8706970214844,301.3099975585937,308.3599853515625,300.2099914550781,308.07000732421875,48839300,-0.022640681877429514,-0.022900917559316374,2.0793102732174185
2020-12-10,293.0426940917969,302.5199890136719,303.67999267578125,298.0899963378906,299.2099914550781,27519500,0.004015466719587302,0.0040074262500706705,2.0916751411388064
2020-12-11,292.39373779296875,301.8500061035156,301.9800109863281,298.4700012207031,300.8099975585937,26760400,-0.002214545224679232,-0.0022170009561774855,2.084828486718738
2020-12-14,294.5151672363281,304.0400085449219,306.04998779296875,303.010009765625,303.0799865722656,28804800,0.007255386039975553,0.007229192347274714,2.107210108256996
2020-12-15,297.6632995605469,307.2900085449219,307.2900085449219,304.1099853515625,306.3699951171875,25709000,0.010689202711562151,0.010632477060870378,2.14042370697157
2020-12-16,299.3004150390625,308.9800109863281,309.7900085449219,306.6199951171875,307.70001220703125,25461900,0.005499890248252148,0.00548482107914866,2.1576956926929225
2020-12-17,301.257080078125,311.0,311.239990234375,309.3900146484375,310.6300048828125,23730500,0.006537461830138591,0.006516185305849301,2.1783390077550955
2020-12-18,300.3465576171875,310.0599975585937,311.9800109863281,307.6099853515625,311.6600036621094,41173400,-0.003022410164439493,-0.003026986870154883,2.168732763632022
2020-12-21,299.7846069335937,308.9200134277344,309.4700012207031,303.6000061035156,306.4599914550781,37095500,-0.0018710075722261355,-0.001872760093221675,2.1628040406369053
2020-12-22,300.5998229980469,309.760009765625,310.7099914550781,306.8500061035156,309.8500061035156,26176300,0.0027193393042816982,0.0027156485905104385,2.1714047779763503
2020-12-23,299.0859680175781,308.20001220703125,310.17999267578125,308.0400085449219,309.8099975585937,21201300,-0.005036114011546133,-0.00504883797123257,2.1554332219376993
2020-12-24,300.4056701660156,309.5599975585937,310.0199890136719,308.3900146484375,308.4700012207031,16785000,0.004412450898933384,0.0044027445794302305,2.1693564160943626
2020-12-28,303.43341064453125,312.67999267578125,313.1700134277344,310.3599853515625,312.25,22497700,0.010078839313659937,0.01002838653314021,2.2012998501398946
2020-12-29,303.705078125,312.9599914550781,314.69000244140625,312.0299987792969,314.04998779296875,25871900,0.0008953116925776161,0.000894911140125883,2.204166011327172
2020-12-30,303.7149658203125,312.9700012207031,314.489990234375,312.3299865722656,314.1600036621094,18138100,3.255689820380603e-05,3.2556368239498333e-05,2.204270329033831
2020-12-31,304.4620666503906,313.739990234375,314.239990234375,311.760009765625,312.8699951171875,21611400,0.002459874929311656,0.0024568543893972615,2.2121524332829585
2021-01-04,300.1632385253906,309.3099975585937,315.2900085449219,305.17999267578125,315.1099853515625,45305900,-0.014119421090103446,-0.01422004843896721,2.166798700471836
2021-01-05,302.6376953125,311.8599853515625,312.1400146484375,308.2900085449219,308.2900085449219,29323400,0.008243703656935608,0.00820990992856909,2.1929048504996946
2021-01-06,298.4454345703125,307.5400085449219,311.8800048828125,305.9800109863281,307.0,52809600,-0.013852407704395886,-0.013949247655045268,2.1486754307492295
2021-01-07,305.6654357910156,314.9800109863281,315.8399963378906,310.25,310.2799987792969,30394800,0.024192031052839402,0.02390403936074114,2.2248482845452275
2021-01-08,309.5956420898437,319.0299987792969,319.3900146484375,315.0799865722656,317.3399963378906,33955800,0.012857869548309475,0.012775908955061544,2.2663129631009995
2021-01-11,305.1219787597656,314.4200134277344,317.19000244140625,313.75,315.9800109863281,32746400,-0.014450020355195492,-0.014555438662839378,2.219114674297751
2021-01-12,304.63677978515625,313.9200134277344,315.5799865722656,311.20001220703125,314.4599914550781,29266800,-0.0015901803487955446,-0.0015914460275159676,2.2139957014021636
2021-01-13,306.69415283203125,316.0400085449219,316.8599853515625,313.57000732421875,314.19000244140625,22898400,0.006753528081297144,0.006730825169704825,2.2357015116247516
2021-01-14,305.0540466308594,314.3500061035156,317.5299987792969,313.8599853515625,316.5,23500100,-0.005347693087810912,-0.005362043181286298,2.2183979730168164
2021-01-15,302.6376953125,311.8599853515625,315.1199951171875,310.5799865722656,314.1300048828125,35118700,-0.007921059710718659,-0.007952597958820681,2.192904850499694
2021-01-19,307.0531311035156,316.4100036621094,316.92999267578125,313.1199951171875,314.25,24537000,0.014589840787864405,0.014484433078307737,2.239488823919285
2021-01-20,314.19549560546875,323.7699890136719,324.739990234375,316.510009765625,320.1400146484375,30728100,0.023261005273856883,0.022994591547644095,2.3148425905370718
2021-01-21,316.7088623046875,326.3599853515625,327.1300048828125,323.7300109863281,325.1499938964844,25130600,0.007999372156419327,0.007967546788287783,2.341359250058727
2021-01-22,315.7966613769531,325.4200134277344,326.4599914550781,324.7099914550781,325.2900085449219,21609400,-0.002880250717003263,-0.0028844066210483876,2.3317352976829797
2021-01-25,318.4071960449219,328.1099853515625,330.32000732421875,321.4100036621094,328.9100036621094,39080600,0.008266504961091714,0.008232524546694632,2.3592771040503204
2021-01-26,318.8729858398437,328.5899963378906,329.760009765625,327.2200012207031,328.8500061035156,25498100,0.0014628745854603498,0.0014618056268085981,2.3641913051513543
2021-01-27,309.9837951660156,319.42999267578125,326.2699890136719,317.3599853515625,326.260009765625,55264000,-0.02787690105016527,-0.028272837530382216,2.2704080770238235
2021-01-28,311.81793212890625,321.32000732421875,326.4200134277344,320.0299987792969,320.6700134277344,42836300,0.005916880145003578,0.0058994441536532145,2.2897586896408253
2021-01-29,305.2579040527344,314.5599975585937,320.7200012207031,312.760009765625,319.5799865722656,55259000,-0.021038007761080113,-0.02126246025028624,2.220548720796081
2021-02-01,312.88543701171875,322.4200134277344,323.5400085449219,316.0199890136719,318.1099853515625,35646000,0.02498717595095168,0.024680101244740727,2.301021138341225
2021-02-02,317.9898376464844,327.67999267578125,328.8699951171875,325.3099975585937,325.4800109863281,33930800,0.01631396041796096,0.01618231758004096,2.3548738665309763
2021-02-03,316.7283630371094,326.3800048828125,330.20001220703125,326.32000732421875,329.82000732421875,24824500,-0.003967028062001776,-0.003974917590055996,2.3415649877579714
2021-02-04,320.4742126464844,330.239990234375,330.3299865722656,326.4599914550781,327.82000732421875,22350900,0.011826694563934925,0.011757305769350133,2.381084656233724
2021-02-05,321.56103515625,331.3599853515625,332.3999938964844,329.5299987792969,331.2200012207031,22732000,0.0033912947341085964,0.003385557262101598,2.3925509108239846
2021-02-08,323.7153625488281,333.5799865722656,333.739990234375,331.4100036621094,333.1000061035156,20462800,0.0066995909237925755,0.006677248399519957,2.4152796141146453
2021-02-09,323.6474609375,333.510009765625,334.8099975585937,332.6099853515625,332.6199951171875,17597500,-0.0002097571483586913,-0.00020977915046612174,2.4145632348019412
2021-02-10,322.9099426269531,332.75,335.4599914550781,329.5,334.989990234375,28068700,-0.0022787705746571962,-0.0022813709234731526,2.4067822285771685
2021-02-11,324.68585205078125,334.5799865722656,335.0,332.1199951171875,334.3299865722656,22046100,0.00549970499322705,0.005484636837415805,2.4255185258105114
2021-02-12,326.5005798339844,336.45001220703125,336.6199951171875,332.6300048828125,333.7099914550781,20346800,0.005589180346913691,0.005573618835574027,2.4446643666329604
2021-02-16,325.617431640625,335.5400085449219,338.19000244140625,334.3399963378906,337.2699890136719,27080800,-0.002704890122426251,-0.002708554947838611,2.435346928012581
2021-02-17,324.0550231933594,333.92999267578125,335.6600036621094,330.1700134277344,332.4700012207031,31360300,-0.004798294856001473,-0.004809843630524145,2.4188631205193176
2021-02-18,322.63824462890625,332.4700012207031,333.8699951171875,328.3599853515625,330.2300109863281,32236200,-0.004372030868374344,-0.0043816161436134845,2.4039157454216604
2021-02-19,321.2311096191406,331.0199890136719,333.989990234375,329.9700012207031,333.8599853515625,39157700,-0.004361339776640882,-0.004370878162495379,2.3890701122848186
2021-02-22,312.9048156738281,322.44000244140625,327.79998779296875,322.2300109863281,326.5,47256900,-0.025919948896557243,-0.026261790725635527,2.3012255881675467
2021-02-23,311.9732666015625,321.4800109863281,323.20001220703125,311.0,317.0,97241900,-0.0029771004650713806,-0.0029815408438199392,2.2913975079337074
2021-02-24,314.5447998046875,324.1300048828125,324.45001220703125,315.9599914550781,318.739990234375,58206300,0.008242799875571416,0.0082090135363913,2.3185278389025594
2021-02-25,303.5789794921875,312.8299865722656,324.0299987792969,311.239990234375,321.3900146484375,110182600,-0.03486250708741356,-0.03548470809025775,2.2028356385990397
2021-02-26,304.85028076171875,314.1400146484375,319.1099853515625,310.8800048828125,315.8500061035156,104739800,0.0041877117831341515,0.004178967721384996,2.216248191142243
2021-03-01,314.0208435058594,323.5899963378906,323.94000244140625,317.94000244140625,319.2699890136719,49164500,0.03008218565922416,0.029638590960499284,2.312999966354328
2021-03-02,308.9842529296875,318.3999938964844,324.3299865722656,318.1400146484375,324.25,48370000,-0.0160390326958596,-0.016169050090495764,2.2598626515725893
2021-03-03,300.0174865722656,309.1600036621094,318.239990234375,309.1000061035156,317.2699890136719,86301100,-0.02902014025764077,-0.029449552674865636,2.165260980203308
2021-03-04,295.107177734375,304.1000061035156,312.0400085449219,300.1099853515625,308.7799987792969,139131600,-0.016366742132238543,-0.016502156820752137,2.113455969959084
2021-03-05,299.5517883300781,308.67999267578125,309.6099853515625,297.45001220703125,306.79998779296875,121523700,0.015061004716407478,0.014948713856501933,2.160347745006965
2021-03-08,291.0701599121094,299.94000244140625,310.0599975585937,299.510009765625,308.1199951171875,88409800,-0.028314397537906877,-0.02872298110141499,2.07086440259681
2021-03-09,302.55035400390625,311.7699890136719,313.7300109863281,306.9200134277344,307.4700012207031,80391100,0.03944132952434365,0.03868338566905187,2.1919833774242075
2021-03-10,301.6866760253906,310.8800048828125,316.4700012207031,310.1700134277344,316.1600036621094,76798100,-0.0028546586281782416,-0.0028587409370364157,2.182871354534842
2021-03-11,308.6348571777344,318.0400085449219,319.8599853515625,314.8500061035156,315.7699890136719,53484800,0.02303111706451033,0.022769903969752234,2.2561764373024102
2021-03-12,306.1312561035156,315.4599914550781,318.2300109863281,311.3900146484375,313.8599853515625,69315600,-0.008111854562095067,-0.008144934669784467,2.229762807614492
2021-03-15,309.4015808105469,318.8299865722656,319.0,314.1000061035156,315.7900085449219,42955700,0.010682753367481812,0.010626095905674308,2.2642655671237035
2021-03-16,311.09979248046875,320.5799865722656,324.20001220703125,319.1000061035156,321.0899963378906,54925900,0.005488697457437075,0.005473689448781767,2.2821821332423746
2021-03-17,312.3807678222656,321.8999938964844,323.8500061035156,315.67999267578125,317.45001220703125,78258700,0.0041175705441118815,0.004109116549187202,2.2956967497146237
2021-03-18,302.8123779296875,312.0400085449219,317.8800048828125,311.57000732421875,316.8699951171875,82718100,-0.030630534521325692,-0.03110945443843895,2.194747796650669
2021-03-19,303.8798522949219,313.1400146484375,314.7300109863281,309.6600036621094,311.8699951171875,78446200,0.0035252005632420147,0.0035190016078388508,2.206009923382838
2021-03-22,309.5785217285156,318.6099853515625,320.739990234375,315.2099914550781,315.2099914550781,56194800,0.018753034762117426,0.018579364476098405,2.26613233892373
2021-03-23,308.22802734375,317.2200012207031,321.0899963378906,316.3800048828125,319.7300109863281,53455400,-0.004362364602121693,-0.004371907477696955,2.251884278822564
2021-03-24,303.02960205078125,311.8699951171875,318.6700134277344,311.7200012207031,318.6300048828125,64803700,-0.016865517836803456,-0.017009360294864224,2.1970395665148614
2021-03-25,302.5050048828125,311.3299865722656,312.8900146484375,307.3900146484375,309.9700012207031,78729000,-0.0017311746589062649,-0.0017326748734283405,2.1915049326337903
2021-03-26,307.0426025390625,316.0,316.3299865722656,309.6700134277344,311.1099853515625,63519600,0.015000074653336082,0.01488868604383276,2.2393777448797874
2021-03-29,306.95513916015625,315.9100036621094,316.989990234375,312.4700012207031,315.45001220703125,54608000,-0.00028485746988526905,-0.000284898049480794,2.238454983931378
2021-03-30,305.4102478027344,314.32000732421875,314.9100036621094,311.5400085449219,313.8900146484375,44635700,-0.0050329548534315816,-0.0050456628277488185,2.222155986202381
2021-03-31,310.0838928222656,319.1300048828125,320.739990234375,315.8099975585937,316.1600036621094,55032500,0.01530284282585681,0.015186935307189953,2.2714641328196294
2021-04-01,315.3697204589844,324.57000732421875,324.7099914550781,322.8099975585937,323.07000732421875,55685600,0.01704644374981612,0.01690278342764774,2.3272309621392804
2021-04-05,321.6659851074219,331.04998779296875,331.8399963378906,326.8800048828125,327.1300048828125,42172500,0.01996470884799595,0.01976802752898325,2.3936581595684285
2021-04-06,321.44244384765625,330.82000732421875,332.8299865722656,330.0199890136719,330.7300109863281,33537200,-0.0006949483940336121,-0.000695189982603007,2.3912997422805375
2021-04-07,322.2198181152344,331.6199951171875,332.4800109863281,329.3699951171875,330.3299865722656,32046400,0.0024183933467931684,0.002415473739827874,2.39950123901425
2021-04-08,325.5816955566406,335.0799865722656,335.2699890136719,333.739990234375,334.5599975585937,29940800,0.010433490593691364,0.010379437381406856,2.434969903214747
2021-04-09,327.5541381835937,337.1099853515625,337.32000732421875,332.9200134277344,333.67999267578125,36664900,0.0060582110538518474,0.006039933874126358,2.4557796758520514
2021-04-12,327.1267395019531,336.6700134277344,337.1000061035156,334.7300109863281,336.0400085449219,25833000,-0.0013048184462288726,-0.0013056704630498368,2.4512705107848967
2021-04-13,330.9452209472656,340.6000061035156,341.0799865722656,338.0199890136719,338.239990234375,30374000,0.011672789118756022,0.011605187672244834,2.4915564636490704
2021-04-14,326.97125244140625,336.510009765625,340.9800109863281,335.6700134277344,340.8500061035156,42564300,-0.01200793440825243,-0.012080612044099536,2.4496300826508626
2021-04-15,331.92657470703125,341.6099853515625,342.010009765625,336.2200012207031,339.4700012207031,36342800,0.015155223062042644,0.015041529926449224,2.501909996034969
2021-04-16,332.3152770996094,342.010009765625,342.2300109863281,340.0799865722656,342.1499938964844,40860100,0.001171049328970497,0.0011703641855440564,2.5060109053859407
2021-04-19,329.2740478515625,338.8800048828125,341.5799865722656,336.8999938964844,340.3900146484375,34533100,-0.009151638391680983,-0.009193771891684016,2.4739251613825584
2021-04-20,326.87408447265625,336.4100036621094,339.5199890136719,334.3800048828125,338.20001220703125,38081800,-0.007288650273428621,-0.007315342262969304,2.448604935805177
2021-04-21,329.6723937988281,339.2900085449219,339.4800109863281,333.9700012207031,335.0899963378906,36598100,0.008560817327217585,0.00852438133082534,2.478127812694346
2021-04-22,325.69842529296875,335.20001220703125,339.8999938964844,334.010009765625,338.8900146484375,45936100,-0.012054295660207326,-0.012127537866024595,2.436201431696138
2021-04-23,329.7987060546875,339.4200134277344,340.7699890136719,335.8500061035156,335.8500061035156,36381900,0.012589194307680573,0.012510609261972283,2.479460439200091
2021-04-26,331.946044921875,341.6300048828125,341.9200134277344,338.8999938964844,339.6700134277344,30812000,0.006511059102916716,0.00648995372032234,2.5021154117659834
2021-04-27,330.50799560546875,340.1499938964844,342.1499938964844,339.1700134277344,341.92999267578125,33187200,-0.0043321778897672525,-0.0043415889625310015,2.4869436248117176
2021-04-28,329.390625,339.0,340.8500061035156,338.3299865722656,339.8099975585937,33615700,-0.003380767244138272,-0.0033864949507231962,2.4751550800227973
2021-04-29,330.5760803222656,340.2200012207031,342.79998779296875,336.8999938964844,342.3699951171875,37708900,0.00359893461529337,0.0035924739464871683,2.487661935933804
2021-04-30,328.40924072265625,337.989990234375,340.260009765625,337.04998779296875,337.70001220703125,38263400,-0.006554738012190753,-0.00657631464519521,2.4648012256686678
2021-05-03,326.6603088378906,336.19000244140625,340.0,335.7300109863281,339.2300109863281,29729700,-0.005325464901405175,-0.005339695735972391,2.446349548351024
2021-05-04,320.78179931640625,330.1400146484375,333.8900146484375,326.2099914550781,333.5599975585937,65147000,-0.01799578755802156,-0.018159680981089183,2.3843297740282154
2021-05-05,319.7032775878906,329.0299987792969,333.1400146484375,328.2300109863281,332.25,46219300,-0.0033621662164561306,-0.003367830998145343,2.372951094796631
2021-05-06,322.1128845214844,331.510009765625,331.6700134277344,326.45001220703125,328.760009765625,46814300,0.007537010417202561,0.007508749069402852,2.398373062334828
2021-05-07,324.72662353515625,334.20001220703125,336.6499938964844,331.69000244140625,334.3699951171875,53324500,0.00811435723086551,0.008081612848049006,2.425948675366363
2021-05-10,316.52593994140625,325.760009765625,332.9599914550781,325.54998779296875,332.7799987792969,60700500,-0.025254115306200475,-0.025578473037755785,2.3394293724855357
2021-05-11,316.08868408203125,325.3099975585937,326.1300048828125,319.0199890136719,319.70001220703125,71963600,-0.0013814218811132317,-0.001382376923966097,2.334816211679952
2021-05-12,307.9073791503906,316.8900146484375,322.6199951171875,316.0,320.2300109863281,91164900,-0.025882941540284365,-0.026223799337499624,2.248501358625447
2021-05-13,310.28790283203125,319.3399963378906,322.3999938964844,316.8999938964844,319.9200134277344,69877800,0.007731297925399616,0.007701564594754683,2.273616490440046
2021-05-14,317.1380920410156,326.3900146484375,327.3299865722656,322.0799865722656,322.6000061035156,44370000,0.022076881330087117,0.021836715302531475,2.345887733219707
2021-05-17,315.2142333984375,324.4100036621094,326.3699951171875,321.45001220703125,324.6300048828125,39395000,-0.006066312091987047,-0.006084786917116043,2.325590534005245
2021-05-18,313.08624267578125,322.2200012207031,326.6499938964844,321.94000244140625,325.3900146484375,36528500,-0.006750934752259186,-0.006773825392587586,2.3031396892974447
2021-05-19,313.4457702636719,322.5899963378906,322.8999938964844,316.29998779296875,316.6600036621094,66319100,0.0011483340335172176,0.001147675202314909,2.3069327970201265
2021-05-20,319.5088806152344,328.8299865722656,329.7099914550781,323.8900146484375,324.1199951171875,46466100,0.019343410971735864,0.019158705289303617,2.3709001571687986
2021-05-21,317.7405090332031,327.010009765625,330.8599853515625,326.6400146484375,330.42999267578125,50330400,-0.005534655495728735,-0.005550028450368061,2.3522433860883716
2021-05-24,323.0846252441406,332.510009765625,333.6700134277344,326.8999938964844,329.3699951171875,32475800,0.01681912144975839,0.01667924623335731,2.408625174728141
2021-05-25,323.5315856933594,332.9700012207031,334.8099975585937,331.760009765625,334.07000732421875,31280300,0.0013834160287913289,0.001382459990467889,2.4133407214310014
2021-05-26,324.6586608886719,334.1300048828125,334.6099853515625,332.95001220703125,333.6600036621094,25444900,0.0034836635591455334,0.0034776096590089936,2.425231652117198
2021-05-27,323.4441833496094,332.8800048828125,334.5400085449219,332.6700134277344,333.6700134277344,27931700,-0.0037407828139812693,-0.0037477970399397687,2.4124186044190536
2021-05-28,324.46435546875,333.92999267578125,335.57000732421875,333.6000061035156,334.1199951171875,29927400,0.0031540901696720525,0.0031491264618554457,2.423181680394058
2021-06-01,323.3857727050781,332.82000732421875,335.7900085449219,331.42999267578125,335.29998779296875,31145400,-0.003324194924627877,-0.003329732335604125,2.411802357226013
2021-06-02,324.0173645019531,333.4700012207031,334.3399963378906,331.70001220703125,333.25,22047900,0.001953059937027657,0.0019511551951157042,2.418465811722968
2021-06-03,320.645751953125,330.0,331.8599853515625,328.2799987792969,330.54998779296875,37057800,-0.010405653888366895,-0.010460171226937078,2.3828944396569636
2021-06-04,326.0870056152344,335.6000061035156,336.0599975585937,331.7799987792969,331.8500061035156,38736500,0.016969673320059497,0.016827296877517873,2.440301053174188
2021-06-07,327.05859375,336.6000061035156,336.6600036621094,334.3399963378906,335.04998779296875,32611900,0.0029795364980351735,0.002975106476589238,2.4505515557263493
2021-06-08,327.214111328125,336.760009765625,339.2900085449219,335.0299987792969,338.3999938964844,27282800,0.0004755037204247081,0.0004753907043555942,2.4521923058286146
2021-06-09,327.2918701171875,336.8399963378906,338.9700012207031,336.6499938964844,338.1700134277344,21485300,0.0002376388620493053,0.00023761063040746218,2.453012680879747
2021-06-10,330.702392578125,340.3500061035156,340.4599914550781,336.7300109863281,337.19000244140625,33702100,0.01042043134073678,0.010366512891602798,2.4889945624395478
2021-06-11,331.5671081542969,341.239990234375,341.25,339.69000244140625,340.3599853515625,21222800,0.0026147847598883,0.0026113721577369917,2.498117532248748
2021-06-14,334.74444580078125,344.510009765625,344.5199890136719,340.4599914550781,341.67999267578125,27827700,0.009582789029259686,0.009537165343002613,2.5316392545598423
2021-06-15,332.5581970214844,342.260009765625,344.4700012207031,341.5199890136719,344.1499938964844,35963800,-0.006531097996463786,-0.006552518936093621,2.508573772500154
2021-06-16,331.3436889648437,341.010009765625,343.8399963378906,337.45001220703125,342.739990234375,55399500,-0.0036520166019610167,-0.003658701495114925,2.495760402833778
2021-06-17,335.5509948730469,345.3399963378906,346.3800048828125,339.9200134277344,339.9700012207031,59722700,0.012697709503227017,0.01261776958127924,2.540148552921845
2021-06-18,332.9177551269531,342.6300048828125,344.8099975585937,341.8599853515625,343.6300048828125,55414900,-0.00784750987577909,-0.00787846362766766,2.512367202191066
2021-06-21,334.9867553710937,344.3599853515625,344.69000244140625,340.1499938964844,342.42999267578125,32992600,0.006214748874993514,0.006195516963075649,2.534195682309447
2021-06-22,338.1094665527344,347.57000732421875,348.0299987792969,343.8399963378906,344.1499938964844,28941600,0.009321894467682501,0.009278713752729867,2.567141081488075
2021-06-23,338.2748107910156,347.739990234375,348.9200134277344,346.8800048828125,347.510009765625,27188500,0.0004890257583352042,0.0004889062242076372,2.568885505360538
2021-06-24,340.3663330078125,349.8900146484375,351.4599914550781,349.1700134277344,349.7300109863281,32581600,0.006182908540858012,0.006163872785772197,2.590951598032976
2021-06-25,339.94793701171875,349.4599914550781,350.7200012207031,348.8399963378906,350.4700012207031,28682800,-0.0012292520015020347,-0.001230008151473062,2.586537413593797
2021-06-28,344.0823669433594,353.7099914550781,353.8500061035156,350.7200012207031,350.7799987792969,39130300,0.012161950350350503,0.012088588052305739,2.6301567035475992
2021-06-29,345.32745361328125,354.989990234375,355.0199890136719,352.6700134277344,353.5299987792969,29426000,0.0036185715675653984,0.0036120402886620122,2.6432926853808634
2021-06-30,344.7827453613281,354.42999267578125,355.2300109863281,353.8299865722656,354.8299865722656,32724000,-0.0015773673545316225,-0.0015786127081762694,2.63754587443594
2021-07-01,344.9189453125,354.57000732421875,355.0899963378906,352.67999267578125,354.07000732421875,29290000,0.00039503122764772414,0.0003949532233543941,2.6389828186483433
2021-07-02,348.8781433105469,358.6400146484375,358.9700012207031,356.2799987792969,356.5199890136719,32727200,0.011478633029159413,0.011413253358216555,2.6807533670230237
2021-07-06,350.3859558105469,360.19000244140625,360.4800109863281,356.489990234375,359.260009765625,38842400,0.0043218886849494265,0.004312576146242518,2.69666117335205
2021-07-07,351.1252746582031,360.9500122070313,362.760009765625,358.94000244140625,362.4500122070313,35265200,0.0021100127884576825,0.0021077898378941556,2.7044611757024177
2021-07-08,349.00457763671875,358.7699890136719,359.6499938964844,354.4200134277344,355.739990234375,50890000,-0.0060397162338960975,-0.006058029093538421,2.68208728140169
2021-07-09,351.18365478515625,361.010009765625,361.5,357.57000732421875,358.1700134277344,35184500,0.006243692169292103,0.0062242810793528185,2.7050771009272276
2021-07-12,352.5552978515625,362.4200134277344,362.8900146484375,360.8299865722656,362.4500122070313,25717700,0.0039057713755084045,0.0038981636534041837,2.7195482850120807
2021-07-13,352.5552978515625,362.4200134277344,365.4700012207031,361.5400085449219,362.0299987792969,39723000,0.0,0.0,2.7195482850120807
2021-07-14,353.1875305175781,363.0700073242188,365.489990234375,362.2200012207031,364.8299865722656,35336400,0.0017932865280096966,0.0017916805094715413,2.7262185008418744
2021-07-15,350.7070007324219,360.5199890136719,363.1900024414063,358.4599914550781,362.9800109863281,53391600,-0.0070232654633111125,-0.00704804468103707,2.7000482791361606
2021-07-16,347.8663635253906,357.6000061035156,362.4100036621094,357.239990234375,361.3999938964844,47262000,-0.00809974480434894,-0.008132725950606143,2.670078832311387
2021-07-19,345.0162353515625,354.6700134277344,355.17999267578125,352.0400085449219,354.04998779296875,64404600,-0.008193169770552067,-0.008226918250425628,2.6400092533669506
2021-07-20,349.02410888671875,358.7900085449219,360.2799987792969,353.79998779296875,355.6300048828125,42183700,0.011616478079857107,0.011549524807002217,2.682293341069165
2021-07-21,351.7186584472656,361.55999755859375,361.55999755859375,358.1199951171875,358.3500061035156,30259900,0.007720239066411949,0.007690590518936136,2.7107215259748756
2021-07-22,354.04364013671875,363.9500122070313,363.9599914550781,361.7699890136719,361.7699890136719,30252200,0.006610345040314991,0.00658859251803661,2.735250675610094
2021-07-23,358.1779479980469,368.2000122070313,368.489990234375,363.9200134277344,365.30999755859375,31960800,0.011677396209494484,0.01160974159550723,2.778868677690975
2021-07-26,358.46002197265625,368.489990234375,368.8900146484375,366.6000061035156,367.489990234375,28438100,0.0007875246820356896,0.0007872147471835048,2.7818446300448283
2021-07-27,354.510498046875,364.4299926757813,368.2200012207031,360.1600036621094,368.2200012207031,57933100,-0.01101803181299399,-0.011079179894690178,2.740176145599194
2021-07-28,355.8724060058594,365.8299865722656,367.4500122070313,363.239990234375,365.6000061035156,42066200,0.0038416576278772485,0.0038342973057483194,2.7545446218185394
2021-07-29,356.5047302246094,366.4800109863281,367.6799926757813,365.25,365.25,25672500,0.0017768284589605443,0.001775251766672461,2.7612158035530237
2021-07-30,354.6467590332031,364.5700073242188,365.1700134277344,362.4100036621094,362.4400024414063,36484600,-0.005211631246058501,-0.005225259165930833,2.7416137337480575
2021-08-02,354.6759338378906,364.6000061035156,366.8800048828125,363.8699951171875,366.2799987792969,27334100,8.226440519876199e-05,8.226102166814212e-05,2.7419215353763478
2021-08-03,356.8257751464844,366.80999755859375,366.9299926757813,362.0,365.2799987792969,35558500,0.0060614242565901755,0.006043127722724566,2.764602909337135
2021-08-04,357.3413391113281,367.3399963378906,368.3200073242188,365.6300048828125,366.7699890136719,29602200,0.0014448618927040968,0.0014438190841150127,2.7700422406219993
2021-08-05,359.60791015625,369.6700134277344,369.9100036621094,367.4500122070313,368.1799926757813,21443900,0.006342873876721278,0.006322842511872285,2.7939551430641765
2021-08-06,358.0320739746094,368.0499877929688,369.3699951171875,366.9100036621094,368.3699951171875,33332100,-0.00438209543543111,-0.0043917249575874924,2.7773296695495246
2021-08-09,358.6935119628906,368.7300109863281,369.2699890136719,367.3900146484375,368.5199890136719,25960200,0.0018474266311909737,0.0018457222374508946,2.784308008975838
2021-08-10,356.85498046875,366.8399963378906,369.55999755859375,365.6199951171875,369.260009765625,35130800,-0.005125633536217533,-0.0051388146561429865,2.764911032933655
2021-08-11,356.2420654296875,366.2099914550781,368.6499938964844,364.8399963378906,368.1400146484375,34249800,-0.0017175465458192374,-0.0017190232199677169,2.758444622993723
2021-08-12,357.526123046875,367.5299987792969,367.8999938964844,364.2999877929688,365.6900024414063,25969200,0.003604452538862102,0.0035979720675087448,2.7719917582572453
2021-08-13,358.7811279296875,368.8200073242188,369.1600036621094,367.3800048828125,367.8900146484375,19336200,0.003510246669857997,0.003504100133721979,2.7852323797653997
2021-08-16,358.9367370605469,368.9800109863281,369.0199890136719,363.7000122070313,367.6700134277344,34856900,0.00043371604230491023,0.0004336220146887752,2.786874095772356
2021-08-17,355.775146484375,365.7300109863281,367.1499938964844,363.2300109863281,366.1499938964844,44793900,-0.00880821116852848,-0.008847232769847226,2.753518509068163
2021-08-18,352.3509216308594,362.2099914550781,366.6199951171875,361.8699951171875,365.1799926757813,38541900,-0.009624688198016096,-0.009671304864536377,2.7173920637728997
2021-08-19,354.0533142089844,363.9599914550781,365.6799926757813,359.9599914550781,360.2200012207031,48499400,0.00483152582727886,0.004819891465798197,2.73535273953914
2021-08-20,357.720703125,367.7300109863281,368.1400146484375,364.739990234375,365.05999755859375,39486000,0.010358295682697305,0.010305016145592826,2.77404462769446
2021-08-23,363.0709533691406,373.2300109863281,373.9400024414063,368.7900085449219,368.7999877929688,34034700,0.014956501531506516,0.014845755941438008,2.830491131948546
2021-08-24,364.1799926757813,374.3699951171875,374.989990234375,373.3599853515625,373.8399963378906,21732900,0.0030546076361914754,0.0030499518010428214,2.84219177941056
2021-08-25,364.5982360839844,374.7999877929688,375.3900146484375,373.8599853515625,374.6300048828125,20441900,0.0011484524592635381,0.001147793492217904,2.846604354008586
2021-08-26,362.2830200195313,372.4200134277344,374.6199951171875,371.9700012207031,373.9200134277344,29133300,-0.006350047354369948,-0.006370294664836534,2.822178234207106
2021-08-27,365.804443359375,376.0400085449219,376.55999755859375,372.5700073242188,373.0700073242188,27104700,0.00972008939213831,0.00967315322729419,2.859330148316284
2021-08-30,369.90966796875,380.260009765625,380.760009765625,376.8299865722656,376.8500061035156,27295700,0.011222456927189262,0.011159952359258377,2.9026413146735663
2021-08-31,369.6081237792969,379.9500122070313,380.5799865722656,378.3599853515625,380.510009765625,29628200,-0.0008151833151832655,-0.0008155157577819937,2.8994599465886997
2021-09-01,370.2209167480469,380.5799865722656,382.7099914550781,380.3699951171875,381.0400085449219,28138300,0.0016579531923814894,0.001656580305233042,2.9059250686557103
2021-09-02,370.0458068847656,380.3999938964844,382.30999755859375,379.1499938964844,381.9700012207031,25453400,-0.0004729874930335942,-0.00047309938690220195,2.90407761494951
2021-09-03,371.1840515136719,381.5700073242188,381.9800109863281,379.2000122070313,379.2200012207031,24605400,0.0030759560241706563,0.003071234950172492,2.9160863860080437
2021-09-07,371.709228515625,382.1099853515625,382.7799987792969,380.489990234375,381.6799926757813,23970200,0.0014148695231153141,0.0014138695383524415,2.921627137285493
2021-09-08,370.4154968261719,380.7799987792969,381.9299926757813,378.4500122070313,381.9299926757813,32949200,-0.003480493865109291,-0.0034865648747162865,2.907977938092925
2021-09-09,369.1411743164063,379.4700012207031,382.1499938964844,379.2200012207031,381.010009765625,29399000,-0.0034402516111888826,-0.0034461828840507986,2.89453351069491
2021-09-10,366.339599609375,376.5899963378906,381.9700012207031,376.25,381.2300109863281,40249400,-0.007589439764392081,-0.0076183861130783605,2.8649761832050844
2021-09-13,366.0866088867188,376.3299865722656,379.4299926757813,374.2200012207031,378.989990234375,48741800,-0.0006905907057985772,-0.0006908292734014143,2.86230706657483
2021-09-14,365.0458068847656,375.260009765625,378.6099853515625,374.2799987792969,377.8599853515625,41826600,-0.00284304854831563,-0.002847097687259768,2.851326340076055
2021-09-15,367.7598571777344,378.0499877929688,378.4100036621094,373.3699951171875,375.7300109863281,34097900,0.007434821169786776,0.007407319117974785,2.87996026268101
2021-09-16,368.0126953125,378.30999755859375,378.8999938964844,374.7000122070313,376.6799926757813,35193100,0.0006875087909430366,0.000687272565039614,2.882627769470113
2021-09-17,363.6546936035156,373.8299865722656,377.8699951171875,372.760009765625,377.8200073242188,60912300,-0.011841987421884359,-0.011912662262763262,2.8366497402601887
2021-09-20,356.14031982421875,365.7000122070313,369.25,360.9299926757813,367.4599914550781,76203200,-0.02066348630024728,-0.0208799634406699,2.757371180913475
2021-09-21,356.5785827636719,366.1499938964844,368.80999755859375,364.989990234375,367.5799865722656,41927500,0.001230590626945638,0.0012298340709103108,2.7619949666706627
2021-09-22,359.9093017578125,369.5700073242188,371.0700073242188,365.9599914550781,367.0899963378906,46972900,0.009340771305796913,0.009297416073266151,2.7971349013078926
2021-09-23,363.2301330566406,372.9800109863281,374.0400085449219,370.1000061035156,370.760009765625,44652000,0.00922685599568851,0.009184548603592498,2.8321705182384633
2021-09-24,363.5708923339844,373.3299865722656,373.760009765625,370.2699890136719,370.6499938964844,36056800,0.0009381360364466573,0.0009376962618593179,2.8357656154994313
2021-09-27,360.6688537597656,370.3500061035156,371.25,367.7300109863281,370.2000122070313,43338100,-0.007982043214705081,-0.008014070263016653,2.805148368595035
2021-09-28,350.4627990722656,359.8699951171875,370.2999877929688,359.3500061035156,365.6700134277344,97701600,-0.028297577074115843,-0.028705670648153245,2.6974718893562706
2021-09-29,349.88824462890625,359.2799987792969,363.3699951171875,358.6400146484375,361.1700134277344,58076600,-0.001639416351408296,-0.0016407616649486581,2.691410193481987
2021-09-30,348.6026916503906,357.9599914550781,362.6799926757813,357.1000061035156,360.9700012207031,61384600,-0.0036741816801507676,-0.0036809480646955123,2.6778472817751737
2021-10-01,350.7646484375,360.17999267578125,361.25,354.3800048828125,358.6000061035156,56375500,0.006201778812647829,0.00618262692548411,2.7006564771234416
2021-10-04,343.4023132324219,352.6199951171875,358.8599853515625,350.32000732421875,358.5199890136719,76766000,-0.02098938772157921,-0.021212796593707263,2.6229819635007243
2021-10-05,348.0378723144531,357.3800048828125,359.69000244140625,353.4800109863281,353.7099914550781,47232900,0.01349891629557498,0.013408617640056396,2.6718882937663984
2021-10-06,350.2680053710937,359.6700134277344,359.95001220703125,353.1499938964844,354.0799865722656,56806500,0.006407730979994142,0.006387288750903403,2.695416766141443
2021-10-07,353.4817810058594,362.9700012207031,365.6900024414063,362.25,362.7999877929688,39411200,0.009175190384176801,0.009133354034487043,2.72932291851967
2021-10-08,351.7190856933594,361.1600036621094,364.3200073242188,360.6099853515625,364.0799865722656,41822300,-0.004986665246180744,-0.004999140150714682,2.7107260335301024
2021-10-11,349.021484375,358.3900146484375,363.2000122070313,358.29998779296875,359.5799865722656,34847200,-0.0076697609771203545,-0.0076993248561143595,2.6822656518013486
2021-10-12,347.8041687011719,357.1400146484375,360.3299865722656,356.4800109863281,359.8800048828125,43905100,-0.0034877958186670943,-0.003493892358288214,2.6694226610577743
2021-10-13,350.58941650390625,360.0,360.6900024414063,357.42999267578125,359.510009765625,40120800,0.008008092062655514,0.007976197456889964,2.698807735544319
2021-10-14,357.0460205078125,366.6300048828125,366.8500061035156,363.010009765625,363.6900024414063,43433900,0.018416425881567777,0.018248897237004142,2.7669265540561407
2021-10-15,359.29571533203125,368.9400024414063,369.05999755859375,366.8200073242188,367.8800048828125,40419900,0.006300853937593498,0.006281086548257684,2.790661408066891
2021-10-18,362.9087219238281,372.6499938964844,372.8699951171875,366.989990234375,367.6099853515625,34513500,0.010055802052796547,0.010005578884191815,2.8287795488355867
2021-10-19,365.6549377441406,375.4700012207031,375.5199890136719,372.7000122070313,373.75,29091000,0.007567235655716598,0.00753874775416093,2.857752825955414
2021-10-20,365.1778259277344,374.9800109863281,376.5700073242188,373.4599914550781,375.9400024414063,31390300,-0.001304814367747209,-0.0013056663792395508,2.8527191746408898
2021-10-21,367.407958984375,377.2699890136719,377.4700012207031,373.8500061035156,374.1600036621094,25469300,0.006106978294684096,0.006088406276988656,2.876247647015935
2021-10-22,364.32080078125,374.1000061035156,376.9700012207031,372.3900146484375,375.9800109863281,36275800,-0.008402534914210391,-0.008438035212237665,2.8436773408257574
2021-10-25,368.0506591796875,377.9299926757813,378.8699951171875,373.55999755859375,375.55999755859375,32597800,0.010237840909547824,0.010185789179737772,2.883028297948765
2021-10-26,369.2095947265625,379.1199951171875,382.7099914550781,377.9100036621094,380.2300109863281,47191300,0.003148847904410834,0.00314390066552953,2.895255363467529
2021-10-27,370.0665588378906,380.0,383.1499938964844,379.30999755859375,379.5799865722656,45760500,0.002321077576444841,0.0023183880368363033,2.9042965533462
2021-10-28,374.1762390136719,384.2200012207031,384.4800109863281,381.1600036621094,381.9500122070313,38007000,0.01110524600949292,0.011044035519809082,2.947654727065125
2021-10-29,376.0167846679688,386.1099853515625,386.2799987792969,380.7000122070313,381.05999755859375,37310100,0.004918927132167905,0.004906868736847388,2.9670729530105167
2021-11-01,377.3023071289063,387.4299926757813,387.55999755859375,384.4200134277344,386.55999755859375,30765300,0.0034187901002149523,0.003412959323029896,2.9806355427490994
2021-11-02,378.8799743652344,389.0499877929688,389.5400085449219,386.75,386.7999877929688,25135300,0.004181440734707831,0.0041727228052863,2.9972803343575762
2021-11-03,382.9019775390625,393.1799926757813,393.6099853515625,388.4800109863281,389.5499877929688,33748900,0.01061550740591799,0.010559558509493201,3.0397134933504795
2021-11-04,387.810302734375,398.2200012207031,399.2000122070313,393.9200134277344,394.4800109863281,40265300,0.012818751229384251,0.012737286483410498,3.0914975756597265
2021-11-05,388.1803283691406,398.6000061035156,400.989990234375,397.1600036621094,400.0400085449219,43383800,0.0009541408058442169,0.0009536859028435429,3.095401440453676
2021-11-08,387.654541015625,398.05999755859375,399.6199951171875,397.3999938964844,398.5700073242188,29256300,-0.0013544925259983964,-0.0013554106801821927,3.0898542498116184
2021-11-09,384.9861145019531,395.3200073242188,399.5700073242188,393.9200134277344,399.1600036621094,50490700,-0.006883516717438143,-0.006907317403133117,3.0617016697111543
2021-11-10,379.3280029296875,389.510009765625,395.3599853515625,387.5299987792969,392.4700012207031,54937400,-0.014696923756809754,-0.014805993519953965,3.0020071499485024
2021-11-11,380.3797607421875,390.5899963378906,392.75,390.239990234375,392.5700073242188,32243000,0.002772686973745442,0.002768850167756631,3.0131034630420004
2021-11-12,384.3822937011719,394.7000122070313,395.25,390.1300048828125,391.7699890136719,34730600,0.010522465630596889,0.01046748980698197,3.0553312063038893
2021-11-15,384.2946166992188,394.6099853515625,396.239990234375,392.1000061035156,395.9100036621094,33716900,-0.00022809844103077737,-0.00022812445943675816,3.0544061915778675
2021-11-16,387.03118896484375,397.4200134277344,397.9299926757813,393.6600036621094,393.8599853515625,27872900,0.007121026802638708,0.007095792018836105,3.0832777267368776
2021-11-17,387.23577880859375,397.6300048828125,399.7200012207031,396.6400146484375,397.75,28703300,0.0005286133251876102,0.0005284736583814828,3.085436201753672
2021-11-18,391.248046875,401.75,402.2699890136719,397.4500122070313,399.7300109863281,45721500,0.010361305142698285,0.010307994747868723,3.1277666528810677
2021-11-19,393.4293823242188,403.989990234375,405.2999877929688,402.5799865722656,403.4299926757813,45191700,0.005575326104862999,0.005559841502087415,3.1507802980556585
2021-11-22,388.8620910644531,399.2999877929688,408.7099914550781,399.1900024414063,405.5700073242188,61715400,-0.011608922629987584,-0.01167683225564407,3.1025942107214535
2021-11-23,387.0896301269531,397.4800109863281,400.2300109863281,392.9200134277344,398.1099853515625,70098700,-0.004558070787121893,-0.004568490466251421,3.0838942958981486
2021-11-24,388.3361511230469,398.760009765625,399.0499877929688,392.5400085449219,394.9299926757813,46954400,0.0032202386710409314,0.0032150648069010253,3.097045410238243
2021-11-26,380.9738159179688,391.2000122070313,397.5400085449219,389.7699890136719,396.1099853515625,51533300,-0.01895866553702663,-0.019140685275914192,3.019370896615526
2021-11-29,389.2418212890625,399.6900024414063,400.7300109863281,395.1400146484375,395.8900146484375,54447100,0.021702292980875004,0.021470150892721557,3.106600461412679
2021-11-30,383.52532958984375,393.8200073242188,401.1900024414063,391.75,398.7799987792969,81332700,-0.01468622174330414,-0.01479513193264816,3.0462900164252176
2021-12-01,377.0004577636719,387.1199951171875,400.4800109863281,386.6400146484375,398.2799987792969,77766500,-0.01701288369440901,-0.017159265425855393,2.977450954981927
2021-12-02,379.717529296875,389.9100036621094,391.739990234375,384.3399963378906,385.7999877929688,84416600,0.007207077543938567,0.007181230673210754,3.0061167524416943
2021-12-03,373.1147766113281,383.1300048828125,392.3399963378906,378.8999938964844,391.30999755859375,105349100,-0.01738859066573306,-0.01754154794285843,2.9364560280743497
2021-12-06,376.10443115234375,386.2000122070313,387.6000061035156,379.2999877929688,383.6300048828125,67588800,0.008012694024525091,0.007980762848180912,2.967997645768307
2021-12-07,387.4304504394531,397.8299865722656,398.4599914550781,392.989990234375,393.0299987792969,56005300,0.030114027777890406,0.029669502694499278,3.087490037095577
2021-12-08,389.1638488769531,399.6099853515625,399.8200073242188,396.2200012207031,398.1700134277344,39204000,0.004474089312117346,0.004464110328037247,3.1057778325839323
2021-12-09,383.4376831054688,393.7300109863281,400.2000122070313,393.5299987792969,398.3500061035156,49973700,-0.01471402286725465,-0.014823347833798376,3.0453653236674247
2021-12-10,387.6057739257813,398.010009765625,398.2799987792969,393.3599853515625,396.6199951171875,52545800,0.010870321316765352,0.010811664073209151,3.08933974457939
2021-12-13,382.0060424804688,392.260009765625,398.3299865722656,391.8800048828125,398.0,50166400,-0.014446976340411144,-0.014552350021830513,3.0302611500415484
2021-12-14,378.0522766113281,388.2000122070313,390.0899963378906,383.6300048828125,387.2999877929688,75199200,-0.01035000871574654,-0.01040394252229091,2.988547912011884
2021-12-15,386.67083740234375,397.0499877929688,397.4200134277344,383.8800048828125,387.9400024414063,73858000,0.022797272557827375,0.022541297788620365,3.0794759258719724
2021-12-16,376.7277221679688,386.8399963378906,398.4800109863281,385.2099914550781,398.0400085449219,82591400,-0.02571467582394582,-0.02605107760583223,2.9745735249065834
2021-12-17,374.8482360839844,384.9100036621094,389.1900024414063,381.7699890136719,383.3299865722656,80492500,-0.004988977379122739,-0.005001463873973071,2.9547444674991645
2021-12-20,371.2120361328125,380.6900024414063,381.5,377.4700012207031,379.5700073242188,65336800,-0.00970045901551797,-0.009747814966567752,2.9163816308753425
2021-12-21,379.5199890136719,389.2099914550781,389.5299987792969,380.2000122070313,384.0499877929688,48899500,0.022380612890167573,0.022133842108223133,3.004032652086127
2021-12-22,384.1418762207031,393.9500122070313,394.1600036621094,388.2300109863281,388.9100036621094,37042200,0.012178244468869837,0.01210468625414097,3.0527947405845692
2021-12-23,387.0379333496094,396.9200134277344,398.4299926757813,394.1400146484375,394.30999755859375,29595500,0.007539029999536817,0.007510753541982298,3.0833488817158017
2021-12-27,393.4346618652344,403.4800109863281,403.4800109863281,398.2200012207031,398.25,32820700,0.016527394253748495,0.016392303308717035,3.150835998559522
2021-12-28,391.6112060546875,401.6099853515625,404.5799865722656,400.7099914550781,404.3999938964844,33113700,-0.004634710632515304,-0.004645484204988136,3.131598074823171
2021-12-29,391.55267333984375,401.5499877929688,403.0499877929688,399.1099853515625,401.75,32248500,-0.0001494663940632135,-0.00014947756527785194,3.130980539757209
2021-12-30,390.3825988769531,400.3500061035156,403.5700073242188,399.75,401.3299865722656,23850100,-0.0029882938939228554,-0.0029927677591602515,3.118635955834338
2021-12-31,387.94476318359375,397.8500061035156,401.05999755859375,397.3399963378906,399.6600036621094,34752900,-0.00624473452549501,-0.006264314436936033,3.0929161676829944
2022-01-03,391.679443359375,401.6799926757813,401.9400024414063,396.8800048828125,399.0499877929688,40575900,0.00962683487497884,0.009580792161342527,3.1323179957864093
2022-01-04,386.5991516113281,396.4700012207031,402.2799987792969,393.2900085449219,402.239990234375,58027200,-0.012970534538330636,-0.013055386436341706,3.0787196224986966
2022-01-05,374.7224426269531,384.2900085449219,395.8900146484375,384.0299987792969,394.739990234375,75739800,-0.030720990811473392,-0.031202773357670938,2.953417314453338
2022-01-06,374.4591674804688,384.0199890136719,387.3500061035156,380.1300048828125,382.4200134277344,70814300,-0.0007025870792223277,-0.0007028340091909173,2.9506396945294293
2022-01-07,370.4026489257813,379.8599853515625,385.760009765625,378.0400085449219,384.0299987792969,72652300,-0.010833006391542277,-0.010892110644027323,2.9078423894679113
2022-01-10,370.6464538574219,380.1099853515625,380.6400146484375,369.30999755859375,374.8200073242188,91770500,0.0006582159505275076,0.0006579994214188086,2.9104145936608066
2022-01-11,376.21429443359375,385.8200073242188,385.989990234375,377.2200012207031,379.3599853515625,68295700,0.015021971796103317,0.014910259349212751,2.96915673139785
2022-01-12,377.7062377929688,387.3500061035156,390.2000122070313,385.010009765625,388.4599914550781,54576400,0.0039656743017200125,0.003957831742572289,2.9848971142470537
2022-01-13,368.2574462890625,377.6600036621094,389.4700012207031,376.7000122070313,388.7699890136719,77994000,-0.02501624426199034,-0.02533446890461079,2.885209954678149
2022-01-14,370.5490112304688,380.010009765625,380.3500061035156,374.8599853515625,375.0700073242188,80121200,0.006222725336577639,0.006203444127706979,2.9093865491010487
2022-01-18,361.324462890625,370.5499877929688,376.2200012207031,369.7699890136719,374.0400085449219,75450900,-0.0248942732547367,-0.02520937617578137,2.812065212089335
2022-01-19,357.3558654785156,366.4800109863281,374.6900024414063,366.2099914550781,372.1499938964844,81791500,-0.010983472805467631,-0.01104423648334728,2.7701954974996825
2022-01-20,352.7143859863281,361.7200012207031,373.8699951171875,361.1700134277344,369.7900085449219,88610700,-0.012988395995606083,-0.013073482774409045,2.7212267053973056
2022-01-21,342.93408203125,351.69000244140625,362.1799926757813,351.3999938964844,359.4700012207031,143388900,-0.02772867890752051,-0.028120376546742234,2.618042004941253
2022-01-24,344.50396728515625,353.29998779296875,353.9800109863281,334.1499938964844,345.9100036621094,198685800,0.004577804704063215,0.004567358424661245,2.6346046946509714
2022-01-25,336.51788330078125,345.1099853515625,351.0299987792969,341.67999267578125,346.6700134277344,124398400,-0.023181399178967,-0.02345431375737517,2.55034947236652
2022-01-26,335.9913330078125,344.57000732421875,356.8800048828125,340.7799987792969,352.9100036621094,146559500,-0.0015647022613003436,-0.0015659276863339673,2.5447942325187016
2022-01-27,332.60772705078125,341.1000061035156,351.2699890136719,340.04998779296875,349.3999938964844,95255700,-0.01007051558961658,-0.010121566258626091,2.509096326938139
2022-01-28,343.0412902832031,351.79998779296875,352.0199890136719,337.95001220703125,343.0299987792969,108167900,0.03136897427169183,0.03088702100299496,2.61917307933475
2022-01-31,354.01123046875,363.0499877929688,363.6499938964844,351.5199890136719,353.20001220703125,94326400,0.03197848333794018,0.03147781736327745,2.7349087453493777
2022-02-01,356.41973876953125,365.5199890136719,366.1900024414063,359.1400146484375,364.4299926757813,74433000,0.006803479928001455,0.006780440697366436,2.7603191220312793
2022-02-02,359.31573486328125,368.489990234375,370.1000061035156,364.2900085449219,369.760009765625,78777100,0.00812524049242569,0.008092408451480836,2.7908726192260502
2022-02-03,344.74774169921875,353.54998779296875,361.9299926757813,352.4599914550781,358.5299987792969,95384800,-0.04054371058814221,-0.04138852016158751,2.637176576875637
2022-02-04,349.09674072265625,358.010009765625,361.3999938964844,351.9700012207031,354.0799865722656,86318300,0.012615018163721237,0.012536111733163125,2.6830596254575845
2022-02-07,346.288330078125,355.1300048828125,361.0499877929688,353.8399963378906,358.6199951171875,58198100,-0.00804479193566121,-0.00807732587764772,2.653430177084144
2022-02-08,350.1790466308594,359.1199951171875,360.239990234375,352.79998779296875,353.9599914550781,64720900,0.011235482731562385,0.011172833521450062,2.694478228749742
2022-02-09,357.5995788574219,366.7300109863281,366.80999755859375,362.1199951171875,363.760009765625,55766400,0.021190680304709497,0.02096928012410911,2.7727667357878873
2022-02-10,349.5062561035156,358.42999267578125,366.489990234375,356.5400085449219,359.5199890136719,112468500,-0.02263236097694943,-0.022892403940112712,2.687380117141709
2022-02-11,338.4193115234375,347.0599975585937,360.07000732421875,345.79998779296875,358.42999267578125,101569100,-0.03172173426502112,-0.032235768413341304,2.570410024931617
2022-02-14,338.838623046875,347.489990234375,350.9800109863281,343.8900146484375,346.489990234375,80254400,0.0012390295386806027,0.0012382625750434388,2.574833868417709
2022-02-15,347.2635192871094,356.1300048828125,356.3699951171875,351.82000732421875,352.9100036621094,55128800,0.024864037530541117,0.024559957480404248,2.663718671887496
2022-02-16,347.1756591796875,356.0400085449219,357.0899963378906,350.7099914550781,353.82000732421875,58947100,-0.0002530070178469179,-0.000253039029522024,2.6627917253520916
2022-02-17,336.8493957519531,345.45001220703125,353.4599914550781,345.0199890136719,352.739990234375,61801400,-0.029743627338775558,-0.030194940693650592,2.553847013253668
2022-02-18,333.0074768066406,341.510009765625,346.8099975585937,339.1400146484375,346.4100036621094,80001500,-0.011405450013458163,-0.01147099098453688,2.5133137887885257
2022-02-22,329.6629638671875,338.0799865722656,344.0400085449219,334.3500061035156,338.489990234375,85967100,-0.010043356898545297,-0.010094131659539205,2.478028324511142
2022-02-23,321.2184753417969,329.4200134277344,342.17999267578125,329.1000061035156,341.32000732421875,86215400,-0.025615520852966367,-0.025949310779152884,2.3889368174374193
2022-02-24,332.0127868652344,340.489990234375,341.0400085449219,318.260009765625,318.8399963378906,130614100,0.033604267350910266,0.03305198266665424,2.5028195562859294
2022-02-25,337.16143798828125,345.7699890136719,345.9800109863281,337.3900146484375,341.3099975585937,78842100,0.015507388048692006,0.015388377293661326,2.5571391384098026
2022-02-28,338.1657409667969,346.79998779296875,348.5400085449219,341.32000732421875,342.510009765625,77515500,0.0029787006026191776,0.0029742730640081225,2.567734790904984
2022-03-01,332.9880065917969,341.489990234375,348.0799865722656,338.8999938964844,345.75,67407000,-0.015311232770644168,-0.015429660095814868,2.5131083730575123
2022-03-02,338.5753479003906,347.2200012207031,348.5899963378906,340.239990234375,343.0799865722656,70609000,0.016779407059675844,0.016640187992971282,2.5720562484937997
2022-03-03,333.73876953125,342.260009765625,350.0400085449219,340.3500061035156,349.92999267578125,71089400,-0.014285087201811097,-0.014388101280226266,2.5210291134942917
2022-03-04,328.9022827148437,337.29998779296875,341.3099975585937,334.9200134277344,339.8399963378906,76936300,-0.014491833907098517,-0.014597866180261647,2.470002944399474
2022-03-07,316.77197265625,324.8599853515625,338.4800109863281,324.6499938964844,337.2900085449219,89933800,-0.03688119753522845,-0.037578507747646324,2.342025080359253
2022-03-08,315.2996520996094,323.3500061035156,333.2099914550781,319.94000244140625,324.04998779296875,116153900,-0.004647887703873144,-0.004658722720256069,2.3264917230822157
2022-03-09,326.6498413085937,334.989990234375,336.3800048828125,329.0899963378906,331.75,64723400,0.035998102545950594,0.035365312316261374,2.446239113247985
2022-03-10,323.0224609375,331.2699890136719,332.510009765625,326.7099914550781,330.82000732421875,69362700,-0.011104797591702575,-0.011166916160676936,2.4079693254427577
2022-03-11,316.323486328125,324.3999938964844,334.6400146484375,323.8999938964844,334.32000732421875,66228400,-0.020738417353185712,-0.020956478426684397,2.337293435244871
2022-03-14,310.2486267089844,318.1700134277344,326.5899963378906,317.45001220703125,323.1300048828125,79802600,-0.019204579747325923,-0.019391383210893905,2.2732021173274837
2022-03-15,319.9801025390625,328.1499938964844,328.95001220703125,319.2300109863281,320.8800048828125,76471000,0.03136670074355008,0.03088481662153272,2.3758716686148493
2022-03-16,331.8471069335937,340.32000732421875,340.44000244140625,328.3999938964844,332.1700134277344,105243000,0.03708669476747395,0.03641552726452539,2.501071590762931
2022-03-17,335.8645324707031,344.44000244140625,344.5,337.0400085449219,338.3699951171875,67810000,0.012106254516521586,0.01203355993527158,2.5434564545212703
2022-03-18,342.7389831542969,351.489990234375,351.7900085449219,341.54998779296875,342.739990234375,85446300,0.020467926854388585,0.02026127391976333,2.615983662044123
2022-03-21,341.78619384765625,350.0799865722656,352.4800109863281,345.5799865722656,350.20001220703125,73799100,-0.0027799268640873454,-0.0027837980368213924,2.6059314919219054
2022-03-22,348.5031433105469,356.9599914550781,357.8500061035156,350.20001220703125,350.5899963378906,63345900,0.01965248914028561,0.019461872324509577,2.6767970214075145
2022-03-23,343.49462890625,351.8299865722656,357.6600036621094,351.7699890136719,354.010009765625,70615500,-0.014371504247334244,-0.014475774534113599,2.6239559173977707
2022-03-24,351.1293640136719,359.6499938964844,359.70001220703125,351.5899963378906,353.79998779296875,53555300,0.02222665062255058,0.021983238840147596,2.7045043194452956
2022-03-25,350.8365783691406,359.3500061035156,360.6700134277344,354.94000244140625,359.5899963378906,57584200,-0.0008338398167117012,-0.0008341876545057784,2.7014153562425616
2022-03-28,356.26483154296875,364.9100036621094,365.010009765625,358.07000732421875,359.3399963378906,56833900,0.0154723124910785,0.015353836763681955,2.758684811293623
2022-03-29,362.3960571289063,371.1900024414063,371.8299865722656,366.05999755859375,368.8999938964844,68073000,0.017209741302231407,0.017063331104942247,2.8233708045326127
2022-03-30,358.3931579589844,367.0899963378906,370.9800109863281,365.5700073242188,369.2799987792969,68757700,-0.011045647686222182,-0.011107103820191476,2.7811391976519575
2022-03-31,353.95098876953125,362.5400085449219,367.6000061035156,361.6799926757813,367.239990234375,67011400,-0.012394681903948324,-0.01247213665719088,2.734273180062511
2022-04-01,353.27734375,361.8500061035156,363.6099853515625,358.5899963378906,362.80999755859375,54527800,-0.0019032155323908118,-0.001905028948318379,2.7271660533440256
2022-04-04,360.55078125,369.2999877929688,369.30999755859375,362.4400024414063,362.7099914550781,45950200,0.020588462941872443,0.020379385392064218,2.8039026735115042
2022-04-05,352.54510498046875,361.1000061035156,368.5400085449219,359.92999267578125,367.80999755859375,62738700,-0.022204018645518464,-0.022454238731002153,2.7194407476231173
2022-04-06,344.89080810546875,353.260009765625,356.7799987792969,350.5599975585937,355.6499938964844,90077100,-0.021711539223964182,-0.0219507027676738,2.638685963939887
2022-04-07,345.7108459472656,354.1000061035156,356.3500061035156,348.69000244140625,352.239990234375,63777400,0.0023776738101588535,0.002374851616403959,2.64733757225974
2022-04-08,340.878173828125,349.1499938964844,353.0899963378906,348.5,352.32000732421875,61956100,-0.013978942737242872,-0.014077568357282322,2.5963516491937266
2022-04-11,332.8138732910156,340.8900146484375,345.75,340.5400085449219,344.8099975585937,66107400,-0.023657427070046144,-0.02394175729956923,2.511271222334686
2022-04-12,331.40802001953125,339.45001220703125,347.69000244140625,338.0400085449219,345.760009765625,72790200,-0.004224142634387973,-0.0042330895290810956,2.4964391118635225
2022-04-13,338.1445617675781,346.3500061035156,347.42999267578125,339.0599975585937,339.79998779296875,61367800,0.02032703296573768,0.02012319646303816,2.567511344953067
2022-04-14,330.412109375,338.42999267578125,346.9700012207031,338.2099914550781,346.44000244140625,73519400,-0.022867297797599884,-0.023132809957780293,2.4859320006317094
2022-04-18,330.6659851074219,338.69000244140625,341.0400085449219,335.7900085449219,337.3500061035156,58560600,0.0007683608597217617,0.0007680658216371901,2.4886104543406464
2022-04-19,338.05670166015625,346.260009765625,346.8500061035156,336.9800109863281,338.0299987792969,56515700,0.022351003385889134,0.022104880356915706,2.5665843984176626
2022-04-20,333.1263122558594,341.2099914550781,347.5599975585937,339.9599914550781,347.0899963378906,65500000,-0.014584504256488051,-0.014691903662536815,2.5145675330778166
2022-04-21,326.2335510253906,334.1499938964844,347.8699951171875,333.20001220703125,345.19000244140625,75801000,-0.0206911341940913,-0.020908195089068483,2.441847144616707
2022-04-22,317.6908264160156,325.3999938964844,335.5599975585937,324.9599914550781,334.3099975585937,82562100,-0.026185916753577954,-0.026534873183232575,2.351719221809234
2022-04-25,321.77178955078125,329.5799865722656,329.8999938964844,322.42999267578125,323.7300109863281,101755900,0.012845706565733916,0.01276390030510987,2.3947744234233257
2022-04-26,309.6265869140625,317.1400146484375,327.6600036621094,316.8599853515625,327.4700012207031,105819600,-0.03774477139116017,-0.03847555310081265,2.2666394388866546
2022-04-27,309.255615234375,316.760009765625,322.8800048828125,315.0,317.239990234375,111204200,-0.001198126050430126,-0.001198844377267874,2.2627255930775623
2022-04-28,320.2390441894531,328.010009765625,329.8900146484375,317.5199890136719,321.8500061035156,99450000,0.03551569774005281,0.0348995613137321,2.3786035690500396
2022-04-29,305.8287048339844,313.25,327.2300109863281,312.6000061035156,323.70001220703125,91977900,-0.04499869587089955,-0.046042572922129314,2.226570814578021
2022-05-02,310.9348449707031,318.4800109863281,318.7200012207031,309.6499938964844,312.8299865722656,115511800,0.016696078739536713,0.016558231440489884,2.280441894956907
2022-05-03,311.2668151855469,318.82000732421875,321.1700134277344,315.9800109863281,318.5,78185500,0.0010676520184640381,0.0010670824833885753,2.2839442653675115
2022-05-04,321.7912902832031,329.6000061035156,330.2900085449219,313.8900146484375,319.3099975585937,116083400,0.033811747941657755,0.03325269755897327,2.3949801611225703
2022-05-05,305.5846252441406,313.0,325.25,309.6199951171875,325.1700134277344,154607400,-0.050363902095669766,-0.051676422609342666,2.223995712671052
2022-05-06,301.9234619140625,309.25,315.0899963378906,305.1099853515625,310.95001220703125,139572800,-0.011980849256251425,-0.012053198078248744,2.185369506034739
2022-05-09,290.1101379394531,297.1499938964844,309.3500061035156,295.7200012207031,303.4800109863281,113387300,-0.03912688301769618,-0.03991291100535173,2.0607359260039813
2022-05-10,293.6346130371094,300.760009765625,305.760009765625,296.57000732421875,304.510009765625,124124600,0.012148748481143556,0.012075544729247916,2.0979200369362037
2022-05-11,284.9259033203125,291.8399963378906,304.0899963378906,290.95001220703125,298.44000244140625,140326100,-0.029658321363143503,-0.030107023491394366,2.0060409289234284
2022-05-12,284.2522277832031,291.1499938964844,295.75,284.94000244140625,287.45001220703125,120910900,-0.0023643885278904486,-0.0023671881081801134,1.9989334802367127
2022-05-13,294.78668212890625,301.94000244140625,303.0,294.0799865722656,295.7200012207031,83684900,0.03706023494647037,0.03639001333335113,2.1100746596031215
2022-05-16,291.3695983886719,298.44000244140625,302.260009765625,297.1300048828125,300.1499938964844,59190400,-0.011591716815551822,-0.011659424505743372,2.0740235548737784
2022-05-17,298.9164733886719,306.1700134277344,306.5599975585937,300.54998779296875,304.45001220703125,62715300,0.02590138106973283,0.025571622313697116,2.153645010385899
2022-05-18,284.2426147460937,291.1400146484375,302.25,289.8500061035156,301.5400085449219,79477100,-0.04909016380471687,-0.05033603040013082,1.9988320602441272
2022-05-19,282.7195129394531,289.5799865722656,294.3900146484375,287.5799865722656,289.2900085449219,79920700,-0.0053584569224467415,-0.005372864945638498,1.9827629478316569
2022-05-20,281.8408508300781,288.67999267578125,293.79998779296875,280.2099914550781,293.1300048828125,91764200,-0.003107893403746731,-0.0031127329342157312,1.9734928385411505
2022-05-23,286.5270690917969,293.4800109863281,293.8699951171875,287.2900085449219,289.75,63648400,0.016627178948392052,0.016490460818272757,2.0229336360693364
2022-05-24,280.4349060058594,287.239990234375,288.8599853515625,282.25,288.1300048828125,73491100,-0.021262085656506335,-0.021491379805986633,1.9586597621652961
2022-05-25,284.3597412109375,291.260009765625,293.3900146484375,285.5,285.7099914550781,67144500,0.013995530231875275,0.01389849710392609,2.0000677743125133
2022-05-26,292.2384948730469,299.3299865722656,300.9200134277344,290.1499938964844,290.44000244140625,59462200,0.027706994065186397,0.02733010117714497,2.083190634330547
2022-05-27,301.77703857421875,309.1000061035156,309.25,302.4200134277344,302.5400085449219,66985600,0.03263958673656453,0.032118229680501084,2.183824702465142
2022-05-31,300.9764709472656,308.2799987792969,311.3299865722656,304.3299865722656,309.07000732421875,60968300,-0.002652844731777848,-0.0026563697599784612,2.175378509876303
2022-06-01,298.75048828125,306.0,312.6499938964844,303.7300109863281,310.4700012207031,65341700,-0.007395869381449538,-0.007423354424448566,2.151893825180596
2022-06-02,306.9320068359375,314.3800048828125,314.5599975585937,303.3999938964844,304.8500061035156,59291300,0.02738579140659092,0.027017509294694046,2.2382109320127137
2022-06-03,298.9457702636719,306.20001220703125,310.4700012207031,304.9200134277344,309.0299987792969,60914700,-0.026019562621028558,-0.02636406036782281,2.15395409988711
2022-06-06,299.9414978027344,307.2200012207031,312.3500061035156,305.6199951171875,310.75,51785000,0.0033307965460902533,0.003325261730099878,2.164459279309541
2022-06-07,302.5287780761719,309.8699951171875,310.6700134277344,302.69000244140625,303.8099975585937,44900300,0.008625949701495106,0.00858895876645476,2.1917557458852945
2022-06-08,300.3516540527344,307.6400146484375,311.7200012207031,306.7699890136719,309.04998779296875,38342100,-0.0071964195845505285,-0.007222438716847057,2.168786532326504
2022-06-09,292.3067932128906,299.3999938964844,309.04998779296875,299.2300109863281,305.9100036621094,55900500,-0.026784806180662035,-0.027150055967616892,2.0839111992302466
2022-06-10,281.9969787597656,288.8399963378906,294.8699951171875,288.3800048828125,293.6499938964844,85963500,-0.035270526352824905,-0.035907555134702646,1.9751400280080245
2022-06-13,268.8851928710937,275.4100036621094,282.3399963378906,274.5299987792969,279.75,94442000,-0.04649619278312167,-0.047611861063553744,1.8368073437089811
2022-06-14,269.3733215332031,275.9100036621094,278.6600036621094,273.3399963378906,277.6600036621094,64697500,0.0018153794818425162,0.001813733672056142,1.8419572255546908
2022-06-15,276.10009765625,282.79998779296875,286.8299865722656,276.6099853515625,279.4200134277344,86051400,0.024971946311385995,0.02466524276351486,1.912926428810498
2022-06-16,264.96044921875,271.3900146484375,276.0599975585937,269.2799987792969,275.5899963378906,81910300,-0.040346412522349384,-0.04118290601842265,1.7954002974664554
2022-06-17,268.1822509765625,274.69000244140625,277.19000244140625,270.510009765625,272.17999267578125,82703400,0.012159557274725952,0.012086223728639227,1.8293911274892847
2022-06-21,274.9483642578125,281.0799865722656,283.45001220703125,278.6400146484375,278.75,51633700,0.025229534231336226,0.024916523355934906,1.9007753477941147
2022-06-22,274.54736328125,280.6700134277344,285.17999267578125,277.9100036621094,278.5199890136719,67472900,-0.0014584592188607859,-0.0014595238057375918,1.8965446852462802
2022-06-23,278.6361999511719,284.8500061035156,285.7200012207031,280.3099975585937,283.2099914550781,57457800,0.01489301015698774,0.014783198225534559,1.9396829546638217
2022-06-24,288.1832275390625,294.6099853515625,295.0400085449219,287.5,287.739990234375,58422300,0.03426341440761704,0.03368949645425853,2.0404065299664764
2022-06-27,286.0703125,292.45001220703125,296.5799865722656,291.2900085449219,296.0,54151500,-0.007331845982522012,-0.007358856068787031,2.018114737564508
2022-06-28,277.3547058105469,283.5400085449219,295.6499938964844,283.3500061035156,293.0,61609800,-0.03046665909959856,-0.030940415101780923,1.9261628647316558
2022-06-29,277.6090393066406,283.79998779296875,285.3399963378906,280.8399963378906,283.3999938964844,57302700,0.0009169972268920912,0.0009165770417877912,1.9288461479640495
2022-06-30,274.16583251953125,280.2799987792969,283.94000244140625,275.7799987792969,280.75,79313600,-0.01240307878918201,-0.012480638961478144,1.892519438429459
2022-07-01,275.9754638671875,282.1300048828125,282.5299987792969,277.0299987792969,278.95001220703125,56675100,0.006600499161496742,0.006578811248631387,1.9116115105574258
2022-07-05,280.7001037597656,286.9599914550781,287.0799865722656,276.75,278.3099975585937,61829300,0.017119782412438722,0.0169748902807762,1.9614576660877212
2022-07-06,282.4999694824219,288.79998779296875,290.95001220703125,285.5899963378906,287.3500061035156,63194700,0.006412059342153498,0.0063915895454208,1.980446708381951
2022-07-07,288.5451965332031,294.9800109863281,295.70001220703125,289.6300048828125,289.6300048828125,56620100,0.02139903611974514,0.021173291545573646,2.044225395147592
2022-07-08,288.9071044921875,295.3500061035156,296.75,291.1199951171875,292.0799865722656,59895500,0.0012542505067927312,0.0012534645917134533,2.0480436163922473
2022-07-11,282.7347412109375,289.0400085449219,293.1099853515625,288.1400146484375,292.8800048828125,55273900,-0.0213645257775823,-0.021596050812313684,1.98292360997864
2022-07-12,279.995849609375,286.239990234375,292.2799987792969,284.6099853515625,290.32000732421875,55797100,-0.009687142053473763,-0.009734367648908228,1.9540276052341161
2022-07-13,279.418701171875,285.6499938964844,288.04998779296875,280.0199890136719,280.6000061035156,73939400,-0.002061274973558347,-0.002063402324689796,1.9479385420602466
2022-07-14,280.4164428710937,286.6700134277344,287.5599975585937,279.79998779296875,282.989990234375,63741800,0.0035707763833781048,0.003564416297188443,1.9584649713858853
2022-07-15,285.5029602050781,291.8699951171875,291.9800109863281,288.0799865722656,289.7300109863281,63818100,0.01813915504349617,0.017976603328228202,2.012129026192606
2022-07-18,283.0868835449219,289.3999938964844,296.1600036621094,288.20001220703125,294.7200012207031,59519600,-0.008462527528333763,-0.008498538018179416,1.986638801389558
2022-07-19,291.79278564453125,298.29998779296875,298.6000061035156,291.4700012207031,293.1099853515625,55172600,0.03075346335581064,0.03029005263396975,2.078488288325134
2022-07-20,296.4195251464844,303.0299987792969,304.239990234375,297.92999267578125,298.7300109863281,67769400,0.015856250495478452,0.01573185341344286,2.127301569772214
2022-07-21,300.67462158203125,307.3800048828125,307.44000244140625,300.7799987792969,303.5,55049400,0.014354980271438222,0.014252923068732862,2.1721939221091318
2022-07-22,295.4021911621094,301.989990234375,308.54998779296875,300.1199951171875,306.42999267578125,57127700,-0.01753533568007981,-0.01769090095426287,2.1165684368426394
2022-07-25,293.7197265625,300.2699890136719,302.5,298.2200012207031,302.0199890136719,40582400,-0.005695504806482954,-0.005711786043322494,2.0988180063308692
2022-07-26,287.948486328125,294.3699951171875,298.7900085449219,293.5400085449219,298.5299987792969,50074100,-0.019648800242046183,-0.019844404415718525,2.037929950338018
2022-07-27,300.1170349121094,306.8099975585937,308.5400085449219,298.4599914550781,299.0400085449219,69304400,0.04225946362544164,0.04139091773317274,2.1663112405709675
2022-07-28,303.0516052246094,309.8099975585937,310.3999938964844,302.75,306.5899963378906,55139900,0.00977808645003897,0.009730590325886685,2.1972717056090003
2022-07-29,308.578369140625,315.4599914550781,316.3900146484375,309.92999267578125,311.3900146484375,57501000,0.018237038909328485,0.01807273867512371,2.255580474107887
2022-08-01,308.3925170898437,315.2699890136719,318.8099975585937,312.5299987792969,313.6499938964844,46358800,-0.0006022847657757291,-0.0006024662121038358,2.2536196875845746
2022-08-02,307.4730224609375,314.3299865722656,318.54998779296875,311.8399963378906,312.9200134277344,48676500,-0.0029815724375644725,-0.0029860261796375363,2.2439187848017554
2022-08-03,315.8462829589844,322.8900146484375,323.7300109863281,315.989990234375,316.04998779296875,53735700,0.02723250459838522,0.02686829733762333,2.3322588180256574
2022-08-04,317.3233337402344,324.3999938964844,324.7200012207031,320.7699890136719,322.9700012207031,38973700,0.0046764861926262835,0.004665585402788909,2.3478420803784115
2022-08-05,314.7311706542969,321.75,323.8299865722656,318.3900146484375,319.19000244140625,53894000,-0.008168838564073244,-0.008202386348352493,2.320494098885789
2022-08-08,313.7137756347656,320.7099914550781,326.4700012207031,319.2099914550781,322.69000244140625,43878500,-0.0032325842318579046,-0.0032378203193735343,2.3097603220197533
2022-08-09,310.1629943847656,317.0799865722656,319.0299987792969,315.4200134277344,318.7699890136719,39764200,-0.011318537870437462,-0.01138307999735643,2.2722986744729017
2022-08-10,318.82000732421875,325.92999267578125,326.2300109863281,322.0599975585937,324.5899963378906,51459600,0.02791117282261557,0.027528755539506216,2.363632368303331
2022-08-11,317.01025390625,324.0799865722656,330.3599853515625,323.3599853515625,328.3099975585937,45897700,-0.005676411067039311,-0.0056925831168460565,2.3445390083024424
2022-08-12,323.1827392578125,330.3900146484375,330.5899963378906,325.1000061035156,326.17999267578125,40928400,0.019470932802659213,0.019283799397532782,2.409660302588972
2022-08-15,325.7944030761719,333.0599975585937,333.57000732421875,329.3999938964844,329.4200134277344,38266600,0.00808107457829288,0.008048597544025836,2.437214021780838
2022-08-16,325.0314636230469,332.2799987792969,334.4200134277344,329.1600036621094,332.0599975585937,41186900,-0.0023417819518115612,-0.0023445282114316836,2.429164816020118
2022-08-17,321.3240661621094,328.489990234375,331.42999267578125,326.3599853515625,329.07000732421875,47842200,-0.011406272548546648,-0.011471823009587677,2.3900508275147057
2022-08-18,322.0968933105469,329.2799987792969,330.489990234375,326.7900085449219,328.44000244140625,41937200,0.002405133103374757,0.002402245400032716,2.398204350982084
2022-08-19,315.8169250488281,322.8599853515625,326.8399963378906,322.0799865722656,326.1700134277344,51770600,-0.01949714012194448,-0.0196897165952162,2.331949084587985
2022-08-22,307.5023193359375,314.3599853515625,318.739990234375,313.5299987792969,318.5,51098900,-0.02632729614350182,-0.026680064812884194,2.2442278743029673
2022-08-23,307.2480773925781,314.1000061035156,317.0,313.3299865722656,314.1199951171875,39497100,-0.0008267968316740815,-0.0008271388166889258,2.241545556975265
2022-08-24,308.13818359375,315.010009765625,316.8699951171875,312.989990234375,313.6099853515625,38057100,0.0028970277331779037,0.002892839435461085,2.250936404352182
2022-08-25,313.5866394042969,320.5799865722656,320.6000061035156,315.760009765625,316.8299865722656,38098300,0.017681858661600103,0.01752735323550518,2.3084190023717874
2022-08-26,300.7333374023437,307.44000244140625,321.510009765625,307.3500061035156,320.2799987792969,69047700,-0.04098804090113628,-0.04185173379181973,2.1728133889844763
2022-08-29,297.7694091796875,304.4100036621094,307.2200012207031,303.2799987792969,304.6199951171875,48321900,-0.009855668973243303,-0.009904557563756815,2.141543190508771
2022-08-30,294.453369140625,301.0199890136719,306.7300109863281,298.44000244140625,306.1000061035156,51184500,-0.011136268323189147,-0.01119874079910668,2.1065581225903776
2022-08-31,292.7415466308594,299.2699890136719,304.9100036621094,299.1600036621094,303.989990234375,50044000,-0.005813560614917224,-0.0058305251399108264,2.088497958640935
2022-09-01,292.8687438964844,299.3999938964844,299.7799987792969,292.95001220703125,296.7200012207031,57990700,0.0004345036332864538,0.00043440926391768374,2.0898399222253623
2022-09-02,288.73101806640625,295.1700134277344,303.75,293.5199890136719,302.3399963378906,64666800,-0.014128260240500845,-0.014229014220636405,2.0461858597026734
2022-09-06,286.6571960449219,293.04998779296875,296.6000061035156,290.8699951171875,295.6600036621094,57005400,-0.0071825397748135345,-0.007208458395876302,2.0243065086038845
2022-09-07,292.4481201171875,298.9700012207031,299.989990234375,293.2699890136719,293.5400085449219,49260400,0.020201565326684268,0.020000220838666587,2.0854022341053624
2022-09-08,293.9642639160156,300.5199890136719,301.8699951171875,295.45001220703125,296.8500061035156,55649800,0.0051843171302334845,0.00517092482487684,2.1013979377612957
2022-09-09,300.3909606933594,307.0899963378906,307.6000061035156,300.5199890136719,302.8299865722656,56125200,0.02186217022345227,0.02162661989165175,2.169201227407297
2022-09-12,303.9613342285156,310.739990234375,311.0799865722656,308.17999267578125,308.5,45905700,0.011885755573054269,0.011815674742800006,2.206869578558084
2022-09-13,287.29302978515625,293.70001220703125,303.0199890136719,292.7900085449219,301.79998779296875,79562200,-0.054836923537216364,-0.05639779869099923,2.031014716684869
2022-09-14,289.5721740722656,296.0299987792969,296.92999267578125,293.0599975585937,294.8699951171875,54907200,0.007933169450069055,0.007901867302483845,2.055060270037983
2022-09-15,284.749755859375,291.1000061035156,296.5299987792969,289.4599914550781,294.07000732421875,65299400,-0.01665359673573863,-0.01679382694953079,2.004182528297394
2022-09-16,283.0086364746094,289.32000732421875,289.7200012207031,285.6199951171875,287.7200012207031,79920400,-0.006114559710546308,-0.006133330185348385,1.9858132748467394
2022-09-19,285.2124938964844,291.04998779296875,291.2099914550781,286.0400085449219,286.1000061035156,52613800,0.0077872444082558445,0.007757080316089422,2.009064532575386
2022-09-20,282.93902587890625,288.7300109863281,291.07000732421875,286.3800048828125,288.489990234375,51271100,-0.007971137542113649,-0.008003076900878453,1.9850788653131315
2022-09-21,277.8727111816406,283.5599975585937,293.95001220703125,283.4200134277344,289.5899963378906,82931000,-0.01790603004137692,-0.018068282783675838,1.9316279534749552
2022-09-22,274.4527282714844,280.07000732421875,283.0299987792969,278.82000732421875,282.0,62757100,-0.012307732182886721,-0.012384099571804008,1.8955462617637213
2022-09-23,269.98419189453125,275.510009765625,277.8500061035156,272.0199890136719,277.54998779296875,74815200,-0.016281624908945802,-0.016415627069872943,1.8484020636231842
2022-09-26,268.86700439453125,274.3699951171875,279.489990234375,273.5599975585937,275.0299987792969,71176700,-0.0041379737537982075,-0.004146558858668997,1.836615450643647
2022-09-27,268.9748840332031,274.4800109863281,280.2099914550781,272.1099853515625,277.8099975585937,69780100,0.00040123792398705227,0.00040115744957676684,1.8377536083382129
2022-09-28,274.3253173828125,279.94000244140625,281.25,272.95001220703125,274.4599914550781,79652100,0.01989194407069217,0.019696684498843823,1.8942020444016814
2022-09-29,266.4171447753906,271.8699951171875,276.25,268.8399963378906,275.8599853515625,81216000,-0.028827716970746375,-0.029251397974946587,1.8107688070095143
2022-09-30,261.8996887207031,267.260009765625,275.19000244140625,267.1000061035156,271.0299987792969,78482400,-0.016956326359912177,-0.01710173088997562,1.7631084937955999
2022-10-03,268.0439758300781,273.5299987792969,275.1600036621094,267.5299987792969,269.07000732421875,61267400,0.023460459763766428,0.02318949299754633,1.827932289437213
2022-10-04,276.471435546875,282.1300048828125,282.8500061035156,278.989990234375,278.989990234375,66696900,0.03144058616015788,0.03095645241330879,1.916844138238356
2022-10-05,276.3243713378906,281.9800109863281,283.8099975585937,275.4200134277344,278.2799987792969,55766300,-0.0005319327426844822,-0.0005320742690964324,1.9152925733359196
2022-10-06,274.14898681640625,279.760009765625,284.17999267578125,279.42999267578125,280.9599914550781,53489400,-0.007872575665156645,-0.007903727996062702,1.8923417119662633
2022-10-07,263.7027893066406,269.1000061035156,275.1499938964844,267.739990234375,275.0199890136719,71354700,-0.03810408942624066,-0.03884903523736651,1.7821316647222547
2022-10-10,261.06671142578125,266.4100036621094,269.70001220703125,263.6400146484375,269.29998779296875,60393000,-0.009996397413127411,-0.010046696883483522,1.7543203709460453
2022-10-11,257.4801025390625,262.75,267.6300048828125,261.0299987792969,264.70001220703125,66522500,-0.013738285004361361,-0.013833528570025738,1.7164807326966702
2022-10-12,257.3919372558594,262.6600036621094,265.3599853515625,261.95001220703125,263.3999938964844,50580200,-0.00034241590838945957,-0.0003424745461026579,1.7155505664789614
2022-10-13,263.4283752441406,268.82000732421875,270.1700134277344,254.25999450683597,255.16000366210935,112894100,0.023452319651647624,0.02318153944700846,1.779236526394239
2022-10-14,255.51040649414065,260.739990234375,271.8099975585937,260.1400146484375,271.20001220703125,77244300,-0.030057387487819942,-0.030518371593447172,1.6956999372001045
2022-10-17,263.9477844238281,269.3500061035156,270.239990234375,266.739990234375,266.8399963378906,64576500,0.03302166062610423,0.03248815857797609,1.784716425676137
2022-10-18,266.0350646972656,271.4800109863281,277.2099914550781,268.739990234375,276.5299987792969,69781000,0.007907928751869742,0.00787682495343843,1.806737764764545
2022-10-19,265.0648803710937,270.489990234375,273.67999267578125,268.07000732421875,269.92999267578125,53115400,-0.0036468287640050168,-0.0036534946551992184,1.7965020727509824
2022-10-20,263.7125244140625,269.1099853515625,274.8399963378906,267.9200134277344,269.5799865722656,60605500,-0.005101980900441783,-0.005115040443626545,1.782234372587761
2022-10-21,269.8959655761719,275.4200134277344,275.9700012207031,266.82000732421875,267.9800109863281,77897700,0.023447658300826735,0.023176984900258636,1.8474712534690139
2022-10-24,272.8651733398437,278.45001220703125,279.3999938964844,271.9700012207031,275.69000244140625,63963600,0.01100130473359684,0.010941230575183954,1.8787971524485836
2022-10-25,278.5096130371094,284.2099914550781,284.6000061035156,277.8999938964844,279.4100036621094,59014500,0.020685819403694072,0.02047477331982822,1.9383474304440038
2022-10-26,272.35565185546875,277.92999267578125,283.9800109863281,277.42999267578125,278.4599914550781,63492400,-0.022096045858283064,-0.022343820168946305,1.873421570873345
2022-10-27,267.39715576171875,272.8699951171875,278.2799987792969,272.3399963378906,276.7900085449219,57760300,-0.018205959964367913,-0.018373727823104275,1.8211081727932736
2022-10-28,275.5797119140625,281.2200012207031,281.70001220703125,272.0599975585937,272.2300109863281,62651300,0.030600759866104665,0.03014189421629942,1.9074362265452258
2022-10-31,272.3752746582031,277.95001220703125,279.760009765625,275.989990234375,278.9200134277344,47742000,-0.011627986812246416,-0.011696120537937973,1.8736285964455104
2022-11-01,269.5921630859375,275.1099853515625,282.07000732421875,274.739990234375,281.5,45895900,-0.010217930301339107,-0.0102704917035365,1.8442660597350953
2022-11-02,260.3512878417969,265.67999267578125,278.2099914550781,265.6099853515625,275.0799865722656,79803100,-0.03427723988102327,-0.0348784837678133,1.7467724697201024
2022-11-03,255.26547241210935,260.489990234375,264.5,260.1000061035156,263.010009765625,70038900,-0.019534435461590394,-0.019727754270056894,1.693115820182682
2022-11-04,259.3713684082031,264.67999267578125,266.6099853515625,259.0799865722656,265.5299987792969,78313200,0.016084807542890323,0.01595681766373114,1.7364340698410334
2022-11-07,262.2231140136719,267.5899963378906,268.1400146484375,263.57000732421875,265.75,47333800,0.010994835794599478,0.0109348320080772,1.7665207131016833
2022-11-08,264.1339416503906,269.5400085449219,272.8500061035156,265.5199890136719,269.1400146484375,63213800,0.0072870297643521376,0.007260607644496493,1.7866804318817522
2022-11-09,258.03875732421875,263.32000732421875,268.5599975585937,263.0299987792969,267.760009765625,64862100,-0.023076111642779673,-0.02334653339545702,1.7223746831228994
2022-11-10,277.0790100097656,282.75,283.04998779296875,273.8500061035156,276.010009765625,99256700,0.07378834436728932,0.07119290438166308,1.923254203737962
2022-11-11,282.1844482421875,287.9599914550781,288.6400146484375,281.19000244140625,282.5599975585937,66961800,0.018425929240334593,0.01825822869924813,1.9771178788475483
2022-11-14,279.7150573730469,285.44000244140625,289.2099914550781,284.44000244140625,285.8599853515625,55290700,-0.00875098143970443,-0.008789496136676078,1.9510651755459412
2022-11-15,283.5858154296875,289.3900146484375,293.260009765625,285.9700012207031,292.2099914550781,73985400,0.013838218410524572,0.013743344521253479,1.9919026599888388
2022-11-16,279.7150573730469,285.44000244140625,289.4800109863281,284.6000061035156,287.3900146484375,48859800,-0.013649335918919925,-0.013743344521253463,1.9510651755459412
2022-11-17,279.0975952148437,284.8099975585937,286.32000732421875,280.7200012207031,280.8800048828125,55462100,-0.0022074684287720636,-0.0022099084787542867,1.9445507923396748
2022-11-18,279.1074523925781,284.82000732421875,287.989990234375,282.32000732421875,287.8900146484375,53588600,3.531803176892723e-05,3.531740810192763e-05,1.944654788078104
2022-11-21,276.2362670898437,281.8900146484375,284.5799865722656,281.0400085449219,283.3999938964844,40083500,-0.010287024864875205,-0.010340301995554645,1.9143630510546705
2022-11-22,280.2148132324219,285.95001220703125,286.1099853515625,280.4599914550781,282.6400146484375,41873400,0.014402692971825504,0.014299959440819432,1.9563377272874436
2022-11-23,283.0272216796875,288.82000732421875,289.4599914550781,285.7900085449219,285.9700012207031,46390000,0.010036615890584244,0.00998658355304512,1.9860093534990706
2022-11-25,281.16534423828125,286.9200134277344,287.9100036621094,286.4200134277344,287.19000244140625,15498800,-0.006578439453125862,-0.00660017275251012,1.9663660717606093
2022-11-28,277.039794921875,282.7099914550781,286.9599914550781,281.760009765625,284.8999938964844,38714200,-0.014673036350134061,-0.014781750099125811,1.9228404745618617
2022-11-29,274.9426574707031,280.57000732421875,283.3500061035156,279.1700134277344,282.94000244140625,35618900,-0.00756980581711475,-0.007598602211287485,1.9007151397350248
2022-11-30,287.4761657714844,293.3599853515625,293.4700012207031,279.9700012207031,280.8399963378906,74718100,0.0455858993147209,0.04457739750121197,2.0329468480356723
2022-12-01,287.82891845703125,293.7200012207031,295.75,290.8800048828125,293.69000244140625,51547300,0.0012270675887171567,0.0012263153565804166,2.036668478811199
2022-12-02,286.6824645996094,292.54998779296875,293.45001220703125,288.3599853515625,288.5400085449219,53583200,-0.003983108659017631,-0.0039910623636509055,2.02457309829868
2022-12-05,281.8708801269531,287.6400146484375,291.67999267578125,286.1499938964844,290.3800048828125,41482100,-0.016783672065106114,-0.01692611393686514,1.9738096552798932
2022-12-06,276.03045654296875,281.67999267578125,287.6199951171875,280.260009765625,287.4800109863281,53937600,-0.020720209130343226,-0.020937884770109945,1.9121916973086597
2022-12-07,274.90350341796875,280.5299987792969,282.57000732421875,278.7799987792969,280.4700012207031,45614300,-0.004082712969844193,-0.004091069996424221,1.900302054495385
2022-12-08,278.15692138671875,283.8500061035156,284.8399963378906,279.7900085449219,281.9100036621094,42594900,0.011834763574487539,0.011765280433808168,1.9346264436049383
2022-12-09,276.3832092285156,282.0400085449219,285.6400146484375,281.5899963378906,282.8099975585937,47860500,-0.006376660157728531,-0.006397077899392922,1.9159133280841862
2022-12-12,279.8522033691406,285.5799865722656,285.6400146484375,281.1600036621094,282.2200012207031,35732500,0.012551392504299486,0.012473276739349755,1.9525121007734891
2022-12-13,282.86065673828125,288.6499938964844,296.8800048828125,285.9100036621094,296.6499938964844,80667700,0.010750150732857788,0.010692778668445448,1.9842520508973909
2022-12-14,280.7635498046875,286.510009765625,291.4100036621094,283.19000244140625,288.04998779296875,64984400,-0.007413922309931209,-0.007441542030257432,1.9621270380387847
2022-12-15,271.3365173339844,276.8900146484375,283.010009765625,275.6700134277344,282.3299865722656,60554100,-0.03357641145818613,-0.034153043426238816,1.8626694418181762
2022-12-16,268.74951171875,274.25,277.7699890136719,272.6099853515625,276.20001220703125,68300400,-0.009534306847648,-0.009580049331957273,1.8353758729564964
2022-12-19,264.9725952148437,269.75,273.9599914550781,268.489990234375,273.8699951171875,44167900,-0.014053668338787184,-0.014153356224769173,1.7955284408221668
2022-12-20,264.76629638671875,269.5400085449219,271.32000732421875,266.95001220703125,268.5599975585937,51064200,-0.0007785666587809548,-0.0007788698992075107,1.793351935584469
2022-12-21,268.6070251464844,273.45001220703125,274.7799987792969,269.739990234375,270.6000061035156,46394700,0.014506109018331603,0.01440190196923098,1.8338726032886248
2022-12-22,262.0354919433594,266.760009765625,270.510009765625,262.4599914550781,270.3800048828125,60278400,-0.024465232059888375,-0.024769478405858192,1.7645412524210085
2022-12-23,262.6249084472656,267.3599853515625,268.0400085449219,263.5299987792969,265.4700012207031,39373600,0.002249376599845032,0.0022468505396323448,1.7707597468235106
2022-12-27,258.911865234375,263.5799865722656,266.8500061035156,263.0299987792969,266.739990234375,38009000,-0.014138198980605088,-0.014239095440942066,1.7315861941954687
2022-12-28,255.4934844970703,260.1000061035156,265.4700012207031,259.7300109863281,263.1700134277344,47139000,-0.013202874013557686,-0.013290806789179963,1.6955214058163324
2022-12-29,261.72119140625,266.44000244140625,267.3999938964844,262.25,262.9599914550781,45893600,0.024375208320629893,0.02408287387957754,1.7612253016158226
2022-12-30,261.5640563964844,266.2799987792969,266.4100036621094,262.2900085449219,263.6199951171875,37858300,-0.0006003908545628711,-0.0006005711613252919,1.7595674871973448
2023-01-03,259.7958374023437,264.4800109863281,270.1499938964844,262.1300048828125,268.6499938964844,42335300,-0.006760175761536535,-0.006783129254619059,1.7409123259580692
2023-01-04,261.0335388183594,265.739990234375,267.45001220703125,262.5299987792969,266.6400146484375,47754900,0.00476413105148743,0.004752818494590276,1.7539703914795708
2023-01-05,256.947265625,261.5799865722656,264.2099914550781,261.260009765625,264.0400085449219,45396700,-0.01565420754688085,-0.01577802856707281,1.710859167393385
2023-01-06,264.0393371582031,268.79998779296875,269.94000244140625,260.3399963378906,263.3500061035156,54659700,0.027601272642276742,0.02722722471358434,1.7856823303674254
2023-01-09,265.74853515625,270.5400085449219,275.2900085449219,269.9200134277344,270.8299865722656,45568700,0.006473270295413558,0.006452408661520126,1.8037148050490512
2023-01-10,267.9980163574219,272.8299865722656,272.94000244140625,268.9700012207031,269.489990234375,35247800,0.008464698403132465,0.008429073737135258,1.827447405282189
2023-01-11,272.6343078613281,277.54998779296875,277.6600036621094,273.1199951171875,273.9200134277344,44077000,0.017299723210350004,0.017151786734907897,1.8763614627853933
2023-01-12,274.1078796386719,279.04998779296875,280.1000061035156,273.739990234375,278.1199951171875,60600000,0.0054049389048029806,0.005390384642234113,1.8919080207598782
2023-01-13,275.9938049316406,280.9700012207031,281.2200012207031,276.1600036621094,276.5,44802900,0.006880230132219278,0.006856669356188623,1.9118050134639168
2023-01-17,276.55377197265625,281.5400085449219,282.8500061035156,279.5799865722656,280.7699890136719,36269700,0.002028911631383634,0.0020268561699431724,1.9177128085240551
2023-01-18,272.9585876464844,277.8800048828125,284.69000244140625,277.6700134277344,283.1099853515625,47754500,-0.012999946811527607,-0.01308518565962714,1.8797826972019296
2023-01-19,270.2769470214844,275.1499938964844,277.3800048828125,273.8900146484375,276.2200012207031,44150400,-0.009824349723237313,-0.009872927069387935,1.85149070485769
2023-01-20,277.6735534667969,282.67999267578125,283.0199890136719,275.7099914550781,276.7900085449219,60613600,0.027366767779586354,0.02699899258627574,1.9295267888031793
2023-01-23,283.8423767089844,288.9599914550781,290.2099914550781,282.7300109863281,283.5400085449219,52799900,0.022216099319394278,0.021972916904591612,1.9946094469020568
2023-01-24,283.2628479003906,288.3699951171875,289.54998779296875,286.7799987792969,287.3099975585937,44875100,-0.0020417275789228473,-0.002043814746111219,1.9884952702062137
2023-01-25,282.6341552734375,287.7300109863281,288.3599853515625,281.17999267578125,283.7699890136719,50872000,-0.0022194672955283545,-0.0022219339635348107,1.9818624026911498
2023-01-26,288.1447448730469,293.3399963378906,293.5199890136719,288.5199890136719,291.2200012207031,51596300,0.019497252886078398,0.019309616458932154,2.0400005280279085
2023-01-27,291.0130615234375,296.260009765625,298.260009765625,291.8800048828125,292.0,56441900,0.00995442985314332,0.00990521087799347,2.070262000037681
2023-01-30,285.1291198730469,290.2699890136719,294.3800048828125,289.8900146484375,292.92999267578125,49405800,-0.02021882323627855,-0.020426021266834217,2.008184915369856
2023-01-31,289.402099609375,294.6199951171875,294.7200012207031,290.20001220703125,290.3099975585937,46705100,0.014986121860266932,0.014874939356201747,2.0532659410898053
2023-02-01,295.590576171875,300.9200134277344,303.42999267578125,292.29998779296875,294.4100036621094,67562200,0.021383661593516345,0.021158239013313318,2.118555946729079
2023-02-02,306.19921875,311.7200012207031,313.67999267578125,306.7300109863281,307.57000732421875,83070600,0.035889650866123946,0.03526062355621914,2.23047983086366
2023-02-03,300.75738525390625,306.17999267578125,312.3900146484375,304.5400085449219,304.94000244140625,76170800,-0.01777219915292072,-0.017932021107353452,2.173067099950057
2023-02-06,298.2131652832031,303.5899963378906,305.9100036621094,302.2200012207031,303.510009765625,40802300,-0.008459376545501107,-0.008495360147535661,2.1462249305474383
2023-02-07,304.3918151855469,309.8800048828125,311.0299987792969,302.32000732421875,303.4599914550781,67584000,0.02071890386353692,0.020507186745219726,2.211411262416514
2023-02-08,298.9794311523437,304.3699951171875,309.5,303.6700134277344,308.5400085449219,56720900,-0.01778097755323671,-0.017940958381920474,2.1543092308452745
2023-02-09,296.3370666503906,301.67999267578125,308.989990234375,300.20001220703125,308.8399963378906,49137800,-0.008837947452668304,-0.00887723375506122,2.1264316116135973
2023-02-10,294.39215087890625,299.70001220703125,301.57000732421875,297.25,299.4800109863281,50050100,-0.00656318763450181,-0.006584820054167565,2.105912254320139
2023-02-13,299.1070861816406,304.5,305.1000061035156,299.92999267578125,301.1300048828125,39636700,0.016015832245044548,0.01588893195322867,2.1556560239531586
2023-02-14,301.3172912597656,306.75,307.7200012207031,300.9100036621094,302.8900146484375,64079100,0.007389343750895838,0.0073621763013554,2.1789742510737335
2023-02-15,303.6256103515625,309.1000061035156,309.2699890136719,304.20001220703125,304.8999938964844,43100600,0.007660758803937684,0.007631564198300596,2.203327606055138
2023-02-16,297.9283752441406,303.29998779296875,308.42999267578125,303.1499938964844,304.3800048828125,59498600,-0.018764013683908787,-0.01894229144880822,2.1432203230210765
2023-02-17,295.8262634277344,301.1600036621094,301.92999267578125,298.1000061035156,301.07000732421875,58230700,-0.007055762361284468,-0.007080771963171221,2.12104250737268
2023-02-21,288.82257080078125,294.0299987792969,298.7300109863281,293.8900146484375,297.260009765625,46526700,-0.0236750197423361,-0.023959776416301842,2.0471517643939614
2023-02-22,289.03857421875,294.25,296.3599853515625,292.5599975585937,294.6199951171875,51389200,0.0007478758234504834,0.0007475963036822017,2.049430655528936
2023-02-23,291.5631103515625,296.82000732421875,298.1300048828125,292.54998779296875,297.9700012207031,69294400,0.008734253341915021,0.008696330410210373,2.0760651554229277
2023-02-24,286.6811828613281,291.8500061035156,292.9700012207031,290.04998779296875,291.760009765625,74332000,-0.01674398206394434,-0.016885747235293666,2.024559575633002
2023-02-27,288.734130859375,293.94000244140625,296.489990234375,293.3399963378906,295.07000732421875,48995000,0.007161083882648578,0.007135565077240046,2.046218700462178
2023-02-28,288.3608703613281,293.5599975585937,296.1199951171875,292.9599914550781,293.29998779296875,48243100,-0.0012927480964439741,-0.0012935844161092085,2.0422807070358036
2023-03-01,286.04266357421875,291.20001220703125,293.92999267578125,290.20001220703125,293.260009765625,58287000,-0.008039255756873587,-0.008071744815827838,2.0178230343477406
2023-03-02,288.4099426269531,293.6099853515625,294.42999267578125,288.3699951171875,288.6600036621094,53565900,0.008275964931784285,0.00824190691362603,2.042798431950333
2023-03-03,294.3724975585937,299.67999267578125,299.9200134277344,294.8699951171875,295.3900146484375,60511500,0.020673888276289132,0.02046308392735105,2.105704906779742
2023-03-06,294.7064208984375,300.0199890136719,304.0,299.82000732421875,300.94000244140625,56736300,0.001134356445025464,0.0011337135488895978,2.109227883157095
2023-03-07,291.0916748046875,296.3399963378906,301.010009765625,295.7200012207031,300.07000732421875,65955800,-0.012265583093609367,-0.012341426169030114,2.0710913901992645
2023-03-08,292.5453796386719,297.82000732421875,298.42999267578125,294.8800048828125,296.7699890136719,50876300,0.004993975986979926,0.004981547450268684,2.0864283468557403
2023-03-09,287.476806640625,292.6600036621094,300.9800109863281,291.8299865722656,298.3299865722656,71456700,-0.017325766704321732,-0.017477614273299174,2.0329536093685125
2023-03-10,283.4395751953125,288.54998779296875,294.3500061035156,287.3800048828125,292.8299865722656,98593600,-0.014043677096912566,-0.01414322261918618,1.9903597882286257
2023-03-13,285.541748046875,290.69000244140625,294.4700012207031,285.19000244140625,286.7300109863281,97123600,0.007416652562063586,0.007389284431090366,2.0125382478134837
2023-03-14,292.1033935546875,297.3699951171875,297.92999267578125,293.45001220703125,294.3099975585937,73602500,0.022979636262278946,0.02271958086938872,2.0817652809744405
2023-03-15,293.6357421875,298.92999267578125,299.2699890136719,293.239990234375,294.7099914550781,83631500,0.005245911778582579,0.005232199916628518,2.097931949760731
2023-03-16,301.3762512207031,306.8099975585937,307.17999267578125,297.19000244140625,298.0,98198100,0.026360922466518,0.02601946117296358,2.1795962936949227
2023-03-17,299.95184326171875,305.3599853515625,309.1499938964844,303.3699951171875,306.7200012207031,89923700,-0.004726344405754923,-0.004737548889582261,2.1645684265396588
2023-03-20,301.0163269042969,305.9700012207031,306.29998779296875,302.010009765625,304.260009765625,56359500,0.0035488484784849117,0.0035425661746322705,2.175799000385245
2023-03-21,305.3155822753906,310.3399963378906,310.79998779296875,306.3999938964844,307.94000244140625,49757000,0.014282465723065574,0.014181432178582223,2.2211572407515936
2023-03-22,301.1639099121094,306.1199951171875,315.25,305.95001220703125,310.2699890136719,75791900,-0.013597970769590462,-0.013691269925674179,2.177356038747599
2023-03-23,304.73516845703125,309.75,314.1499938964844,307.010009765625,309.9200134277344,74576000,0.011858188937592384,0.011788431537909028,2.215033726977068
2023-03-24,305.85675048828125,310.8900146484375,310.989990234375,306.95001220703125,309.32000732421875,57195200,0.0036805139260063235,0.0036737574078578848,2.226866703381787
2023-03-27,303.7611999511719,308.760009765625,312.70001220703125,307.8900146484375,311.6000061035156,50287400,-0.0068514117597991975,-0.006874990441236608,2.204758110902932
2023-03-28,302.1477355957031,307.1199951171875,308.20001220703125,304.7699890136719,308.1700134277344,48585900,-0.005311620956620189,-0.005325777767876378,2.1877356505601617
2023-03-29,307.6570739746094,312.7200012207031,313.3500061035156,310.04998779296875,310.8800048828125,53274300,0.018233922448712914,0.01806967802689969,2.245860575199473
2023-03-30,310.5691833496094,315.67999267578125,316.32000732421875,312.8099975585937,315.239990234375,58354800,0.009465439352258631,0.009420922773376365,2.276584071619911
2023-03-31,315.7341613769531,320.92999267578125,321.1700134277344,315.6000061035156,315.9100036621094,62138100,0.01663068425410863,0.01649390878793762,2.3310759067470634
2023-04-03,314.96685791015625,320.1499938964844,320.4200134277344,317.4200134277344,318.7699890136719,47126800,-0.002430219978258208,-0.0024331777558347437,2.3229806595293923
2023-04-04,313.9042663574219,319.07000732421875,321.6300048828125,317.8299865722656,320.6000061035156,45875400,-0.0033736614696060485,-0.0033793650971470834,2.311770047714092
2023-04-05,310.8052673339844,315.9200134277344,319.0599975585937,314.07000732421875,318.1000061035156,62795700,-0.009872433590656815,-0.009921489195656068,2.2790748178505082
2023-04-06,312.9007873535156,318.04998779296875,318.54998779296875,312.82000732421875,314.239990234375,46916500,0.006742228140166784,0.00671960096811854,2.301183088361132
2023-04-10,312.7237243652344,317.8699951171875,317.9200134277344,313.25,315.07000732421875,45134700,-0.0005658758157141008,-0.0005660359838598762,2.2993150286881843
2023-04-11,310.7167053222656,315.8299865722656,317.8900146484375,315.3099975585937,317.8299865722656,40113600,-0.006417866271715034,-0.006438549316959391,2.278140466045804
2023-04-12,307.971923828125,313.0400085449219,318.4200134277344,312.57000732421875,317.82000732421875,62813300,-0.008833710731110611,-0.008872959264838456,2.249182321432807
2023-04-13,314.0027160644531,319.1700134277344,319.6499938964844,313.6300048828125,314.8299865722656,54613800,0.019582279323922425,0.019393013341251063,2.3128087172254546
2023-04-14,313.41241455078125,318.57000732421875,320.3599853515625,315.6099853515625,317.5899963378906,56278300,-0.0018799248652062728,-0.001881694141708004,2.3065808857442702
2023-04-17,313.6780090332031,318.8399963378906,319.20001220703125,316.0400085449219,318.1499938964844,43007000,0.0008474280854591232,0.0008470692210060108,2.3093829752536923
2023-04-18,313.6976928710937,318.8599853515625,321.4200134277344,317.6400146484375,320.989990234375,46746900,6.275173051251137e-05,6.274976170503384e-05,2.3095906447623182
2023-04-19,313.55010986328125,318.7099914550781,319.7900085449219,316.2799987792969,316.4100036621094,38960100,-0.000470462522250914,-0.00047057322446552566,2.3080336063999654
2023-04-20,311.159423828125,316.2799987792969,319.2699890136719,314.9700012207031,315.69000244140625,62462100,-0.007624574063133549,-0.007653789727362127,2.282811259164634
2023-04-21,311.4841003417969,316.6099853515625,317.3999938964844,314.1000061035156,315.9100036621094,59002300,0.0010434410427859753,0.0010428970365738092,2.2862366791681663
2023-04-24,310.8348388671875,315.95001220703125,317.739990234375,313.739990234375,316.3800048828125,44043100,-0.002084412892654597,-0.0020865883047050905,2.2793868050657937
2023-04-25,304.9713134765625,309.989990234375,314.9700012207031,309.8900146484375,314.2900085449219,57121600,-0.018863797288599105,-0.01904398836984517,2.2175251171441257
2023-04-26,306.82086181640625,311.8699951171875,314.94000244140625,311.3399963378906,313.44000244140625,55400500,0.006064663324427455,0.006046347270303889,2.237038323717494
2023-04-27,315.16357421875,320.3500061035156,320.8599853515625,315.04998779296875,315.70001220703125,65430400,0.027190825138011077,0.02682772199973987,2.3250560667427367
2023-04-28,317.3377685546875,322.5599975585937,322.6499938964844,318.9599914550781,320.1099853515625,59712600,0.0068986219023789985,0.006874935284586521,2.3479943713514064
2023-05-01,316.9737548828125,322.19000244140625,323.6300048828125,321.0899963378906,322.0899963378906,41013400,-0.001147085874879883,-0.0011477442814294518,2.344153934298852
2023-05-02,314.2093200683594,319.3800048828125,322.45001220703125,317.6099853515625,322.1199951171875,56519400,-0.008721336614998743,-0.008759590047618285,2.3149884421454594
2023-05-03,312.1531677246094,317.2900085449219,322.4700012207031,317.17999267578125,319.75,59882100,-0.006543893552561242,-0.00656539869355121,2.2932955106520887
2023-05-04,311.05126953125,316.1700134277344,318.2300109863281,315.1199951171875,317.0599975585937,50224500,-0.0035299920272842122,-0.003536237150294979,2.2816702037559957
2023-05-05,317.6624450683594,322.8900146484375,323.760009765625,316.2099914550781,318.4700012207031,51806100,0.021254295303382964,0.021031573110655878,2.3514197913549384
2023-05-08,318.449462890625,323.69000244140625,324.0400085449219,321.32000732421875,322.4200134277344,36465800,0.002477528692748976,0.0024744646782829728,2.359723030049467
2023-05-09,316.43267822265625,321.6400146484375,322.8800048828125,321.32000732421875,322.0,31768800,-0.0063331388587125614,-0.0063532782580507695,2.338445437573349
2023-05-10,319.87603759765625,325.1400146484375,326.010009765625,321.6000061035156,324.1199951171875,60446600,0.010881807133007682,0.010823026313001879,2.3747737569490917
2023-05-11,320.9189147949219,326.20001220703125,326.75,324.1199951171875,325.70001220703125,44278500,0.003260254206904234,0.0032549511013460933,2.385776377287535
2023-05-12,319.7678527832031,325.0299987792969,327.1700134277344,322.94000244140625,326.739990234375,48432800,-0.00358676898946364,-0.0035932168680066464,2.3736323795722214
2023-05-15,321.49932861328125,326.7900085449219,327.0299987792969,323.9599914550781,325.510009765625,33375600,0.005414790182964424,0.005400182913077608,2.39189989106206
2023-05-16,321.8633117675781,327.1600036621094,328.8999938964844,326.0199890136719,326.0599975585937,40019200,0.0011321428130715017,0.001131502422693576,2.3957400061463843
2023-05-17,325.7592163085937,331.1199951171875,331.7099914550781,327.0400085449219,328.239990234375,47486100,0.012104220638321284,0.012031550383176806,2.4368427924111544
2023-05-18,331.8095703125,337.2699890136719,337.489990234375,331.5,331.5199890136719,64213500,0.018573086196814748,0.018402712771769462,2.5006755698395082
2023-05-19,331.0619201660156,336.510009765625,338.2099914550781,335.42999267578125,337.489990234375,61554900,-0.0022532506997319235,-0.002255793088901272,2.492787670162233
2023-05-22,332.17364501953125,337.6400146484375,338.6700134277344,336.239990234375,336.25,43015900,0.003358057166339634,0.003352431483099328,2.504516650828524
2023-05-23,327.9629211425781,333.3599853515625,337.0599975585937,333.0,335.8900146484375,48216700,-0.012676273208567013,-0.012757302655691829,2.4600924402986495
2023-05-24,326.2806091308594,331.6499938964844,332.9100036621094,329.5599975585937,331.3699951171875,62891200,-0.0051295799106124695,-0.0051427813702880475,2.4423436196280313
2023-05-25,334.219970703125,339.7200012207031,341.010009765625,336.6700134277344,339.1400146484375,66862800,0.02433292494277972,0.024041595791040038,2.526105908551697
2023-05-26,342.7593688964844,348.3999938964844,349.25,340.6600036621094,340.760009765625,63007000,0.02555023320537786,0.025229281441174495,2.6161987368220534
2023-05-30,344.3138122558594,349.9800109863281,353.92999267578125,348.5299987792969,352.7099914550781,72652200,0.004535086420480727,0.004524833901746044,2.6325985106071745
2023-05-31,342.3560485839844,347.989990234375,350.6000061035156,346.510009765625,348.3699951171875,65105400,-0.005685986452440672,-0.00570221321273632,2.611943604688706
2023-06-01,346.3110046386719,352.010009765625,353.3599853515625,346.6600036621094,347.7300109863281,50488600,0.011552172281008577,0.01148595541662172,2.653669399479357
2023-06-02,348.9082336425781,354.6499938964844,355.8299865722656,352.010009765625,353.79998779296875,53372100,0.007499701046508989,0.007471718110626191,2.68107082769823
2023-06-05,349.1542053222656,354.8999938964844,357.5,353.8500061035156,354.42999267578125,47266200,0.0007049752799455078,0.0007047269015997146,2.683665891635486
2023-06-06,349.09521484375,354.8399963378906,355.82000732421875,352.92999267578125,354.2799987792969,41390400,-0.00016895250756376878,-0.00016896678164645884,2.683043527046067
2023-06-07,343.17266845703125,348.82000732421875,357.1199951171875,348.17999267578125,355.1300048828125,69225900,-0.016965418415630817,-0.017110979815540557,2.6205591525667495
2023-06-08,347.4325256347656,353.1499938964844,353.6199951171875,348.8900146484375,349.1199951171875,47153900,0.012413159815108488,0.012336748236421259,2.6655017319476144
2023-06-09,348.7605895996094,354.5,357.6600036621094,353.0299987792969,354.6300048828125,53196900,0.0038225090250756377,0.003815221801866498,2.6795131453994148
2023-06-12,354.6537170410156,360.489990234375,360.5899963378906,355.20001220703125,356.19000244140625,44606500,0.016897343384388197,0.016756171346588133,2.741687142504599
2023-06-13,357.37890625,363.260009765625,364.1099853515625,360.0299987792969,363.2900085449219,57097800,0.007684084722758389,0.007654712513485136,2.77043858351366
2023-06-14,359.97607421875,365.8999938964844,366.1900024414063,360.4200134277344,363.2699890136719,69525600,0.0072672671031490665,0.007240987760103766,2.797839367796073
2023-06-15,364.2655334472656,370.260009765625,371.7699890136719,363.9800109863281,364.6099853515625,71138800,0.01191595646412047,0.011845520444470098,2.8430942563604535
2023-06-16,361.9732360839844,367.9299926757813,372.8500061035156,367.4800109863281,372.7200012207031,80932000,-0.006292929615349108,-0.006312813559655468,2.8189099347000246
2023-06-20,361.4550476074219,366.8999938964844,368.3200073242188,363.8900146484375,365.9500122070313,49204700,-0.0014315657206276367,-0.0014325913898259844,2.813442914147344
2023-06-21,356.5292053222656,361.8999938964844,366.1799926757813,360.9599914550781,365.739990234375,53378300,-0.013627814351360845,-0.013721525371581342,2.7614740220738314
2023-06-22,360.7359008789063,366.1700134277344,366.3299865722656,360.2200012207031,360.6300048828125,47603000,0.011799020932487858,0.011729955225979513,2.8058557327972897
2023-06-23,357.1597595214844,362.5400085449219,364.8800048828125,360.8200073242188,362.2099914550781,48922900,-0.009913461201696117,-0.009962926746209088,2.768126529650951
2023-06-26,352.37188720703125,357.67999267578125,364.8399963378906,357.5899963378906,362.0,52685500,-0.013405408047277856,-0.013496071696892055,2.717613255947207
2023-06-27,358.4306335449219,363.8299865722656,364.5700073242188,358.510009765625,359.25,49428100,0.017194181936344144,0.01704803486439745,2.781534574638928
2023-06-28,359.1300964355469,364.5400085449219,366.5199890136719,361.8999938964844,361.9800109863281,46498000,0.0019514595717091687,0.0019495579480384023,2.7889140864803563
2023-06-29,358.41094970703125,363.80999755859375,364.8900146484375,362.1400146484375,364.239990234375,46151000,-0.0020024685640477324,-0.002004476184802083,2.781326905130302
2023-06-30,363.9376831054688,369.4200134277344,370.489990234375,367.2300109863281,367.5499877929688,58712500,0.015420101988946389,0.015302420448596667,2.839635351660958
2023-07-03,364.7947998046875,370.2900085449219,370.9299926757813,368.9700012207031,370.0700073242188,19432900,0.002355119403698369,0.0023523504566107098,2.848678151380781
2023-07-05,364.7848510742188,370.2799987792969,372.010009765625,368.6600036621094,368.7000122070313,34460900,-2.727212798547818e-05,-2.7272499876722134e-05,2.8485731897376616
2023-07-06,362.0067443847656,367.4599914550781,367.9100036621094,364.5199890136719,366.510009765625,49374700,-0.007615740295333517,-0.007644888127975565,2.8192634558170364
2023-07-07,360.8048400878906,366.239990234375,370.4800109863281,366.010009765625,367.2300109863281,47133700,-0.003320115758941644,-0.003325639573125154,2.8065830590298284
2023-07-10,360.9230346679688,366.3599853515625,367.0499877929688,363.4100036621094,365.9599914550781,48498800,0.00032758590502668383,0.00032753226047924305,2.80783004198628
2023-07-11,362.7062072753906,368.1700134277344,368.6300048828125,364.6199951171875,366.7900085449219,38214100,0.004940589644166771,0.004928424981767879,2.8266429676584646
2023-07-12,367.2872314453125,372.8200073242188,374.1900024414063,370.2999877929688,372.3399963378906,61975400,0.012630123438840624,0.012551028717590713,2.8749739406963624
2023-07-13,373.5232543945313,379.1499938964844,379.989990234375,375.4599914550781,376.0499877929688,46960000,0.01697859989490902,0.016836074460475248,2.940765572838645
2023-07-14,373.4444274902344,379.0700073242188,382.8599853515625,378.1799926757813,379.5899963378906,55148500,-0.00021103613595541137,-0.00021105840721416625,2.939933928899447
2023-07-17,376.9319152832031,382.6099853515625,383.5,379.30999755859375,379.7999877929688,40868900,0.009338706206989622,0.009295370083469062,2.9767278143363893
2023-07-18,380.0154418945313,385.739990234375,387.1300048828125,380.0,381.9599914550781,55262000,0.00818059306283847,0.008147313386541292,3.0092598063071465
2023-07-19,379.9267883300781,385.6499938964844,387.9800109863281,384.2999877929688,386.8200073242188,54093000,-0.0002332893737454489,-0.0002333165899443158,3.0083244885977507
2023-07-20,371.1687316894531,376.760009765625,384.1000061035156,375.7200012207031,382.6099853515625,71941700,-0.02305195871846777,-0.023321810255780614,2.915924757956372
2023-07-21,370.0555114746094,375.6300048828125,379.9200134277344,375.1900024414063,379.1799926757813,60499600,-0.0029992295142338143,-0.003003736216418613,2.9041800008467904
2023-07-24,370.6466064453125,376.2300109863281,377.5799865722656,374.3399963378906,376.6199951171875,40380100,0.001597314328187549,0.0015960399785002297,2.910416203501966
2023-07-25,373.1587829589844,378.7799987792969,380.4700012207031,376.9299926757813,376.9500122070313,38894400,0.006777821434182041,0.0067549552662061,2.9369203062626346
2023-07-26,371.91741943359375,377.5199890136719,379.239990234375,375.1799926757813,377.7200012207031,47075700,-0.0033266362258638216,-0.0033321817822681583,2.9238236045534824
2023-07-27,371.03076171875,376.6199951171875,384.7099914550781,375.30999755859375,383.0700073242188,63940200,-0.0023840177106898564,-0.002386864005557082,2.914469139586604
2023-07-28,377.78900146484375,383.4800109863281,384.5199890136719,380.2200012207031,380.739990234375,56902900,0.01821476934900801,0.018050867732505714,2.985770292087984
2023-07-31,377.9860229492188,383.6799926757813,384.8800048828125,382.3399963378906,383.7900085449219,44019900,0.000521511964644672,0.0005213760245409118,2.9878489189836333
2023-08-01,377.1092529296875,382.7900085449219,383.55999755859375,380.6900024414063,382.30999755859375,41060600,-0.002319583175828477,-0.002322277576280302,2.978598771723413
2023-08-02,368.83392333984375,374.3900146484375,379.260009765625,373.1300048828125,379.260009765625,72687100,-0.021944117057734136,-0.0221884705569819,2.8912919345509573
2023-08-03,368.2428588867188,373.7900085449219,375.9500122070313,371.7699890136719,371.9400024414063,47666400,-0.001602521936628687,-0.0016038073483579185,2.8850560538640133
2023-08-04,366.5187377929688,372.0400085449219,378.1000061035156,371.5299987792969,375.75,61702800,-0.0046820218020314774,-0.00469301679874218,2.8668661367177077
2023-08-07,369.6219787597656,375.1900024414063,375.2900085449219,371.510009765625,373.8800048828125,37230400,0.00846680032099667,0.00843115801006722,2.8996061201653203
2023-08-08,366.4794006347656,372.0,372.6600036621094,368.8200073242188,372.6400146484375,44726500,-0.008502140850889406,-0.008538490228741933,2.8664511196686844
2023-08-09,362.4501037597656,367.9100036621094,372.4500122070313,367.1400146484375,372.2900085449219,51150900,-0.010994606703735643,-0.011055494091923596,2.823941010268709
2023-08-10,363.1199951171875,368.5899963378906,374.3599853515625,367.0400085449219,370.9700012207031,72035300,0.001848230557731867,0.0018465246812132583,2.8310085348948517
2023-08-11,360.8048400878906,366.239990234375,368.0,364.6900024414063,365.989990234375,48707200,-0.006375729952710851,-0.0063961417251456355,2.8065830590298315
2023-08-14,364.8538513183594,370.3500061035156,370.4700012207031,364.7000122070313,365.4299926757813,42130800,0.011222164396360146,0.011159663074868553,2.849301159906664
2023-08-15,360.9821472167969,366.4200134277344,370.1700134277344,365.739990234375,369.3599853515625,45539900,-0.010611657483051151,-0.010668362634180861,2.808453694448623
2023-08-16,357.1597595214844,362.5400085449219,367.4299926757813,362.4400024414063,365.8699951171875,53190500,-0.010588855223958915,-0.01064531607565922,2.768126529650955
2023-08-17,353.2585144042969,358.5799865722656,364.30999755859375,358.1600036621094,363.9599914550781,62604300,-0.01092296938046522,-0.010983063011766754,2.726967398945859
2023-08-18,352.8152160644531,358.1300048828125,359.4100036621094,354.7099914550781,355.260009765625,61191400,-0.0012548836666861352,-0.0012556716925174094,2.7222904884306502
2023-08-21,358.49957275390625,363.8999938964844,364.5899963378906,359.1499938964844,359.6199951171875,50696500,0.01611142725889314,0.015983015641611892,2.7822619008714704
2023-08-22,357.9873046875,363.3800048828125,366.55999755859375,362.6799926757813,366.5499877929688,44530200,-0.0014289223902587134,-0.0014299442734345767,2.7768573421554925
2023-08-23,363.63226318359375,369.1099853515625,370.2200012207031,364.3599853515625,364.5799865722656,51770600,0.015768599674285788,0.015645566989805425,2.8364130936108296
2023-08-24,355.8593444824219,361.2200012207031,372.739990234375,361.010009765625,372.6400146484375,66842500,-0.02137576746661618,-0.021607537983888515,2.754406819415923
2023-08-25,358.6177673339844,364.0199890136719,365.739990234375,358.5799865722656,362.0700073242188,69960500,0.0077514413892221246,0.007721553318478538,2.7835088838279214
2023-08-28,361.317138671875,366.760009765625,367.7099914550781,364.25,366.989990234375,40910000,0.007527154490861276,0.007498966823742389,2.81198793971404
2023-08-29,369.2083129882813,374.7699890136719,375.1300048828125,366.2300109863281,366.55999755859375,58492400,0.021840022162836092,0.021604945441529265,2.8952418408018588
2023-08-30,371.2671813964844,376.8599853515625,377.4500122070313,373.8599853515625,374.8800048828125,41731500,0.005576441092398632,0.005560950307055612,2.9169634274677367
2023-08-31,372.3804626464844,377.989990234375,379.7200012207031,376.8699951171875,376.9400024414063,35730700,0.002998598599026403,0.0029941117694768206,2.9287088285137792
2023-09-01,371.9864501953125,377.5899963378906,380.8299865722656,376.0799865722656,380.3999938964844,39801200,-0.0010580910941773158,-0.001058651267737069,2.924551896690713
2023-09-05,372.4592895507813,378.0700073242188,379.30999755859375,375.8299865722656,376.7699890136719,32344200,0.0012711198357373554,0.001270312646869067,2.929540472452977
2023-09-06,369.17864990234375,374.739990234375,377.6300048828125,372.7000122070313,377.2799987792969,42998700,-0.008808048934406454,-0.00884706909404747,2.8949288876818806
2023-09-07,366.53851318359375,372.05999755859375,372.8500061035156,369.1499938964844,370.2099914550781,52060700,-0.007151379743786324,-0.007177073430059478,2.867074772131024
2023-09-08,367.05078125,372.5799865722656,374.8500061035156,371.6000061035156,372.010009765625,35800100,0.0013975831951653639,0.001396607484756841,2.8724793308470025
2023-09-11,371.3756408691406,376.9700012207031,377.489990234375,373.6600036621094,375.6600036621094,39936600,0.011782728276485965,0.011713852435955227,2.918107702558681
2023-09-12,367.2576599121094,372.7900085449219,376.9500122070313,372.5,375.2699890136719,41391000,-0.011088451971146607,-0.011150387123598133,2.8746619534810796
2023-09-13,368.6565246582031,374.2099914550781,375.8399963378906,371.8800048828125,373.0299987792969,46300700,0.0038089464122506023,0.003801710743560941,2.8894203332274753
2023-09-14,371.6711730957031,377.2699890136719,378.2699890136719,373.8900146484375,375.989990234375,48039400,0.008177390703433263,0.00814413700672085,2.921225642902154
2023-09-15,365.3070373535156,370.80999755859375,376.3200073242188,369.8599853515625,375.9100036621094,69811200,-0.017123027565414062,-0.017271321871416584,2.854082388128532
2023-09-18,365.6878356933594,370.6600036621094,371.7900085449219,369.0299987792969,369.3200073242188,36903500,0.0010424062525662414,0.0010418633244369078,2.8580999077078224
2023-09-19,364.908447265625,369.8699951171875,370.6799926757813,366.7999877929688,369.3200073242188,37621700,-0.002131294376408799,-0.0021335688165104766,2.8498771610709013
2023-09-20,359.6499328613281,364.5400085449219,371.30999755859375,364.4599914550781,370.9500122070313,45514200,-0.014410503356939497,-0.014515343074742578,2.7943984933174844
2023-09-21,353.0595397949219,357.8599853515625,361.6000061035156,357.69000244140625,360.7999877929688,69734800,-0.018324466277454654,-0.018494438950808496,2.7248681660834633
2023-09-22,353.1088562011719,357.9100036621094,361.7999877929688,357.5899963378906,359.6300048828125,51589700,0.00013968297324207235,0.0001396732184839373,2.7253884667438366
2023-09-25,354.7860717773437,359.6099853515625,359.70001220703125,355.92999267578125,356.92999267578125,39168000,0.004749854178724755,0.004738609215264181,2.7430835187199727
2023-09-26,349.4584350585937,354.2099914550781,357.5400085449219,353.2099914550781,356.989990234375,53657700,-0.015016476526433453,-0.015130365387956828,2.6868755929246344
2023-09-27,350.2774353027344,355.0400085449219,356.9800109863281,351.3599853515625,355.3800048828125,56066000,0.0023436270582604113,0.0023408850476974094,2.6955162543246525
2023-09-28,353.20751953125,358.010009765625,360.1700134277344,353.239990234375,354.1099853515625,56453300,0.008365038490085075,0.008330245451033107,2.726429390032813
2023-09-29,353.46405029296875,358.2699890136719,362.9500122070313,357.0199890136719,361.5400085449219,64829600,0.0007262890723820359,0.0007260254521089983,2.7291358549777973
2023-10-02,356.4139709472656,361.260009765625,362.6799926757813,357.9200134277344,358.5400085449219,51625100,0.008345744501744523,0.008311111335716366,2.7602582700357368
2023-10-03,350.1590270996094,354.9200134277344,361.010009765625,353.2799987792969,358.7799987792969,60478500,-0.017549659546263197,-0.017705480583558628,2.694267017590589
2023-10-04,354.9242248535156,359.75,360.6099853515625,355.29998779296875,355.7699890136719,54786700,0.013608667448549605,0.013516901141101911,2.7445410688991245
2023-10-05,353.87841796875,358.69000244140625,360.1499938964844,355.1400146484375,359.739990234375,45897400,-0.002946563834005045,-0.002950913499698743,2.7335075396105597
2023-10-06,359.80780029296875,364.7000122070313,365.9100036621094,354.8500061035156,355.6499938964844,75049100,0.016755422266927722,0.0166165987311565,2.796064034973493
2023-10-09,361.6428527832031,366.55999755859375,367.1099853515625,360.7799987792969,362.2999877929688,45304800,0.0051000909061453825,0.005087129493429527,2.8154243066374067
2023-10-10,363.6455993652344,368.5899963378906,371.2799987792969,366.3900146484375,366.8999938964844,46968800,0.005537912796058642,0.005522634936007507,2.836553793727527
2023-10-11,366.2403564453125,371.2200012207031,371.4100036621094,368.1900024414063,369.9400024414063,38215100,0.007135400743491616,0.007110064224357288,2.863929142519736
2023-10-12,364.9676513671875,369.9299926757813,373.739990234375,367.5,371.7300109863281,49587900,-0.0034750541706483062,-0.00348110619620499,2.8505017794379333
2023-10-13,360.3800048828125,365.2799987792969,371.1600036621094,363.8599853515625,370.5700073242188,52469900,-0.012570008512232334,-0.01264967941593933,2.8021009392940326
2023-10-16,364.45458984375,369.4100036621094,370.4800109863281,366.4700012207031,366.6199951171875,44201100,0.0113063569169507,0.011242917792665575,2.8450888495479645
2023-10-17,363.2608947753906,368.2000122070313,369.9200134277344,363.6600036621094,365.80999755859375,50999100,-0.0032752916320003544,-0.0032806671404187796,2.832495062214742
2023-10-18,358.49566650390625,363.3699951171875,367.9100036621094,362.0199890136719,365.6700134277344,54280500,-0.013117922518004033,-0.013204722388577448,2.782220688937976
2023-10-19,355.1412658691406,359.9700012207031,366.0199890136719,359.1600036621094,364.80999755859375,72274200,-0.009356879170892451,-0.00940092976419022,2.746830906953934
2023-10-20,349.8432922363281,354.6000061035156,360.0400085449219,354.3699951171875,359.4599914550781,72559700,-0.014917933064879763,-0.015030324595289173,2.6909359342785724
2023-10-23,350.89892578125,355.6700134277344,359.260009765625,351.1199951171875,353.260009765625,60665200,0.0030174468636339213,0.00301290350810793,2.702073137337335
2023-10-24,354.3125,359.1300048828125,359.9100036621094,355.7900085449219,357.510009765625,47082100,0.00972808398073588,0.00968107082449032,2.7380872157201788
2023-10-25,345.6404113769531,350.3399963378906,356.8800048828125,349.75,356.70001220703125,71190500,-0.024475819010187028,-0.02478033092295365,2.646594469583918
2023-10-26,339.0500183105469,343.6600036621094,350.07000732421875,342.3500061035156,349.1199951171875,78621400,-0.01906719483451491,-0.01925131802627198,2.577064142349897
2023-10-27,340.67791748046875,345.3099975585937,348.8399963378906,344.0799865722656,346.42999267578125,63476700,0.004801354024499105,0.004789864287118429,2.59423889366566
2023-10-30,344.5157470703125,349.20001220703125,350.5400085449219,346.45001220703125,347.8299865722656,55298500,0.011265272543131033,0.011202291914969185,2.6347289743879254
2023-10-31,346.163330078125,350.8699951171875,351.25,346.6199951171875,349.2300109863281,47671900,0.004782315530779568,0.004770916587643623,2.6521113952123154
2023-11-01,352.171630859375,356.9599914550781,357.5299987792969,351.6199951171875,351.7200012207031,58992700,0.017356837825352578,0.01720792850950646,2.7155005004191377
2023-11-02,358.564697265625,363.4400024414063,363.6799926757813,360.2999877929688,361.5400085449219,58162400,0.018153269162111574,0.01799046589378888,2.7829489810752066
2023-11-03,362.77740478515625,367.7099914550781,369.0199890136719,364.5199890136719,364.75,53280500,0.01174880726311578,0.011680325888157378,2.8273941195400596
2023-11-06,364.2572937011719,369.2099914550781,369.7799987792969,366.9100036621094,368.489990234375,38848700,0.004079330455798447,0.004071032546269942,2.843007324938243
2023-11-07,367.7004699707031,372.7000122070313,373.5799865722656,369.0499877929688,370.2699890136719,50777400,0.009452593891931649,0.009408197679919733,2.879333712504603
2023-11-08,367.937255859375,372.9400024414063,373.7900085449219,370.6199951171875,373.0799865722656,35663400,0.0006439640631701327,0.0006437568072849268,2.8818318640045
2023-11-09,365.105712890625,370.0700073242188,374.7999877929688,369.5700073242188,373.6400146484375,53859400,-0.00769572236477245,-0.007725487242624993,2.851958363712394
2023-11-10,373.3141784667969,378.3900146484375,378.5400085449219,371.2799987792969,371.8200073242188,58309800,0.02248243532313854,0.02223343061919367,2.938559768491981
2023-11-13,372.1499633789063,377.2099914550781,378.2799987792969,375.239990234375,376.7900085449219,40733500,-0.0031185932789159487,-0.0031234662247302766,2.926277002469353
2023-11-14,380.1610412597656,385.3299865722656,386.260009765625,383.1799926757813,383.7099914550781,67792600,0.02152647768153293,0.021298055332693785,3.0107959167345255
2023-11-15,380.44720458984375,385.6199951171875,387.75,384.239990234375,387.25,54141400,0.0007527423881463768,0.0007524592196879448,3.013815012831256
2023-11-16,380.7727661132813,385.9500122070313,386.1900024414063,383.55999755859375,384.8399963378906,45343500,0.0008557337772754359,0.0008553678458716789,3.0172497699134713
2023-11-17,380.8615417480469,386.0400085449219,387.0700073242188,384.2900085449219,385.2099914550781,46571900,0.00023314596700751977,0.00023311879271019034,3.0181863754957883
2023-11-20,385.49847412109375,390.739990234375,391.4100036621094,386.0499877929688,386.0499877929688,44429600,0.012174850607820975,0.012101333221454015,3.0671071943318315
2023-11-21,383.2589416503906,388.4700012207031,389.2300109863281,386.7000122070313,389.010009765625,43337000,-0.005809445746339459,-0.005826386217975061,3.043479555741814
2023-11-22,384.8276062011719,390.05999755859375,393.0700073242188,389.0400085449219,390.5700073242188,44121000,0.004092962695211311,0.0040846093090403145,3.060029366722315
2023-11-24,384.2849731445313,389.510009765625,390.25,388.5,389.6499938964844,15718800,-0.0014100679054633858,-0.001411062986743846,3.054304449617061
2023-11-27,383.9495544433594,389.1700134277344,391.1499938964844,388.2799987792969,389.010009765625,34139700,-0.0008728384522227461,-0.0008732195975062311,3.050765696796417
2023-11-28,384.9559020996094,390.1900024414063,390.7799987792969,388.0499877929688,388.4100036621094,35491100,0.0026210413441134506,0.0026176124055360015,3.0613829211630375
2023-11-29,384.5809326171875,389.80999755859375,394.1400146484375,389.4599914550781,392.6900024414063,38811700,-0.0009740582762252092,-0.0009745329792719398,3.057426897515759
2023-11-30,383.6141357421875,388.8299865722656,390.5499877929688,385.8200073242188,390.0799865722656,52834400,-0.0025138970578199027,-0.0025170622027069264,3.047226943975775
2023-12-01,384.7091674804688,389.9400024414063,390.5400085449219,386.0700073242188,387.75,40490100,0.0028545135234985253,0.002850447136304123,3.058779808020022
2023-12-04,381.1377868652344,386.3200073242188,386.6000061035156,382.6600036621094,386.0899963378906,51186900,-0.009283325995645075,-0.009326684616516426,3.0211008319176305
2023-12-05,382.09478759765625,387.2900085449219,388.5,384.2099914550781,384.3900146484375,42933000,0.002510904888998189,0.002507757834186792,3.031197433655647
2023-12-06,379.8847961425781,385.0499877929688,390.3699951171875,384.7000122070313,390.2699890136719,41994100,-0.005783882761063008,-0.005800674188696192,3.007881460312685
2023-12-07,385.1925964355469,390.4299926757813,391.2699890136719,386.9599914550781,388.0700073242188,49593500,0.013972131411588817,0.013875420976303291,3.063880106758244
2023-12-08,386.9093322753906,392.1700134277344,392.6199951171875,388.4800109863281,388.6700134277344,46687500,0.004456824600809872,0.004446922368821395,3.081992107592786
2023-12-11,390.2144165039063,395.5199890136719,395.7900085449219,391.5299987792969,391.739990234375,41198000,0.008542270637615923,0.008505991899256033,3.1168615889164553
2023-12-12,393.3221435546875,398.6700134277344,398.7900085449219,394.4100036621094,395.55999755859375,39221200,0.007964152320728113,0.007932605842911371,3.149648901693941
2023-12-13,398.3240966796875,403.739990234375,404.3599853515625,398.8399963378906,399.6199951171875,55408100,0.012717191764985314,0.012637007379664842,3.2024207825341433
2023-12-14,397.9787902832031,403.3900146484375,406.2999877929688,400.3399963378906,404.9800109863281,55447800,-0.0008668980846570085,-0.0008672740581044115,3.1987777120068417
2023-12-15,399.9025573730469,405.3399963378906,406.5400085449219,403.5700073242188,404.1799926757813,62896600,0.004833843251985437,0.0048221977449850045,3.2190739453166124
2023-12-18,402.4214782714844,407.0799865722656,407.989990234375,404.6000061035156,404.9299926757813,46610000,0.006298836684076825,0.006279081923566471,3.245649203056206
2023-12-19,404.4776916503906,409.1600036621094,409.2799987792969,407.3500061035156,407.5400085449219,35711900,0.00510960147489703,0.005096591758772058,3.2673427784860376
2023-12-20,398.4672546386719,403.0799865722656,410.4700012207031,402.8999938964844,408.3500061035156,54042400,-0.014859749093193098,-0.014971261238655074,3.203931135503086
2023-12-21,403.1036071777344,407.7699890136719,408.1400146484375,404.4700012207031,407.05999755859375,45568900,0.01163546686732575,0.011568295368440819,3.2528458369427513
2023-12-22,403.7065734863281,408.3800048828125,409.9700012207031,406.4800109863281,409.0,34314000,0.0014958097567405737,0.0014946921476746127,3.2592072852395635
2023-12-26,406.1779479980469,410.8800048828125,411.55999755859375,409.1499938964844,409.25,22722500,0.006121709860645641,0.006103048316482998,3.2852809164761485
2023-12-27,407.0048828125,411.5,411.7900085449219,410.0799865722656,410.9500122070313,31980500,0.0020358929344364007,0.0020338233129585975,3.294005289616077
2023-12-28,406.8070373535156,411.2999877929688,412.9200134277344,410.9400024414063,412.6700134277344,27029200,-0.00048610094703827045,-0.00048621913240519057,3.2919179695782077
2023-12-29,405.0465087890625,409.5199890136719,411.6400146484375,407.5799865722656,411.2799987792969,42662100,-0.00432767480107088,-0.004337066291000008,3.273343944333001
2024-01-02,398.1921997070313,402.5899963378906,406.0899963378906,400.239990234375,405.8399963378906,58026900,-0.016922276660334634,-0.017067094473696084,3.201029235842232
2024-01-03,393.978759765625,398.3299865722656,401.0,397.8900146484375,399.9299926757813,47002800,-0.010581422600709711,-0.010637803935361399,3.156576370139849
2024-01-04,391.9511413574219,396.2799987792969,399.5899963378906,396.05999755859375,396.4400024414063,39432800,-0.005146517059471223,-0.00515980599248148,3.1351844789419294
2024-01-05,392.416015625,396.75,399.55999755859375,395.3399963378906,396.4500122070313,44922800,0.001186051572571456,0.0011853487690576415,3.1400890209960517
2024-01-08,400.5264587402344,404.9500122070313,405.239990234375,397.8399963378906,397.989990234375,42473800,0.02066797172464252,0.020457287199460873,3.225656263819501
2024-01-09,401.3176879882813,405.75,406.6900024414063,401.7099914550781,401.9100036621094,39132900,0.001975473107408643,0.001973524426365553,3.23400393412983
2024-01-10,404.0376281738281,408.5,409.5199890136719,405.1700134277344,406.0700073242188,33962800,0.0067775238095815205,0.006754659645227791,3.2626999966032564
2024-01-11,404.87835693359375,409.3500061035156,411.2000122070313,404.239990234375,409.7900085449219,54536200,0.002080817976200855,0.002078656072974421,3.2715698993833398
2024-01-12,405.0860290527344,409.55999755859375,411.25,408.1499938964844,410.3999938964844,39595000,0.0005129247231525635,0.0005127932222315472,3.273760893191408
2024-01-16,405.0465087890625,409.5199890136719,411.1199951171875,406.8299865722656,408.30999755859375,43903000,-9.75601744752641e-05,-9.756493377863409e-05,3.2733439443330026
2024-01-17,402.76171875,407.2099914550781,407.5899963378906,402.9200134277344,406.1700134277344,54386000,-0.005640809115706635,-0.00565677856149133,3.249238826857259
2024-01-18,408.4786071777344,412.989990234375,413.5799865722656,409.1600036621094,410.5199890136719,59562500,0.014194219960817378,0.014094425250746506,3.3095534574317167
2024-01-19,416.5791015625,421.1799926757813,421.3399963378906,414.6300048828125,415.2200012207031,70325100,0.019830890143142765,0.019636819573527958,3.395015738612046
2024-01-22,417.12310791015625,421.7300109863281,424.7300109863281,421.1199951171875,423.4100036621094,44880600,0.0013058896752520255,0.0013050377429358138,3.40075514428767
2024-01-23,418.8540344238281,423.4800109863281,423.7000122070313,420.5700073242188,422.4299926757813,33003800,0.004149677830950216,0.004141091662924728,3.4190168603493607
2024-01-24,421.1783447265625,425.8299865722656,429.8500061035156,425.3299865722656,427.4400024414063,46948000,0.005549213118912988,0.005533872960167523,3.443538926683509
2024-01-25,421.6926574707031,426.3500061035156,429.0400085449219,423.9800109863281,428.3599853515625,44367200,0.0012211281766505433,0.0012203832060466938,3.448965057270925
2024-01-26,419.1803894042969,423.80999755859375,426.2099914550781,423.1499938964844,424.4400024414063,37137000,-0.005957580768597537,-0.0059753979530259346,3.4224599886055653
2024-01-29,423.4729614257813,428.1499938964844,428.3500061035156,423.6099853515625,424.2699890136719,38694700,0.010240393229236311,0.010188315630798084,3.4677477179294502
2024-01-30,420.6541137695313,425.2999877929688,427.6799926757813,424.3800048828125,427.1000061035156,36739000,-0.006656499736746535,-0.00667875303882642,3.438008156421203
2024-01-31,412.41510009765625,416.9700012207031,422.8699951171875,416.7900085449219,420.8500061035156,64010600,-0.019586195408965,-0.019780546857098704,3.351084461442957
2024-02-01,417.271484375,421.8800048828125,422.3800048828125,417.80999755859375,418.7900085449219,51008600,0.011775476397915208,0.011706684983539935,3.4023205538240138
2024-02-02,424.3235778808594,429.010009765625,430.239990234375,422.7900085449219,423.7999877929688,59602400,0.016900492293218106,0.016759267926567397,3.4767219384161923
2024-02-05,423.7697448730469,428.4500122070313,429.6099853515625,425.0,429.0700073242188,39889200,-0.001305213843120434,-0.001306066376614993,3.4708788589703703
2024-02-06,422.9190979003906,427.5899963378906,430.2200012207031,425.2200012207031,429.6099853515625,35846100,-0.002007332951320273,-0.002009350344280665,3.4619043165153975
2024-02-07,427.2710571289063,431.989990234375,432.8299865722656,429.0899963378906,430.4100036621094,37712700,0.010290287788187635,0.010237703209447809,3.5078185960156976
2024-02-08,428.0623168945313,432.7900085449219,433.55999755859375,431.4200134277344,432.1099853515625,29889900,0.0018518917966079407,0.001850179159081709,3.516166588294256
2024-02-09,432.2757873535156,437.0499877929688,437.8500061035156,433.1400146484375,433.9400024414063,36943900,0.009843123986133184,0.009794996003328199,3.5606197759648683
2024-02-12,430.58447265625,435.3399963378906,439.1400146484375,434.6499938964844,436.9400024414063,33203300,-0.003912582538152853,-0.003920256712980307,3.5427759746662737
2024-02-13,423.8686218261719,428.5499877929688,431.2699890136719,425.3299865722656,427.2799987792969,64491700,-0.015597057619492039,-0.015719971460654205,3.4719220360369594
2024-02-14,428.4875793457031,433.2200012207031,433.6499938964844,428.8800048828125,431.260009765625,45092700,0.010897144260481495,0.010838198226294908,3.5206532155852805
2024-02-15,429.7635498046875,434.510009765625,434.9800109863281,431.3299865722656,433.9200134277344,38796100,0.0029778470146855085,0.0029734220107440995,3.5341150292677392
2024-02-16,425.86663818359375,430.5700073242188,434.989990234375,429.8500061035156,434.8900146484375,53716500,-0.009067571279287812,-0.009108931920629863,3.4930016180513634
2024-02-20,422.6520385742188,427.3200073242188,430.0799865722656,423.5,428.5499877929688,53999500,-0.007548371535008869,-0.007577004671462046,3.459086772530916
2024-02-21,420.9607238769531,425.6099853515625,425.7000122070313,421.6300048828125,424.5499877929688,49779000,-0.004001671689485287,-0.004009699802045016,3.4412429712323203
2024-02-22,433.2846374511719,438.0700073242188,439.1199951171875,433.7099914550781,434.489990234375,53887800,0.029275685058497425,0.02885533647770542,3.571263401726383
2024-02-23,432.00872802734375,436.7799987792969,440.5899963378906,435.7900085449219,439.6499938964844,39853900,-0.002944737277863707,-0.002949081547265702,3.557802231980385
2024-02-26,431.7812194824219,436.5499877929688,438.6000061035156,436.3599853515625,437.6000061035156,33043200,-0.0005266295103821816,-0.0005267682284069259,3.5554019588225385
2024-02-27,432.81976318359375,437.6000061035156,437.989990234375,435.0299987792969,437.6700134277344,33713200,0.002405254453671679,0.0024023664591589808,3.5663588596722615
2024-02-28,430.5152282714844,435.2699890136719,436.6700134277344,434.2999877929688,435.4299926757813,32938800,-0.005324467845826741,-0.0053386933426834,3.5420454287514307
2024-02-29,434.2044677734375,439.0,440.0899963378906,435.0199890136719,438.2300109863281,42495200,0.00856935889762922,0.008532850363228268,3.580967846159738
2024-03-01,440.74224853515625,445.6099853515625,446.5799865722656,439.8399963378906,439.8999938964844,43853000,0.01505691729807368,0.014944687077279424,3.6499431001645
2024-03-04,439.1696166992188,444.0199890136719,446.0400085449219,443.7699890136719,445.6099853515625,34325700,-0.003568144059627132,-0.00357452506907154,3.6333514333140444
2024-03-05,431.2866516113281,436.0499877929688,440.9500122070313,433.6499938964844,440.9400024414063,57917100,-0.017949705052773712,-0.018112755088673337,3.5501841416802113
2024-03-06,433.9967651367188,438.7900085449219,441.989990234375,436.8900146484375,440.3200073242188,46234500,0.006283787163978927,0.006264126492748527,3.5787765303834416
2024-03-07,440.5840148925781,445.4500122070313,446.7200012207031,440.8599853515625,442.4200134277344,44526700,0.015178107960745146,0.015064072923063422,3.6482736948897276
2024-03-08,434.2242431640625,439.0199890136719,448.6400146484375,438.3399963378906,445.80999755859375,72096000,-0.01443486716163822,-0.014540063413102206,3.581176481573057
2024-03-11,432.612060546875,437.3900146484375,438.6600036621094,435.4400024414063,437.510009765625,45860000,-0.003712788133246603,-0.003719697638763138,3.564167543895964
2024-03-12,438.8135681152344,443.6600036621094,444.0199890136719,436.4599914550781,439.7300109863281,55300900,0.014335031622835226,0.014233256536648926,3.6295950299696313
2024-03-13,435.4407958984375,440.25,442.6700134277344,439.1199951171875,442.6499938964844,37928700,-0.007686116523888287,-0.007715806951400751,3.594011423110871
2024-03-14,434.3429565429688,439.1400146484375,442.0299987792969,436.3900146484375,441.5,52195200,-0.002521213827022195,-0.0025243974387727307,3.582428937989426
2024-03-15,429.1799926757813,433.9200134277344,438.8699951171875,432.739990234375,436.0700073242188,73069800,-0.011886836863387096,-0.011958050205533024,3.5279583527654816
2024-03-18,433.2732543945313,437.4800109863281,441.0400085449219,437.239990234375,438.7300109863281,47323800,0.009537401063898665,0.009492207181926948,3.5711433075764356
2024-03-19,434.352783203125,438.5700073242188,438.9800109863281,433.3299865722656,435.4500122070313,43004100,0.002491565767432924,0.0024884669636278814,3.582532611759623
2024-03-20,439.5027465820313,443.7699890136719,444.1099853515625,438.05999755859375,439.7799987792969,43653500,0.01185663722683672,0.01178689801081756,3.6368660385174056
2024-03-21,441.5825500488281,445.8699951171875,449.3399963378906,445.6700134277344,448.8800048828125,39345700,0.004732173992019861,0.004721012455046878,3.6588084953893576
2024-03-22,442.0876770019531,446.3800048828125,447.489990234375,444.489990234375,445.3500061035156,28253900,0.001143901526609481,0.0011432477697663293,3.6641377135394144
2024-03-25,440.4832153320313,444.760009765625,446.260009765625,442.5400085449219,443.5499877929688,27789200,-0.0036292838579048414,-0.003635885686679537,3.6472102338246204
2024-03-26,439.0570983886719,443.3200073242188,447.2300109863281,443.0899963378906,446.2999877929688,34142000,-0.0032376192638451373,-0.003242871693068648,3.6321643364484517
2024-03-27,440.5525207519531,444.8299865722656,446.5400085449219,441.9299926757813,446.4400024414063,41359200,0.0034059860750901283,0.003400198841619655,3.647941423675924
2024-03-28,439.740478515625,444.010009765625,445.6400146484375,443.6499938964844,444.7799987792969,36839600,-0.001843235932329046,-0.0018449367820463898,3.6393741710324443
2024-04-01,440.6714172363281,444.9500122070313,447.5299987792969,443.0199890136719,444.9700012207031,38729000,0.0021170184829142347,0.0021147807569340377,3.6491958119016745
2024-04-02,436.8683166503906,441.1099853515625,441.4299926757813,438.0299987792969,440.0799865722656,44259700,-0.008630241121125204,-0.008667697311705354,3.6090721310256377
2024-04-03,437.8487854003906,442.1000061035156,444.0,438.9500122070313,438.9599914550781,39949800,0.0022443118730091083,0.002241797166937724,3.6194163263328543
2024-04-04,431.15380859375,435.3399963378906,446.9500122070313,435.1099853515625,446.3299865722656,57267700,-0.015290614088419585,-0.015408721026493155,3.5487826139731533
2024-04-05,436.2344665527344,440.4700012207031,443.1700134277344,435.9599914550781,436.7799987792969,54744600,0.011783864267731925,0.011714975197370785,3.6023848508796315
2024-04-08,436.3632507324219,440.6000061035156,442.5,439.2000122070313,441.4100036621094,28144900,0.00029521780043006984,0.0002951742322297524,3.6037435568120406
2024-04-09,437.97760009765625,442.2300109863281,443.239990234375,437.4400024414063,442.9599914550781,39443600,0.0036995538980992837,0.0036927273801104932,3.620775354233494
2024-04-10,434.1546630859375,438.3699951171875,439.239990234375,436.2799987792969,437.0,61502200,-0.00872861308630013,-0.008766930564747043,3.5804423940076786
2024-04-11,441.08740234375,445.3699951171875,446.3299865722656,437.9599914550781,440.260009765625,45474600,0.015968362998879604,0.015842209890837945,3.6535845608506508
2024-04-12,434.0556640625,438.2699890136719,442.239990234375,436.8800048828125,441.1000061035156,53665000,-0.01594182523437837,-0.016070262980673197,3.5793979290681683
2024-04-15,426.9149169921875,431.05999755859375,442.1499938964844,430.2099914550781,442.05999755859375,63453600,-0.01645122425884138,-0.016588048339901268,3.504061226766594
2024-04-16,426.9545593261719,431.1000061035156,433.760009765625,429.7000122070313,430.8999938964844,47619000,9.285769226252683e-05,9.285338125389214e-05,3.504479463497921
2024-04-17,421.7451477050781,425.8399963378906,433.1199951171875,424.8999938964844,433.1000061035156,56880500,-0.01220132566171761,-0.012276372911052104,3.4495188426272634
2024-04-18,419.3385314941406,423.4100036621094,428.239990234375,422.8299865722656,426.489990234375,46549400,-0.005706328155837936,-0.005722671449468888,3.4241284279756483
2024-04-19,410.6627807617188,414.6499938964844,422.75,413.0700073242188,422.2200012207031,75231000,-0.02068913319629695,-0.020906151815674432,3.3325970456517364
2024-04-22,414.7926940917969,418.8200073242188,421.1799926757813,413.9400024414063,417.30999755859375,47807700,0.010056702295780706,0.01000647016423906,3.3761686843074346
2024-04-23,420.9825744628906,425.0700073242188,426.2799987792969,418.8699951171875,420.7699890136719,44384700,0.014922828823315415,0.014812578887323857,3.4414735004853076
2024-04-24,422.4087524414063,426.510009765625,429.7300109863281,424.2000122070313,428.2000122070313,48440300,0.003387736369694805,0.0033820109180760297,3.456520041797938
2024-04-25,420.3685607910156,424.4500122070313,425.3200073242188,418.1400146484375,419.239990234375,57392200,-0.004829899093233614,-0.004841600749609856,3.43499549968908
2024-04-26,426.8555603027344,431.0,432.5499877929688,426.9200134277344,427.6199951171875,41874900,0.015431695223619979,0.015313837564005709,3.503434998558408
2024-04-29,428.5887451171875,432.75,433.760009765625,429.9800109863281,433.1300048828125,30022200,0.004060354311008485,0.004052133318358184,3.5217205402691514
2024-04-30,420.5071411132813,424.5899963378906,432.55999755859375,424.510009765625,431.1499938964844,43665900,-0.01885631411458666,-0.019036361349809988,3.4364575574234575
2024-05-01,417.4667053222656,421.5199890136719,430.1400146484375,420.6600036621094,423.1499938964844,52251700,-0.007230402277987991,-0.007256668322499423,3.404380184594066
2024-05-02,422.79498291015625,426.8999938964844,427.80999755859375,420.6300048828125,425.2999877929688,36559000,0.012763359376833261,0.012682594202831242,3.4605948717222432
2024-05-03,431.29248046875,435.4800109863281,436.4800109863281,432.6199951171875,434.4400024414063,48515300,0.020098387876091417,0.01989908134638866,3.550245637612221
2024-05-06,436.0166015625,440.25,440.3399963378906,436.5199890136719,437.2999877929688,30227200,0.010953404725757343,0.010893850673325258,3.6000863196825996
2024-05-07,436.08587646484375,440.3200073242188,441.9700012207031,439.5799865722656,440.7000122070313,30996100,0.00015888134097541418,0.00015886872067189523,3.6008171875656734
2024-05-08,435.8284301757813,440.05999755859375,441.4800109863281,437.5499877929688,437.6700134277344,24896700,-0.0005903568607850129,-0.000590531190010897,3.5981010635737762
2024-05-09,436.7792053222656,441.0199890136719,441.6000061035156,438.4599914550781,440.3299865722656,24580100,0.0021815353947902683,0.002179159301511138,3.608131983792785
2024-05-10,437.8092041015625,442.05999755859375,444.30999755859375,440.5,442.5400085449219,27116600,0.0023581680783930636,0.0023553919635570983,3.618998733537987
2024-05-13,438.8193664550781,443.0799865722656,444.0899963378906,441.6499938964844,443.989990234375,22994200,0.0023073118245391377,0.0023046540680082624,3.6296562039334104
2024-05-14,441.6419677734375,445.9299926757813,446.4700012207031,442.4599914550781,442.6499938964844,34478300,0.006432262416222079,0.006411663700039584,3.659435367534001
2024-05-15,448.54498291015625,452.8999938964844,453.1499938964844,446.8999938964844,448.4299926757813,41464700,0.015630342314433276,0.015509446647111302,3.7322639373205346
2024-05-16,447.6337890625,451.9800109863281,454.6900024414063,451.80999755859375,452.7099914550781,34780400,-0.002031443628561891,-0.002033509808863325,3.722650609896392
2024-05-17,447.4159240722656,451.760009765625,452.7200012207031,449.5400085449219,452.1099853515625,35803700,-0.0004867036304178063,-0.0004868221090739582,3.72035207869936
2024-05-20,450.5356140136719,454.9100036621094,455.5799865722656,451.7900085449219,451.9800109863281,24474200,0.006972684192845913,0.0069484874428363,3.7532656030231744
2024-05-21,451.41705322265625,455.7999877929688,455.989990234375,452.8399963378906,453.0400085449219,23167700,0.0019564251561201562,0.001954513848904746,3.76256501142265
2024-05-22,451.3279418945313,455.7099914550781,456.8200073242188,453.0799865722656,456.05999755859375,25120000,-0.00019740354842334717,-0.00019742303506834302,3.7616248641897982
2024-05-23,449.2976379394531,453.6600036621094,460.5799865722656,451.8500061035156,460.5499877929688,40899200,-0.004498511540312777,-0.00450866029097049,3.7402046397876
2024-05-24,453.54638671875,457.9500122070313,459.2300109863281,453.5700073242188,455.2900085449219,29669500,0.009456423583222628,0.009411991502482153,3.785030022732589
2024-05-28,455.259765625,459.6799926757813,459.739990234375,456.6900024414063,459.1799926757813,26216800,0.003777736867546677,0.003770619139929209,3.8031066070617836
2024-05-29,452.0509033203125,456.4400024414063,458.239990234375,455.3399963378906,455.4800109863281,29739200,-0.007048420587490778,-0.007073378046802915,3.769252291568656
2024-05-30,447.2078857421875,451.5499877929688,455.6400146484375,450.2099914550781,455.5,30536800,-0.010713434134415056,-0.010771236179524255,3.718157221272527
2024-05-31,446.3760070800781,450.7099914550781,452.4800109863281,443.05999755859375,451.7799987792969,55941300,-0.0018601609869396407,-0.0018618932348950109,3.7093806892792687
2024-06-03,448.7727661132813,453.1300048828125,455.5799865722656,447.8999938964844,454.5700073242188,32997500,0.0053693724465195825,0.005355008759335346,3.734667108192456
2024-06-04,450.0008239746094,454.3699951171875,455.5799865722656,451.1300048828125,452.8699951171875,23767400,0.0027364803616849454,0.0027327430158630944,3.74762343175314
2024-06-05,459.0727233886719,463.5299987792969,463.6099853515625,454.4100036621094,457.9800109863281,33817400,0.020159739562108925,0.01995922244835112,3.843334283676249
2024-06-06,458.9142761230469,463.3699951171875,464.5400085449219,462.1900024414063,464.2200012207031,21966800,-0.0003451463298786983,-0.00034520590658206074,3.8416626246238623
2024-06-07,458.50823974609375,462.9599914550781,465.739990234375,461.8399963378906,463.0,25829700,-0.0008847760858157194,-0.000885167731206093,3.837378837318007
2024-06-10,460.3601684570313,464.8299865722656,465.1900024414063,461.5299987792969,461.8200073242188,20660800,0.004039030382448683,0.004030895396845789,3.856917157413349
2024-06-11,463.51953125,468.0199890136719,468.1400146484375,462.0299987792969,463.5400085449219,22053300,0.006862806579374103,0.0068393647125196255,3.89024924043672
2024-06-12,469.5906066894531,474.1499938964844,476.5,471.2900085449219,471.989990234375,34532600,0.013097776965472985,0.013012742785750491,3.954300634293534
2024-06-13,472.1359252929688,476.7200012207031,478.3900146484375,474.4200134277344,477.7200012207031,25859000,0.005420292840735863,0.005405655920603594,3.9811543945524486
2024-06-14,474.5821838378906,479.1900024414063,479.260009765625,476.0499877929688,476.5199890136719,23372600,0.005181259069417132,0.0051678825316217635,4.00696304593539
2024-06-17,480.3957214355469,485.05999755859375,486.8599853515625,478.1400146484375,479.4599914550781,37054500,0.012249801605789035,0.01217537993682112,4.068297349895616
2024-06-18,480.5442810058594,485.2099914550781,485.8999938964844,483.4299926757813,485.010009765625,24438600,0.00030924415785493764,0.000309196351735942,4.069864691241342
2024-06-20,476.8402404785156,481.4700012207031,486.8399963378906,479.6199951171875,486.4200134277344,33918700,-0.007708010840521418,-0.007737871097169848,4.030786119241277
2024-06-21,475.5625915527344,480.1799926757813,482.5400085449219,478.6700134277344,481.1900024414063,37456800,-0.0026794066803151884,-0.0026830027153242468,4.0173065973061455
2024-06-24,470.1485290527344,473.9599914550781,479.9299926757813,473.8200073242188,478.1799926757813,37751000,-0.011384542426524424,-0.011449842409671715,3.960186857482233
2024-06-25,475.5249328613281,479.3800048828125,479.6799926757813,475.1199951171875,476.0700073242188,29014700,0.011435543187652275,0.011370651608700676,4.016909288509797
2024-06-26,476.5069885253906,480.3699951171875,480.9200134277344,478.1300048828125,478.5499877929688,22737100,0.0020652033073287335,0.002063073706513481,4.027270226164995
2024-06-27,477.7369995117188,481.6099853515625,483.1000061035156,479.2999877929688,480.1199951171875,26222100,0.002581307338502148,0.0025779814868483113,4.040247155692428
2024-06-28,475.257080078125,479.1099853515625,487.2000122070313,478.4599914550781,482.4100036621094,34881600,-0.005190972095794222,-0.005204491999367665,4.014083373351323
2024-07-01,478.0445251464844,481.9200134277344,482.489990234375,476.260009765625,480.0400085449219,24898300,0.00586513107369413,0.005847998151022429,4.043491629550458
2024-07-02,483.0638427734375,486.9800109863281,487.0400085449219,480.2799987792969,480.4100036621094,26723600,0.01049968645789856,0.010444947577372313,4.096446710313774
2024-07-03,487.0911865234375,491.0400085449219,491.1700134277344,486.2200012207031,486.2200012207031,18064900,0.008337083824940361,0.00830252230358641,4.138936213747002
2024-07-05,492.1700439453125,496.1600036621094,496.6000061035156,491.5899963378906,491.8900146484375,28495900,0.010426912993693804,0.01037292767891983,4.192519454527884
2024-07-08,493.3405151367188,497.3399963378906,497.8999938964844,495.5,496.5299987792969,22109400,0.002378184543747608,0.0023753611383855273,4.20486822403775
2024-07-09,493.76708984375,497.7699890136719,500.0,496.239990234375,498.8699951171875,25614500,0.0008646658726436662,0.0008642922644566639,4.2093686959626835
2024-07-10,498.915283203125,502.9599914550781,503.5199890136719,498.3900146484375,499.7099914550781,28046900,0.010426359847117705,0.010372380240287315,4.263683448563101
2024-07-11,487.97406005859375,491.9299926757813,503.2799987792969,490.7300109863281,503.0700073242188,49966600,-0.021930022015534623,-0.022174059375696175,4.148250754653307
2024-07-12,490.8407897949219,494.8200073242188,499.6199951171875,492.0400085449219,492.510009765625,37109400,0.005874758457414586,0.005857569352320002,4.178495484315097
2024-07-15,492.1600646972656,496.1499938964844,501.010009765625,494.0899963378906,496.6099853515625,31151400,0.0026877857948499617,0.0026841801579518573,4.192414170916534
2024-07-16,492.34857177734375,496.3399963378906,498.4400024414063,493.1499938964844,497.6199951171875,25950600,0.00038301986203226335,0.0003829465286497382,4.194402968675893
2024-07-17,477.8957214355469,481.7699890136719,488.7999877929688,481.7000122070313,488.2799987792969,56268800,-0.029354914729666226,-0.029794392162226797,4.041921712458887
2024-07-18,475.634033203125,479.489990234375,485.7099914550781,476.2699890136719,485.5299987792969,49347400,-0.004732597784361858,-0.004743831983902191,4.018060324933578
2024-07-19,471.418212890625,475.239990234375,481.6900024414063,473.9400024414063,479.1499938964844,42042900,-0.00886358001783183,-0.0089030952138881,3.9735823457092216
2024-07-22,478.4413146972656,482.3200073242188,483.3500061035156,477.7099914550781,481.1600036621094,40300000,0.014897816025343236,0.014787933559139887,4.047677860482493
2024-07-23,476.75494384765625,480.6199951171875,484.4299926757813,480.1400146484375,481.4100036621094,23282500,-0.0035247182837385704,-0.0035309447385334126,4.029886218037228
2024-07-24,459.6536254882813,463.3800048828125,474.1900024414063,462.510009765625,473.8200073242188,58818600,-0.03587024860478327,-0.036529396545934276,3.8494629489424588
2024-07-25,454.5846862792969,458.2699890136719,467.9400024414063,455.6300048828125,463.7200012207031,59256800,-0.011027736817260547,-0.011088993068435775,3.795984347836465
2024-07-26,459.2469482421875,462.9700012207031,465.9299926757813,459.7699890136719,462.6499938964844,39992100,0.010256091117037958,0.010203854274813138,3.845172400303764
2024-07-29,460.1694030761719,463.8999938964844,467.9100036621094,461.6199951171875,465.7099914550781,28218500,0.0020086248531756556,0.0020066102635274093,3.854904534004935
2024-07-30,453.85064697265625,457.5299987792969,466.55999755859375,454.1499938964844,465.8500061035156,41317200,-0.013731369494094037,-0.013826516753672063,3.7882400459899603
2024-07-31,467.2817993164063,471.0700073242188,472.7900085449219,466.4100036621094,467.8699951171875,44552100,0.02959377150465814,0.02916432784933175,3.929942127820441
2024-08-01,455.9635009765625,459.6600036621094,475.5499877929688,455.9800109863281,471.760009765625,56653900,-0.024221568989850506,-0.024519735749030554,3.810531194455468
2024-08-02,445.1412658691406,448.75,453.5700073242188,444.4700012207031,450.8900146484375,66323200,-0.023734871506695843,-0.024021081412276418,3.696353854676115
2024-08-05,431.8688659667969,435.3699951171875,442.2900085449219,423.4500122070313,424.7099914550781,87483500,-0.029816152578955646,-0.030269692020141632,3.556326651580325
2024-08-06,435.9953918457031,439.5299987792969,447.0700073242188,434.55999755859375,437.2300109863281,63164400,0.009555043681300113,0.00950968297155492,3.599862551762447
2024-08-07,431.273681640625,434.7699890136719,449.0,434.3699951171875,446.489990234375,54929200,-0.010829725023215664,-0.01088879334481983,3.5500473051822725
2024-08-08,444.4667663574219,448.0700073242188,448.989990234375,437.1499938964844,441.05999755859375,47890100,0.030590980341319574,0.03013240502168021,3.689237712847177
2024-08-09,446.7878723144531,450.4100036621094,452.05999755859375,445.6099853515625,446.739990234375,33574000,0.005222226120646933,0.005208637585557217,3.71372597251713
2024-08-12,447.7501525878906,451.3800048828125,454.3699951171875,448.5499877929688,451.3900146484375,27795000,0.002153774381682849,0.002151458334538411,3.7238782747590102
2024-08-13,458.8600158691406,462.5799865722656,462.8500061035156,455.6799926757813,455.8200073242188,40084500,0.024812639855146035,0.02450980549694956,3.8410901651101543
2024-08-14,459.0088195800781,462.7300109863281,465.1099853515625,458.3999938964844,463.510009765625,34733700,0.000324289992135407,0.0003242374215010207,3.842660082201725
2024-08-15,470.6048583984375,474.4200134277344,474.8200073242188,468.3800048828125,468.760009765625,38280600,0.025263215702408415,0.02494937543119955,3.9650012484318298
2024-08-16,471.2099304199219,475.0299987792969,476.4100036621094,471.6499938964844,472.6199951171875,38383600,0.0012857326283106651,0.0012849067819175562,3.971384912536542
2024-08-19,477.3997192382813,481.2699890136719,481.30999755859375,473.3699951171875,475.1700134277344,23737700,0.013135947310879859,0.013050418938263472,4.036688762809725
2024-08-20,476.3978576660156,480.260009765625,482.9400024414063,478.5499877929688,480.3500061035156,29209300,-0.0020985801455103426,-0.002100785250423626,4.026118867772978
2024-08-21,478.6198425292969,482.5,484.3699951171875,479.3200073242188,481.0499877929688,25658800,0.004664136976113342,0.004653293592858125,4.049561374630499
2024-08-22,471.0314025878906,474.8500061035156,485.5400085449219,473.80999755859375,484.8399963378906,37739600,-0.01585483773782692,-0.01598187018611626,3.969501398388534
2024-08-23,476.1399536132813,480.0,482.739990234375,475.2799987792969,479.239990234375,36061500,0.01084545743091403,0.010787067256867362,4.023397914257624
2024-08-26,471.5174255371094,475.3399963378906,480.3800048828125,473.239990234375,479.4500122070313,27452600,-0.00970833898960377,-0.00975577216043785,3.9746290644263427
2024-08-27,472.9259948730469,476.760009765625,477.8399963378906,471.7099914550781,473.6900024414063,27510000,0.002987311305267193,0.0029828581572718697,3.9894898300700143
2024-08-28,467.5594787597656,471.3500061035156,477.0199890136719,467.8900146484375,476.2900085449219,37372400,-0.011347475443217792,-0.011412349279103708,3.9328717167491103
2024-08-29,466.8750915527344,470.6600036621094,477.9299926757813,469.3699951171875,473.2799987792969,41081500,-0.0014637436264721693,-0.0014648159457022187,3.925651257213514
2024-08-30,472.43994140625,476.2699890136719,476.8999938964844,470.510009765625,475.0400085449219,33466500,0.011919354778615388,0.011848878736003054,3.984361842063975
2024-09-03,458.0962829589844,461.80999755859375,473.3299865722656,459.4100036621094,473.2000122070313,44985200,-0.030360808200447065,-0.030831243898629394,3.8330325881754437
2024-09-04,456.9058532714844,460.6099853515625,464.4500122070313,457.7300109863281,458.6700134277344,32505100,-0.0025986451577617586,-0.002602027497026801,3.820473251442877
2024-09-05,457.3324279785156,461.0400085449219,465.3599853515625,457.9400024414063,458.9700012207031,34452400,0.0009336162011865934,0.000933180652650067,3.824973723367811
2024-09-06,445.0817565917969,448.6900024414063,461.2200012207031,448.1900024414063,460.3299865722656,50624400,-0.026787235361526274,-0.027152552007456112,3.695726016626778
2024-09-09,450.8053283691406,454.4599914550781,455.4599914550781,449.8200073242188,453.05999755859375,32981200,0.012859596450710331,0.012777613933598622,3.7561111582436997
2024-09-10,454.9715576171875,458.6600036621094,459.1700134277344,452.2300109863281,456.239990234375,29680300,0.009241748013757656,0.009199304362527598,3.800065939093609
2024-09-11,464.8514404296875,468.6199951171875,469.3699951171875,451.2799987792969,459.9100036621094,57843000,0.021715385603978676,0.021482965329281505,3.904301221885551
2024-09-12,469.41448974609375,473.2200012207031,474.0400085449219,466.8500061035156,468.6499938964844,40067800,0.00981614537364539,0.009768279999397547,3.9524425556357263
2024-09-13,471.5174255371094,475.3399963378906,476.5299987792969,472.25,472.4800109863281,29111800,0.004479912395020325,0.004469907457188085,3.9746290644263453
2024-09-16,469.434326171875,473.239990234375,473.8599853515625,469.8900146484375,473.1900024414063,22585600,-0.004417862951430651,-0.004427650545429898,3.952651834985506
2024-09-17,469.6823120117188,473.489990234375,477.6000061035156,470.9700012207031,476.2900085449219,30084400,0.0005282652461018333,0.0005281257631372204,3.9552681488259713
2024-09-18,467.6488037109375,471.4400024414063,478.8299865722656,470.8299865722656,474.7000122070313,39909200,-0.0043295398799914064,-0.004338939478212453,3.933814117759578
2024-09-19,479.4729309082031,483.3599853515625,486.2300109863281,480.489990234375,482.6099853515625,52782500,0.025284202810822,0.024969845192810366,4.058561674543908
2024-09-20,478.5603332519531,482.4400024414063,483.6900024414063,478.2999877929688,482.489990234375,34577700,-0.0019033350944783756,-0.0019051487383994468,4.048933536581165
2024-09-23,479.828857421875,483.0400085449219,484.1400146484375,481.6000061035156,482.9500122070313,24843000,0.002650708973938265,0.0026472020407784804,4.062316790015399
2024-09-24,482.1433715820313,485.3699951171875,486.3299865722656,480.1700134277344,484.4599914550781,25952600,0.004823624349298727,0.004812027949533251,4.086735504547581
2024-09-25,482.5903930664063,485.8200073242188,487.7900085449219,484.55999755859375,484.739990234375,26549900,0.0009271546820361909,0.0009267251396149881,4.091451695186902
2024-09-26,486.2161254882813,489.4700012207031,493.7000122070313,485.7999877929688,493.3699951171875,32020200,0.007513063819685417,0.0074849813250431095,4.129704096707687
2024-09-27,483.5142211914063,486.75,490.6400146484375,485.55999755859375,490.5,22851100,-0.005557002648074683,-0.005572500227349027,4.101198317458443
2024-09-30,484.8254089355469,488.0700073242188,488.4100036621094,482.9200134277344,485.7799987792969,30281100,0.0027117873408351034,0.002708117079359254,4.115031682478816
2024-10-01,478.0705871582031,481.2699890136719,488.0,477.3999938964844,487.7000122070313,42735400,-0.013932483019349684,-0.014030451084246442,4.043766590419244
2024-10-02,478.74609375,481.9500122070313,483.8800048828125,477.7200012207031,480.3599853515625,23744000,0.0014129850485307127,0.00141198772451577,4.050893357199785
2024-10-03,478.3884887695313,481.5899963378906,484.5499877929688,478.989990234375,479.739990234375,25337200,-0.0007469616674417034,-0.0007472407823087433,4.047120533475621
2024-10-04,484.0804138183594,487.3200073242188,487.8800048828125,482.3900146484375,487.4500122070313,30686600,0.01189812293240644,0.011827896758681919,4.107171794037586
2024-10-07,478.8950500488281,482.1000061035156,486.5700073242188,480.8699951171875,485.3900146484375,24975100,-0.010711781806311493,-0.010769565959003023,4.052464884132507
2024-10-08,486.0472106933594,489.2999877929688,489.989990234375,483.8500061035156,484.6600036621094,28272000,0.014934714075248934,0.014824289316930342,4.127922002552262
2024-10-09,489.87158203125,493.1499938964844,493.7300109863281,487.9500122070313,489.0,24995000,0.00786831248848241,0.007837518742181514,4.168270095284908
2024-10-10,489.31536865234375,492.5899963378906,494.4700012207031,489.5299987792969,490.8500061035156,25750400,-0.0011354269145393836,-0.0011360720000230242,4.162401902317112
2024-10-11,490.0802001953125,493.3599853515625,494.3900146484375,490.1700134277344,490.739990234375,20644500,0.0015630646245083923,0.0015618443104525213,4.1704710701081185
2024-10-14,494.1927185058594,497.5,498.8299865722656,495.260009765625,495.7699890136719,26060100,0.008391521038613403,0.008356507964874678,4.213859186872472
2024-10-15,487.5869445800781,490.8500061035156,498.5,488.6799926757813,497.8299865722656,34784500,-0.01336679736146884,-0.013456937152041453,4.144166587650315
2024-10-16,487.64654541015625,490.9100036621094,491.6900024414063,487.5700073242188,491.1799926757813,22996800,0.00012223631239649535,0.00012222884214721215,4.144795391604343
2024-10-17,487.9842529296875,491.25,496.489990234375,491.1900024414063,496.4400024414063,27210700,0.0006925251961893419,0.0006922855112678444,4.148358292042268
2024-10-18,491.182861328125,494.4700012207031,495.5700073242188,493.2999877929688,494.05999755859375,25335000,0.006554736918730875,0.00653334804544309,4.182104426209971
2024-10-21,492.1265869140625,495.4200134277344,496.2300109863281,491.30999755859375,493.25,30336500,0.0019213324817273225,0.0019194890832845235,4.192060971767751
2024-10-22,492.6629333496094,495.9599914550781,497.4500122070313,491.9700012207031,492.7300109863281,26685800,0.001089854622384978,0.0010892611619872444,4.197719563417537
2024-10-23,485.1134948730469,488.3599853515625,494.25,485.0499877929688,493.5899963378906,39346600,-0.015323739549947368,-0.01544236142759195,4.11807106257406
2024-10-24,489.0471496582031,492.3200073242188,493.0,489.4400024414063,492.1099853515625,22024900,0.008108730898499728,0.008076031786708203,4.1595721235398715
2024-10-25,492.0272216796875,495.3200073242188,500.2799987792969,494.4299926757813,495.1400146484375,38762100,0.0060936292616513565,0.006075138183357429,4.191012643209475
2024-10-28,492.106689453125,495.3999938964844,498.5199890136719,495.1000061035156,498.4599914550781,20477800,0.00016151092853400328,0.00016149788704819475,4.191851048481511
2024-10-29,496.8350524902344,500.1600036621094,501.3500061035156,493.8500061035156,495.7200012207031,28014100,0.009608410408653345,0.009562543206577062,4.241736484135918
2024-10-30,493.08013916015625,496.3800048828125,500.3500061035156,495.8900146484375,499.3900146484375,29756000,-0.007557665891844367,-0.0075863697630093214,4.202121191095729
2024-10-31,480.6334533691406,483.8500061035156,492.4299926757813,483.75,492.3800048828125,41245200,-0.025242723854616345,-0.02556678652006955,4.070805482410651
2024-11-01,484.1896667480469,487.4299926757813,490.75,485.2000122070313,485.5,33655800,0.007399013435244628,0.007371775011129927,4.108324440302519
2024-11-04,482.7791442871094,486.010009765625,489.3800048828125,484.25,486.8200073242188,23291600,-0.002913161014795995,-0.0029174125272462,4.093443068692101
2024-11-05,488.9378967285156,492.2099914550781,492.8800048828125,487.5199890136719,487.6099853515625,24353600,0.012756873436404303,0.012676189981018092,4.158419477274936
2024-11-06,502.218994140625,505.5799865722656,506.4100036621094,499.6000061035156,500.55999755859375,43082200,0.027163158145386612,0.02680078701886387,4.298538441316398
2024-11-07,510.12603759765625,513.5399780273438,514.3300170898438,508.3399963378906,508.3999938964844,32853100,0.015744214275609902,0.015621559857278759,4.38195976588404
2024-11-08,510.72210693359375,514.1400146484375,514.9199829101562,512.4099731445312,513.0399780273438,22924500,0.001168474635689254,0.001167792500522181,4.388248449360775
2024-11-11,510.4241333007813,513.8400268554688,515.5800170898438,510.9200134277344,515.3699951171875,24167500,-0.0005834359405382239,-0.0005836062055156055,4.385104751558869
2024-11-12,509.500244140625,512.9099731445312,514.6599731445312,509.8299865722656,513.77001953125,25835300,-0.0018100420804592066,-0.0018116821860312683,4.375357485350866
2024-11-13,508.84466552734375,512.25,514.97998046875,509.9500122070313,512.4000244140625,24567400,-0.0012867091249132434,-0.0012875376458859002,4.368440963824795
2024-11-14,505.3083190917969,508.6900024414063,512.7899780273438,507.7699890136719,511.9100036621094,28679500,-0.006949756330612122,-0.006974018362624259,4.331131607250936
2024-11-15,493.2688903808594,496.5700073242188,503.3299865722656,494.489990234375,502.9400024414063,51461100,-0.023825906394290608,-0.02411433387988754,4.204112564600931
2024-11-18,496.6959533691406,500.0199890136719,502.1400146484375,496.7300109863281,498.1300048828125,27080800,0.006947656856355122,0.006923633096830697,4.240268952941625
2024-11-19,500.1130981445313,503.4599914550781,503.9500122070313,497.0799865722656,497.4200134277344,24523000,0.006879751590911587,0.006856194084744127,4.276320701607429
2024-11-20,499.8250122070313,503.1700134277344,503.4800109863281,496.55999755859375,503.1600036621094,29565500,-0.0005760415765330151,-0.000576207552224289,4.273281321512181
2024-11-21,501.62298583984375,504.9800109863281,506.9599914550781,497.55999755859375,506.239990234375,34526700,0.0035972061999725025,0.0035907517278302853,4.292250401776124
2024-11-22,502.4276428222656,505.7900085449219,506.5299987792969,502.7799987792969,504.4200134277344,23826600,0.0016041070786951828,0.0016028218731565236,4.30073973810784
2024-11-25,503.2222595214844,506.5899963378906,511.4500122070313,504.260009765625,509.8999938964844,26375200,0.0015815544995796404,0.0015803051593550415,4.309123146891745
2024-11-26,505.9242248535156,509.30999755859375,510.1400146484375,507.2300109863281,508.0799865722656,26557100,0.0053693279279827255,0.005354964478557492,4.33762957007745
2024-11-27,501.94085693359375,505.2999877929688,508.239990234375,501.9299926757813,508.1700134277344,24957400,-0.007873447690857627,-0.007904606941713053,4.2956040228642705
2024-11-29,506.3513488769531,509.739990234375,510.3399963378906,505.30999755859375,505.9299926757813,15334000,0.008786875749273504,0.008748495819148737,4.342135837430532
2024-12-02,511.8643493652344,515.2899780273438,516.260009765625,510.6199951171875,511.010009765625,25147200,0.01088769784164434,0.010828853593136612,4.400299398257495
2024-12-03,513.4338989257812,516.8699951171875,517.1500244140625,513.3699951171875,513.9500122070312,18597900,0.0030663388893821253,0.003061647260592358,4.4168585463166785
2024-12-04,519.7814331054688,523.260009765625,523.52001953125,519.5999755859375,520.3200073242188,26086200,0.012362904344586534,0.012287107714269859,4.483826650372948
2024-12-05,518.341064453125,521.8099975585938,524.0399780273438,521.4199829101562,523.3099975585938,18169600,-0.002771104469311614,-0.0027749510871983222,4.46863039383317
2024-12-06,522.9801025390625,526.47998046875,526.719970703125,522.3499755859375,522.47998046875,23762600,0.008949779216956166,0.008909967305168144,4.517573428477113
2024-12-09,518.9073486328125,522.3800048828125,526.3499755859375,521.219970703125,525.5499877929688,20674400,-0.007787588641473775,-0.007818070265258605,4.474604836317007
2024-12-10,517.1390991210938,520.5999755859375,525.3800048828125,519.1599731445312,523.6199951171875,24350000,-0.003407640143038293,-0.0034134593723643756,4.455949353109502
2024-12-11,526.397216796875,529.9199829101562,530.6099853515625,524.5900268554688,525.0,32168600,0.017902567590646123,0.01774420391196399,4.553624855174687
2024-12-12,522.9999389648438,526.5,528.9600219726562,526.02001953125,527.6799926757812,23577500,-0.006453829396560362,-0.0064747453942543085,4.517782707826892
2024-12-13,527.0031127929688,530.530029296875,533.1699829101562,527.2999877929688,530.4600219726562,28780400,0.007654252954691243,0.007625107789045959,4.56001721242162
2024-12-16,534.5924072265625,538.1699829101562,539.1500244140625,533.0,533.0800170898438,31979900,0.014400853143679893,0.014298145733278223,4.640086203774036
2024-12-17,532.238037109375,535.7999877929688,537.47998046875,534.1300048828125,536.3599853515625,28579100,-0.004404047055965199,-0.004413773438670728,4.615246998732915
2024-12-18,513.0365600585938,516.469970703125,536.8800048828125,515.010009765625,535.1500244140625,54703200,-0.03607685981082054,-0.03674371764441653,4.412666519956497
2024-12-19,510.751953125,514.1699829101562,521.760009765625,513.8300170898438,521.1900024414062,46441800,-0.004453107461450334,-0.004463052078429166,4.3885633342901365
2024-12-20,515.2120361328125,518.6599731445312,524.8200073242188,509.2900085449219,510.4400024414063,60530000,0.008732385614041771,0.008694478852581428,4.435618347230845
2024-12-23,520.2315673828125,522.8699951171875,523.25,516.1300048828125,519.5499877929688,29672800,0.009742651370640898,0.009695497762846261,4.488575681771774
2024-12-24,527.2858276367188,529.9600219726562,530.0499877929688,524.1900024414062,524.8300170898438,17558200,0.013559846607146264,0.013468734606278315,4.562999926108312
2024-12-26,526.9276733398438,529.5999755859375,531.239990234375,526.3099975585938,528.3200073242188,19090500,-0.0006792412731444486,-0.000679472062011487,4.559221306956
2024-12-27,519.9231567382812,522.5599975585938,526.4500122070312,517.8599853515625,526.010009765625,33839600,-0.013293127227813839,-0.013382271731106449,4.485321870835061
2024-12-30,513.0082397460938,515.6099853515625,519.3599853515625,511.8299865722656,515.510009765625,34584000,-0.013299882689526643,-0.01338911822728973,4.41236773343866
2024-12-31,508.6502990722656,511.2300109863281,517.6599731445312,510.260009765625,516.9000244140625,29117000,-0.008494874616409742,-0.008531161712812938,4.366390348165196
2025-01-02,507.6553955078125,510.2300109863281,516.6400146484375,505.7099914550781,514.2999877929688,36389800,-0.001955967717443108,-0.001957883120350651,4.3558938618849865
2025-01-03,515.9632568359375,518.5800170898438,519.6500244140625,512.530029296875,513.3499755859375,29059500,0.016365159124950512,0.016232693172044774,4.44354391719108
2025-01-06,521.8931884765625,524.5399780273438,527.9199829101562,522.030029296875,524.02001953125,36109700,0.011492933967797159,0.011427391904572115,4.506106207982161
2025-01-07,512.5803833007812,515.1799926757812,525.989990234375,513.280029296875,525.5900268554688,36690300,-0.017844274233518753,-0.018005402989917523,4.407853738848048
2025-01-08,512.6699829101562,515.27001953125,516.9199829101562,510.5700073242188,515.0800170898438,30777800,0.00017480108933942695,0.00017478581340915007,4.408799037572587
2025-01-10,504.6307067871094,507.1900024414063,511.5799865722656,503.9200134277344,511.4800109863281,40532500,-0.015681191392193816,-0.015805441916507866,4.323982624662498
2025-01-13,503.0089416503906,505.55999755859375,506.0199890136719,499.7000122070313,501.2000122070313,31694200,-0.0032137662550189017,-0.0032189414927674305,4.306872588961051
2025-01-14,502.5313415527344,505.0799865722656,510.1600036621094,501.5899963378906,508.739990234375,33737200,-0.0009494862975779617,-0.0009499373452242476,4.30183378615484
2025-01-15,514.0927124023438,516.7000122070312,517.8499755859375,511.4599914550781,513.030029296875,34957600,0.023006268253611406,0.022745614275850787,4.423809196475179
2025-01-16,510.490966796875,513.0800170898438,519.0599975585938,512.9500122070312,518.97998046875,28229000,-0.007006023463429156,-0.007030680880265737,4.38580986198351
2025-01-17,519.1072998046875,521.739990234375,524.0700073242188,513.1099853515625,522.8499755859375,51837900,0.016878521988109796,0.01673766252602497,4.476714372162777
2025-01-21,522.1517944335938,524.7999877929688,525.969970703125,520.0599975585938,524.47998046875,23628000,0.005864865760993432,0.005847734385307233,4.508834566766815
2025-01-22,528.8280029296875,531.510009765625,533.8200073242188,529.260009765625,529.5700073242188,33593000,0.012785953370773706,0.012704903206911458,4.579270268664802
2025-01-23,529.9523315429688,532.6400146484375,532.760009765625,528.4500122070312,529.0399780273438,23096600,0.0021260761666410666,0.002123819265038243,4.591132222210259
2025-01-24,526.9574584960938,529.6300048828125,533.7899780273438,528.1500244140625,533.02001953125,19878300,-0.005651212134788364,-0.0056672406496339695,4.559535547948898
2025-01-27,511.61529541015625,514.2100219726562,517.989990234375,510.1499938964844,511.0,60771700,-0.029114614165862918,-0.02954685490375293,4.397671815528967
2025-01-28,519.1769409179688,521.8099975585938,523.0,511.7799987792969,515.219970703125,33194200,0.01477994418003159,0.014671785224901618,4.477449103664615
2025-01-29,518.2019653320312,520.8300170898438,522.5900268554688,516.9000244140625,522.4600219726562,26649000,-0.0018779254413988644,-0.0018796909540609382,4.467162862638875
2025-01-30,520.4107055664062,523.0499877929688,526.0999755859375,518.2100219726562,523.7100219726562,27431300,0.004262315433249508,0.004253257496225015,4.490465635284389
2025-01-31,519.6544799804688,522.2899780273438,531.52001953125,521.1900024414062,526.9199829101562,38755200,-0.0014531322623627663,-0.0014541890829728814,4.482487262534363
2025-02-03,515.4955444335938,518.1099853515625,520.8499755859375,511.0499877929688,513.469970703125,40580800,-0.008003270840715726,-0.00803546892116353,4.438609432091527
2025-02-04,521.823486328125,524.469970703125,525.1099853515625,518.22998046875,518.6300048828125,26046800,0.012275454100159289,0.012200721674889664,4.50537083254386
2025-02-05,524.1914672851562,526.8499755859375,527.010009765625,520.6199951171875,521.8200073242188,21134100,0.004537896470881098,0.004527631261945799,4.530353635415752
2025-02-06,526.9276733398438,529.5999755859375,529.8099975585938,525.739990234375,527.3599853515625,19434500,0.005219859966165696,0.005206283720705687,4.5592213069559975
2025-02-07,520.2813110351562,522.9199829101562,532.0999755859375,522.1900024414062,530.1400146484375,29605500,-0.012613424272368556,-0.012693648826429375,4.48910048998737
2025-02-10,526.579345703125,529.25,530.3599853515625,526.75,527.219970703125,20852800,0.012105056503832756,0.012032376251846525,4.555546361573883
2025-02-11,525.3257446289062,527.989990234375,529.9199829101562,525.8300170898438,525.9600219726562,19325500,-0.002380649914297095,-0.0023834881667894755,4.542320550604329
2025-02-12,525.6341552734375,528.2999877929688,529.1900024414062,521.9500122070312,522.2999877929688,25009400,0.0005870845807283143,0.0005869123139959805,4.545574361541043
2025-02-13,533.19580078125,535.9000244140625,536.219970703125,529.1900024414062,529.97998046875,28714800,0.014385757531069965,0.014283264313486926,4.62535164967669
2025-02-14,535.4345703125,538.1500244140625,538.8400268554688,535.6699829101562,536.010009765625,17862600,0.004198775624207229,0.004189985362802681,4.648971239060947
2025-02-18,536.6483154296875,539.3699951171875,540.0,536.0399780273438,539.72998046875,20565000,0.002266841150131871,0.002264275741915701,4.661776559521561
2025-02-19,536.797607421875,539.52001953125,540.8099975585938,536.4600219726562,538.5700073242188,19666900,0.00027819334915446525,0.0002781546605598152,4.663351628104818
2025-02-20,534.5191040039062,537.22998046875,539.0999755859375,532.4600219726562,538.72998046875,26550800,-0.00424462290156602,-0.004253656886322951,4.639312836084543
2025-02-21,523.4253540039062,526.0800170898438,538.4000244140625,525.7100219726562,538.3800048828125,47093800,-0.02075463705020153,-0.020973041755247165,4.522270944959066
2025-02-24,517.2467041015625,519.8699951171875,529.0700073242188,519.530029296875,527.8800048828125,39268400,-0.011804261782660252,-0.011874485251979129,4.457084613089991
2025-02-25,510.7297973632813,513.3200073242188,519.3200073242188,509.4400024414063,519.239990234375,48940000,-0.012599223323425113,-0.012679266570105523,4.388329585354843
2025-02-26,511.9635314941406,514.5599975585938,519.6599731445312,511.3699951171875,515.530029296875,34457600,0.0024156298246718055,0.002412716881066077,4.401345795006388
2025-02-27,497.7456359863281,500.2699890136719,519.0700073242188,500.0499877929688,518.1300048828125,52448000,-0.02777130524574334,-0.028164219527335985,4.251343372195453
2025-02-28,505.6057434082031,508.1700134277344,508.7799987792969,496.9299926757813,500.1300048828125,47654000,0.01579141403480011,0.01566802693227459,4.334269509624695
2025-03-03,494.5418701171875,497.0499877929688,513.0399780273438,493.5799865722656,511.5199890136719,44587200,-0.021882412206071677,-0.02212538325659059,4.217542825396808
2025-03-04,493.0494384765625,495.5499877929688,503.739990234375,487.739990234375,494.1799926757813,67875400,-0.0030178064402743843,-0.0030223692001261743,4.201797291055918
2025-03-05,499.4768676757813,502.010009765625,503.6300048828125,491.260009765625,496.2000122070313,46323700,0.01303607447374544,0.012951836156405359,4.269608307939451
2025-03-06,485.736572265625,488.2000122070313,498.5799865722656,486.2000122070313,493.6900024414063,57574300,-0.02750937290468347,-0.027894841484241654,4.124644687934726
2025-03-07,489.3084411621094,491.7900085449219,493.2799987792969,480.5299987792969,487.1600036621094,54714700,0.007353510319027645,0.007326605080145124,4.162328815528804
2025-03-10,470.3446044921875,472.7300109863281,483.9700012207031,468.6600036621094,483.4500122070313,76668000,-0.038756406132873344,-0.03952742256199191,3.9622555033627345
2025-03-11,469.2202758789063,471.6000061035156,478.80999755859375,467.010009765625,472.3500061035156,68760800,-0.0023904358688138228,-0.002393297521943741,3.950393549817277
2025-03-12,474.5134582519531,476.9200134277344,481.05999755859375,471.7900085449219,479.1600036621094,46971100,0.011280804869593597,0.011217651096780992,4.00623797348046
2025-03-13,465.9767456054688,468.3399963378906,476.2799987792969,466.4299926757813,476.25,46563300,-0.017990454217952978,-0.018154249919268704,3.9161734784143825
2025-03-14,477.2396545410156,479.6600036621094,480.55999755859375,473.1199951171875,473.7300109863281,43563000,0.024170538641176798,0.023883054392570584,4.035000039441126
2025-03-17,480.33392333984375,482.7699890136719,485.8399963378906,477.7999877929688,479.6099853515625,41744400,0.006483679152362143,0.006462750519006481,4.067645364228993
2025-03-18,472.1454772949219,474.5400085449219,479.6099853515625,472.4100036621094,479.4100036621094,39072300,-0.017047403164836217,-0.01719438295280703,3.981255170608568
2025-03-19,478.4634704589844,480.8900146484375,485.3299865722656,474.8699951171875,476.80999755859375,40430300,0.013381454377706659,0.013292713495244139,4.047911609417782
2025-03-20,476.8416748046875,479.260009765625,484.5499877929688,476.1799926757813,476.8800048828125,36780500,-0.003389591378294976,-0.0033953490576194424,4.030801251748104
2025-03-21,478.4136962890625,480.8399963378906,481.6099853515625,472.9100036621094,474.0799865722656,42234900,0.0032967367733092168,0.0032913144506783055,4.0473864792339524
2025-03-24,488.91217041015625,490.6600036621094,491.510009765625,484.3999938964844,487.739990234375,34567200,0.02194434273627155,0.02170703113639777,4.158148058056685
2025-03-25,491.7021789550781,493.4599914550781,493.6199951171875,490.4200134277344,491.3900146484375,26035200,0.005706563906112905,0.005690343150899503,4.187583359587178
2025-03-26,482.654541015625,484.3800048828125,493.1600036621094,482.8200073242188,492.2999877929688,34627100,-0.01840064642113315,-0.018572044123888912,4.09212847240726
2025-03-27,479.9043273925781,481.6199951171875,486.5799865722656,480.25,482.4100036621094,33469800,-0.005698099550166313,-0.005714395653438449,4.063113017449247
2025-03-28,467.26953125,468.9400024414063,480.5199890136719,468.0499877929688,479.80999755859375,46363800,-0.026327739554310003,-0.026680520213253733,3.9298126965918065
2025-03-31,467.2495727539063,468.9200134277344,469.8599853515625,457.3299865722656,461.9200134277344,53000300,-4.27130269767817e-05,-4.2713939204094545e-05,3.9296021293691066
2025-04-01,471.01611328125,472.7000122070313,473.6300048828125,464.4200134277344,467.2999877929688,41156200,0.008061089291412804,0.00802877226856771,3.9693400923050897
2025-04-02,474.453857421875,476.1499938964844,479.55999755859375,465.8599853515625,466.1199951171875,49894500,0.00729857014163815,0.007272064469450148,4.005609169526433
2025-04-03,449.0545959472656,450.6600036621094,460.0700073242188,450.1400146484375,456.4400024414063,70456300,-0.053533681046721626,-0.055019893801331196,3.737640484800459
2025-04-04,421.1643676757813,422.6700134277344,440.3699951171875,422.6700134277344,438.1400146484375,117088400,-0.06210876923027775,-0.06412129536731198,3.443391465233966
2025-04-07,422.1806945800781,423.6900024414063,443.1400146484375,402.3900146484375,408.6600036621094,161557000,0.0024131360160060122,0.0024102290789073237,3.4541139732119364
2025-04-08,414.577880859375,416.05999755859375,443.1400146484375,409.7900085449219,438.1600036621094,101248100,-0.018008435293956904,-0.018172560576944413,3.3739023499334397
2025-04-09,464.3399963378906,466.0,467.8299865722656,415.4299926757813,415.5700073242188,142876900,0.12003080187337578,0.11335618660149606,3.8989053563117935
2025-04-10,444.590576171875,446.1799926757813,455.5899963378906,432.6300048828125,453.55999755859375,108384100,-0.042532240000373256,-0.043463229512884054,3.690543937958026
2025-04-11,452.78131103515625,454.3999938964844,455.7900085449219,441.3299865722656,444.6499938964844,52483800,0.018423095994987593,0.01825544671068452,3.7769582791957337
2025-04-14,455.850341796875,457.4800109863281,465.0499877929688,452.6300048828125,464.4599914550781,43941200,0.006778174555619909,0.006755306010301195,3.8093373362570357
2025-04-15,456.3585205078125,457.989990234375,462.3800048828125,456.1499938964844,458.5400085449219,35404200,0.0011147928702528453,0.0011141719501031216,3.814698751230136
2025-04-16,442.59771728515625,444.1799926757813,452.6199951171875,437.760009765625,449.0299987792969,48980600,-0.030153492493892542,-0.03061745969035363,3.669518768574564
2025-04-17,442.51800537109375,444.1000061035156,447.75,441.3599853515625,447.1700134277344,44837000,-0.00018010014726566048,-0.00018011636724469269,3.6686777875566836
2025-04-21,431.5671081542969,433.1099853515625,439.0799865722656,427.9299926757813,438.2300109863281,44149300,-0.0247467833712518,-0.025058132340109875,3.553143029717843
2025-04-22,442.8966674804688,444.4800109863281,447.5799865722656,437.6199951171875,438.8200073242188,52304400,0.026252138108081358,0.025913465200680292,3.6726727693598438
2025-04-23,452.9407348632813,454.55999755859375,463.3800048828125,452.8800048828125,458.1700134277344,55801100,0.022678128151089494,0.022424802223011183,3.778640241231493
2025-04-24,465.6851806640625,467.3500061035156,467.6600036621094,455.8299865722656,456.4800109863281,45956100,0.02813711556464016,0.02774853903798749,3.9130973939408635
2025-04-25,470.8766174316406,472.55999755859375,473.0899963378906,465.3900146484375,466.9700012207031,38697100,0.011147953559903279,0.011086273109469766,3.967868375523798
2025-04-28,470.7271423339844,472.4100036621094,474.80999755859375,466.0299987792969,473.0299987792969,33550800,-0.0003174400514333042,-0.00031749044619158983,3.966291375131158
2025-04-29,473.8360290527344,475.5299987792969,476.4200134277344,469.5899963378906,470.1700134277344,30613100,0.0066044347970575235,0.006582721069727491,3.9990909227014013
2025-04-30,473.7762451171875,475.4700012207031,477.2000122070313,462.4299926757813,467.1300048828125,46810600,-0.00012617009235538212,-0.00012617805247104399,3.998460186937991
2025-05-01,479.964111328125,481.6799926757813,487.1799926757813,480.739990234375,483.4100036621094,43316500,0.013060735473149343,0.012976179513824461,4.063743753212656
2025-05-02,487.0886535644531,488.8299865722656,490.9100036621094,484.8299865722656,486.5400085449219,39218100,0.0148439061758463,0.01473481364844391,4.138909490383873
2025-05-05,484.198974609375,485.9299926757813,489.0299987792969,484.1000061035156,484.6000061035156,28309500,-0.0059325523884241615,-0.005950219887575818,4.1084226406128
2025-05-06,479.6950988769531,481.4100036621094,485.0499877929688,478.1900024414063,479.55999755859375,32786300,-0.009301704399633182,-0.009345235403979489,4.060905603261427
2025-05-07,481.5783386230469,483.2999877929688,485.7999877929688,476.7799987792969,482.0799865722656,38006300,0.0039259099175763534,0.003918223643747254,4.080774262761189
2025-05-08,486.5505676269531,488.2900085449219,492.7000122070313,484.1700134277344,488.5299987792969,39577600,0.010324860163194005,0.0102719228628487,4.133232546544953
2025-05-09,486.2317199707031,487.9700012207031,491.5400085449219,486.2000122070313,490.2099914550781,27767400,-0.0006553227505315951,-0.0006555375683404024,4.129868622473433
2025-05-12,506.0408935546875,507.8500061035156,507.8900146484375,501.4800109863281,506.989990234375,45090600,0.040740191909277135,0.03993218298827405,4.33886045462238
2025-05-13,513.7533569335938,515.5900268554688,517.3900146484375,508.4200134277344,509.1600036621094,53269600,0.015240790768370482,0.015125816642730812,4.420228909752807
2025-05-14,516.832275390625,518.6799926757812,519.22998046875,515.75,516.77001953125,47014500,0.005992989467568988,0.005975102933155471,4.452712284520769
2025-05-15,517.4003295898438,519.25,521.9299926757812,515.1699829101562,516.52001953125,50153300,0.0010991074402026957,0.0010985038638431687,4.4587054011619704
2025-05-16,519.6522827148438,521.510009765625,521.7000122070312,517.0999755859375,520.6599731445312,48394600,0.004352438520449198,0.004342994054300944,4.482464080821772
2025-05-19,520.1504516601562,522.010009765625,522.530029296875,514.239990234375,514.239990234375,52536200,0.0009586582449130354,0.0009581990255639413,4.487719890215291
2025-05-20,518.4166870117188,520.27001953125,520.9299926757812,516.6599731445312,519.469970703125,42517600,-0.0033331983907807228,-0.003338765871658303,4.46942823110817
2025-05-21,511.21240234375,513.0399780273438,523.0,511.239990234375,516.27001953125,71292800,-0.01389670673892851,-0.013994169966769896,4.393421190950843
2025-05-22,512.1690063476562,514.0,517.7100219726562,512.2999877929688,513.6599731445312,55607200,0.0018712456887206574,0.0018694970895395144,4.403513607101864
2025-05-23,507.4259338378906,509.239990234375,511.8399963378906,505.5799865722656,506.1799926757813,58368100,-0.009260756607646137,-0.009303904005752634,4.3534729827603895
2025-05-27,519.3632202148438,521.219970703125,521.7100219726562,514.5900268554688,516.1500244140625,47226300,0.02352517989505598,0.023252727570429708,4.47941439774315
2025-05-28,517.0614624023438,518.9099731445312,523.6799926757812,518.3900146484375,522.1799926757812,46637200,-0.004431884513400486,-0.004441734426796675,4.455130265931288
2025-05-29,518.077880859375,519.9299926757812,526.47998046875,517.3200073242188,526.3300170898438,58513300,0.00196575945209454,0.0019638298752915452,4.46585373981395
2025-05-30,517.2607421875,519.1099853515625,520.6799926757812,511.9299926757813,519.4400024414062,67662800,-0.001577250645249606,-0.0015784958145168319,4.457232718475988
2025-06-02,521.3462524414062,523.2100219726562,523.4500122070312,515.969970703125,517.239990234375,44762800,0.007898357483362428,0.007867328734905189,4.5003358933564135
2025-06-03,525.4215698242188,527.2999877929688,528.739990234375,522.6900024414062,523.5599975585938,44070300,0.007816911244165059,0.007786517480949557,4.543331530847876
2025-06-04,526.8863525390625,528.77001953125,529.8400268554688,525.969970703125,528.010009765625,41359300,0.0027878237190257504,0.002783944945700147,4.558785361971998
2025-06-05,522.9205322265625,524.7899780273438,533.0499877929688,522.6599731445312,530.1799926757812,61031200,-0.007526898909771984,-0.007555368964154863,4.516944946491314
2025-06-06,528.0322265625,529.9199829101562,531.7999877929688,528.2100219726562,530.0,42467000,0.009775279456272656,0.009727810509503814,4.5708746250881385
2025-06-09,528.8095703125,530.7000122070312,532.3499755859375,529.010009765625,530.1400146484375,33688700,0.001472152097724333,0.0014710695441503532,4.579075799853621
2025-06-10,532.3070068359375,534.2100219726562,534.9000244140625,528.8900146484375,531.1699829101562,40664800,0.00661379203362511,0.006592016869301475,4.615974646933684
2025-06-11,530.5133666992188,532.4099731445312,536.780029296875,530.1099853515625,535.6199951171875,53701000,-0.0033695595092393393,-0.0033752492597799283,4.597051286158462
2025-06-12,531.7589111328125,533.6599731445312,534.6400146484375,530.8400268554688,531.0900268554688,34104900,0.002347809709948301,0.0023450579110230875,4.610192097515183
2025-06-13,525.0828857421875,526.9600219726562,531.8699951171875,525.72998046875,527.6799926757812,55814400,-0.012554609336781875,-0.012634084330203845,4.539758327426579
2025-06-16,532.38671875,534.2899780273438,535.3699951171875,530.4500122070312,530.5,37622100,0.0139098668155766,0.013814012476118154,4.616815627951564
2025-06-17,527.1952514648438,529.0800170898438,533.3300170898438,527.9099731445312,531.7100219726562,42180900,-0.00975130878047703,-0.009799164147712052,4.5620443244004
2025-06-18,527.1055908203125,528.989990234375,532.5499877929688,527.4000244140625,530.0999755859375,43983500,-0.000170071039680475,-0.00017008550339967375,4.5610983817394
2025-06-20,524.9533081054688,526.8300170898438,533.5599975585938,524.8800048828125,532.260009765625,61643500,-0.004083209801463594,-0.004091568864904363,4.538391250320179
2025-06-23,530.3511352539062,531.6500244140625,532.1699829101562,523.6500244140625,526.8099975585938,50666100,0.010282490014051016,0.010229984829568278,4.595339703045504
2025-06-24,538.4612426757812,539.780029296875,540.7000122070312,536.27001953125,536.8900146484375,45442000,0.01529195825703722,0.015176214735253206,4.6809034042184186
2025-06-25,539.8377685546875,541.1599731445312,543.3099975585938,539.3800048828125,542.0599975585938,44804200,0.002556406607959083,0.0025531445588197264,4.695426103220139
2025-06-26,544.885498046875,546.219970703125,546.6699829101562,541.52001953125,543.3499755859375,43811400,0.009350456352288594,0.009307011445118033,4.748680936405984
2025-06-27,546.7509155273438,548.0900268554688,549.989990234375,544.5399780273438,547.260009765625,57577100,0.0034235036299465893,0.003417656782064292,4.768361566459174
2025-06-30,550.292236328125,551.6400146484375,552.7999877929688,549.010009765625,551.260009765625,45548700,0.006477027655940271,0.006456141849101102,4.805723403854594
2025-07-01,545.653564453125,546.989990234375,550.7100219726562,544.6599731445312,549.72998046875,56166700,-0.008429469959365554,-0.008465198866777282,4.756784232829416
2025-07-02,549.4542846679688,550.7999877929688,551.0,546.1199951171875,546.1599731445312,36538300,0.006965445591202046,0.006941298938346667,4.796882800183479
2025-07-03,554.8610229492188,556.219970703125,557.2000122070312,553.1799926757812,553.1799926757812,26443500,0.009840196777275656,0.009792097322304856,4.853925267632089
2025-07-07,550.6813354492188,552.030029296875,554.3400268554688,549.5800170898438,553.52001953125,45349300,-0.007532854763854124,-0.007561370005338023,4.809828498792561
2025-07-08,550.9906005859375,552.3400268554688,554.010009765625,551.0999755859375,553.3800048828125,36153300,0.0005616045375251844,0.0005614468967153346,4.813091324839726
2025-07-09,554.8909912109375,556.25,557.6300048828125,553.0999755859375,554.47998046875,43045500,0.00707886962291604,0.007053932042769541,4.854241440434371
2025-07-10,554.0929565429688,555.4500122070312,557.2999877929688,552.75,556.8900146484375,34710900,-0.0014381827793369384,-0.0014392179568256639,4.845821971208657
2025-07-11,552.845947265625,554.2000122070312,555.7899780273438,552.0499877929688,553.2999877929688,39618600,-0.0022505416512130783,-0.0022530779261177372,4.832665705376876
2025-07-14,554.85107421875,556.2100219726562,556.9500122070312,551.6300048828125,553.989990234375,36453300,0.0036269180646839594,0.0036203566576978076,4.85382030598897
2025-07-15,555.3598022460938,556.719970703125,560.7999877929688,556.6599731445312,560.25,43277700,0.000916873105202276,0.0009164530338052561,4.859187516390218
2025-07-16,555.9284057617188,557.2899780273438,560.2100219726562,551.5599975585938,557.280029296875,52314700,0.0010238470867451888,0.0010233233127958056,4.865186428459568
2025-07-17,560.4273681640625,561.7999877929688,562.3099975585938,557.2100219726562,558.02001953125,40423800,0.008092701066748642,0.008060130764620546,4.912651628925842
2025-07-18,559.8887329101562,561.260009765625,564.72998046875,559.97998046875,563.1199951171875,50484700,-0.0009611151854892475,-0.0009615773528435749,4.906968889658774
2025-07-21,562.7916259765625,564.1699829101562,566.0599975585938,562.0599975585938,562.0900268554688,39595200,0.005184767786480915,0.005171373156728749,4.937595151673622
2025-07-22,559.8787841796875,561.25,564.3499755859375,558.6099853515625,564.2999877929688,43270600,-0.005175702093684453,-0.005189142435292739,4.906863928015654
2025-07-23,562.4324951171875,563.8099975585938,563.8499755859375,559.5800170898438,562.3400268554688,40215300,0.004561185402375267,0.004550814719352488,4.933806229537936
2025-07-24,563.6295776367188,565.010009765625,566.239990234375,563.2899780273438,565.1300048828125,42275500,0.002128402128120044,0.0021261402891438815,4.946435755344736
2025-07-25,564.9862670898438,566.3699951171875,567.7000122070312,564.27001953125,564.9299926757812,30630800,0.0024070586551074857,0.0024041663298241898,4.960749174996679
2025-07-28,566.7518920898438,568.1400146484375,569.0399780273438,566.8699951171875,567.739990234375,31498700,0.003125075958207768,0.003120203057818604,4.979376968936368
2025-07-29,565.8740844726562,567.260009765625,572.1099853515625,566.530029296875,570.760009765625,45463300,-0.0015488393235895126,-0.0015500400151603594,4.9701158747563134
2025-07-30,566.6322631835938,568.02001953125,570.6199951171875,565.0499877929688,568.1799926757812,43433800,0.0013398364260559514,0.0013389396461678587,4.978114853473087
2025-07-31,563.6295776367188,565.010009765625,574.6300048828125,563.8699951171875,574.5399780273438,64613600,-0.005299178571309349,-0.005313269018650184,4.946435755344736
2025-08-01,552.5267333984375,553.8800048828125,559.02001953125,551.6799926757812,558.8300170898438,69400800,-0.019698831783873216,-0.019895440022698246,4.829297917686591
2025-08-04,562.7218017578125,564.0999755859375,564.3200073242188,558.9500122070312,559.0499877929688,47669800,0.018451719605797168,0.01828355213041108,4.936858488362401
2025-08-05,558.901123046875,560.27001953125,566.5599975585938,559.72998046875,565.3900146484375,48666600,-0.006789640456443258,-0.006812794931764594,4.8965493537856375
2025-08-06,565.9339599609375,567.3200073242188,567.760009765625,560.6300048828125,561.1099853515625,41823700,0.012583329365528417,0.012504817219977229,4.970747576424416
2025-08-07,567.8491821289062,569.239990234375,573.3200073242188,565.1099853515625,571.6699829101562,44463000,0.0033841796101101718,0.003378466160890308,4.990953658629667
2025-08-08,573.146240234375,574.5499877929688,574.77001953125,570.1500244140625,570.4500122070312,35255500,0.009328283410763527,0.009285043668780763,5.046838972258115
2025-08-11,571.4503784179688,572.8499755859375,576.7999877929688,571.5700073242188,574.6900024414062,33112900,-0.0029588640688156254,-0.0029632501611418366,5.028947197693187
2025-08-12,578.6328125,580.0499877929688,580.3499755859375,572.489990234375,575.1599731445312,42143300,0.012568779990863588,0.012490448546535011,5.104723708597526
2025-08-13,578.922119140625,580.3400268554688,583.3200073242188,578.9400024414062,582.760009765625,41209300,0.0004999831229326457,0.0004998581730178679,5.107775967421992
2025-08-14,578.4732666015625,579.8900146484375,581.8800048828125,577.9099731445312,578.280029296875,45425000,-0.0007753245630496286,-0.0007756252825855381,5.103040458688845
2025-08-15,575.929443359375,577.3400268554688,579.8400268554688,575.5700073242188,579.7999877929688,49480200,-0.00439747761747411,-0.004407174961851349,5.076202474873222
2025-08-18,575.699951171875,577.1099853515625,577.77001953125,575.239990234375,576.4400024414062,29831000,-0.00039847274721949155,-0.0003985521585808394,5.073781273780398
2025-08-19,567.88916015625,569.280029296875,576.5599975585938,568.25,576.3900146484375,53752600,-0.013567468608822408,-0.013660347757764799,4.991375437011529
2025-08-20,564.5174560546875,565.9000244140625,568.4500122070312,558.8400268554688,568.3300170898438,76781100,-0.005937257370143834,-0.005954952959627915,4.955803099040834
2025-08-21,561.90380859375,563.280029296875,566.489990234375,560.97998046875,564.3499755859375,46436900,-0.0046298789043722754,-0.004640629990693617,4.92822845191399
2025-08-22,570.5725708007812,571.969970703125,573.989990234375,563.27001953125,564.6699829101562,51502100,0.015427484338869535,0.015309690664217848,5.019686103513133
2025-08-25,568.9265747070312,570.3200073242188,573.2899780273438,569.1599731445312,570.4000244140625,34044700,-0.002884814619531939,-0.0028889837172062726,5.002320425036725
2025-08-26,571.2109985351562,572.6099853515625,572.9199829101562,568.7999877929688,569.8300170898438,34103000,0.004015322766916629,0.004007282873115072,5.026421678893704
2025-08-27,572.0888671875,573.489990234375,574.4099731445312,570.3699951171875,571.5900268554688,36927100,0.0015368553031980259,0.0015356755496721722,5.035683417010219
2025-08-28,575.6701049804688,577.0800170898438,578.0,572.4600219726562,574.1099853515625,46787900,0.0062599326754508855,0.006240420683732799,5.073466388851038
2025-08-29,569.0064086914062,570.4000244140625,575.030029296875,568.5399780273438,574.6599731445312,56030400,-0.011575546882512833,-0.011643065071035102,5.0031626939275275
2025-09-02,564.2380981445312,565.6199951171875,565.969970703125,559.5399780273438,561.3099975585938,65876800,-0.008380064748024774,-0.008415374896547865,4.952855801859488
2025-09-03,568.67724609375,570.0700073242188,571.7000122070312,566.72998046875,569.22998046875,54230200,0.007867508351202535,0.007836720882390999,4.999689944594122
2025-09-04,573.8245849609375,575.22998046875,575.5999755859375,569.030029296875,570.739990234375,47526300,0.009051423988817309,0.009010705373892414,5.0539956820840874
2025-09-05,574.6525268554688,576.0599975585938,581.1199951171875,571.530029296875,580.489990234375,68342500,0.0014428484178445888,0.001441808512230085,5.062730680175621
2025-09-08,577.4556884765625,578.8699951171875,580.8400268554688,577.77001953125,578.3699951171875,46371400,0.004878011476662003,0.0048661525284329436,5.092304750013429
2025-09-09,579.0917358398438,580.510009765625,580.9400024414062,577.0399780273438,579.6699829101562,44007600,0.0028331998384107937,0.002829193892395271,5.109565466846716
2025-09-10,579.28125,580.7000122070312,583.77001953125,578.5499877929688,583.739990234375,49308000,0.00032726103383495797,0.00032720749562315313,5.111564889557679
2025-09-11,582.6529541015625,584.0800170898438,584.8800048828125,581.6199951171875,583.239990234375,44745800,0.005820495832659089,0.005803622190439555,5.147137227528375
2025-09-12,585.2266235351562,586.6599731445312,587.8599853515625,584.0999755859375,585.0399780273438,50745900,0.004417156757683172,0.0044074297540531646,5.174290096273357
2025-09-15,590.234375,591.6799926757812,591.7899780273438,588.2899780273438,588.4400024414062,44360300,0.008556944034079583,0.008520540907413084,5.227123151077341
2025-09-16,589.7356567382812,591.1799926757812,592.8599853515625,590.489990234375,592.6099853515625,36942100,-0.0008449495367306437,-0.0008453067077989798,5.221861546255673
2025-09-17,588.5585327148438,590.0,591.75,584.3699951171875,591.0999755859375,69384800,-0.001996019759001766,-0.001998014461192895,5.209442587671574
2025-09-18,593.865478515625,595.3200073242188,598.1400146484375,592.9600219726562,594.9099731445312,61069300,0.009016853049945484,0.008976443957399672,5.265432219006682
2025-09-19,597.8856201171875,599.3499755859375,600.0499877929688,595.8499755859375,597.3300170898438,58196100,0.006769448211758178,0.006746638379336706,5.307845737937528
2025-09-22,601.4251098632812,602.2000122070312,602.8699951171875,597.719970703125,597.739990234375,57154800,0.005920011498854905,0.0059025570837961455,5.345188257239122
2025-09-23,597.4302978515625,598.2000122070312,602.5700073242188,596.97998046875,602.3699951171875,64635500,-0.006642243475046938,-0.006664401347397092,5.303041971939531
2025-09-24,595.3329467773438,596.0999755859375,599.9000244140625,593.3599853515625,599.5800170898438,49850300,-0.0035106205389333622,-0.0035167972274610234,5.280914383335081
2025-09-25,592.7662963867188,593.530029296875,595.1199951171875,588.5,592.2000122070312,70920200,-0.004311285650355434,-0.004320606040557897,5.253835567283097
2025-09-26,595.203125,595.969970703125,596.2999877929688,591.0599975585938,594.3499755859375,54337400,0.00411094326404049,0.004102516423727527,5.2795447304828365
2025-09-29,597.9595947265625,598.72998046875,602.0499877929688,597.4099731445312,599.1099853515625,48332900,0.0046311412201716085,0.004620450479849549,5.308626188928087
2025-09-30,599.5974731445312,600.3699951171875,600.7100219726562,596.0999755859375,598.4299926757812,46533800,0.0027391121948929786,0.0027353676633210867,5.325906223855201
2025-10-01,602.4737548828125,603.25,603.7899780273438,596.3400268554688,597.1699829101562,46899600,0.0047970211135095475,0.0047855520712616,5.356251729573116
2025-10-02,604.9505615234375,605.72998046875,607.1599731445312,602.9299926757812,607.0599975585938,43765400,0.004111061470398525,0.004102634146128492,5.382382671154718
2025-10-03,602.4038696289062,603.1799926757812,607.3300170898438,601.3900146484375,606.510009765625,46482100,-0.004209752096300146,-0.004218638049865815,5.3555144223254345
2025-10-06,606.9280395507812,607.7100219726562,609.3599853515625,605.969970703125,608.4500122070312,41962100,0.007510193991054459,0.007482132892778285,5.403245568550043
2025-10-07,603.732177734375,604.510009765625,609.7100219726562,603.030029296875,609.02001953125,58209500,-0.0052656354759481605,-0.005279547794052155,5.369528411523078
2025-10-08,610.6532592773438,611.4400024414062,611.75,605.260009765625,605.4099731445312,50629800,0.011463827502024904,0.011398615742541727,5.442547586502025
2025-10-09,609.9141845703125,610.7000122070312,611.6099853515625,607.47998046875,611.47998046875,45551000,-0.0012103017478460876,-0.0012110347545056916,5.4347501598975
2025-10-10,588.741455078125,589.5,613.1799926757812,589.0499877929688,611.4000244140625,97614800,-0.034714276250361054,-0.03533113468100282,5.2113724652447635
2025-10-13,601.2353515625,602.010009765625,602.9500122070312,597.22998046875,599.6799926757812,65872600,0.02122136359960769,0.020999326259992488,5.343186258782314
2025-10-14,597.2305297851562,598.0,602.6900024414062,590.1300048828125,595.3099975585938,69203200,-0.006660988524603506,-0.0066832719167351515,5.300934367903142
2025-10-15,601.445068359375,602.219970703125,606.7000122070312,595.9299926757812,604.010009765625,62805500,0.007056803636168452,0.00703202092025537,5.34539882446182
2025-10-16,599.2179565429688,599.989990234375,608.3099975585938,595.5,605.1099853515625,70982000,-0.003702934704380212,-0.0037098075387764977,5.321902226941587
2025-10-17,603.1528930664062,603.9299926757812,605.510009765625,596.3699951171875,597.9500122070312,72024900,0.006566786726718066,0.006545319312796602,5.363416810573076
2025-10-20,610.7530517578125,611.5399780273438,612.7999877929688,607.0700073242188,607.1400146484375,45761700,0.01260071663217488,0.01252198826838762,5.443600422615526
2025-10-21,610.5933227539062,611.3800048828125,612.719970703125,609.3200073242188,611.6400146484375,44538200,-0.0002615279669033743,-0.0002615621713058458,5.441915240897461
2025-10-22,604.7108764648438,605.489990234375,611.4099731445312,599.739990234375,610.8200073242188,61478800,-0.009633983978945992,-0.009680691027988806,5.379853932672927
2025-10-23,609.7943725585938,610.5800170898438,611.3699951171875,604.52001953125,604.9099731445312,42844300,0.008406490261045452,0.00837135250790621,5.433486112624834
2025-10-24,616.305908203125,617.0999755859375,618.4199829101562,615.1300048828125,615.989990234375,47632500,0.010678248172756977,0.010621638320194615,5.502184473951428
2025-10-27,627.2818603515625,628.0900268554688,628.5499877929688,624.030029296875,624.52001953125,54098600,0.017809259983306847,0.017652533169434763,5.6179835677074506
2025-10-28,632.1055908203125,632.9199829101562,634.6799926757812,629.25,630.3599853515625,61195700,0.007689893130412795,0.0076604766125736926,5.668875154081949
2025-10-29,634.9519653320312,635.77001953125,637.010009765625,630.25,635.5900268554688,67422800,0.0045030048033982695,0.004492896610735657,5.698905130934043
2025-10-30,625.2444458007812,626.0499877929688,633.5,625.9400024414062,632.1699829101562,61628600,-0.015288588840218331,-0.015406664332256691,5.596488324707564
2025-10-31,628.2605590820312,629.0700073242188,634.2000122070312,626.6900024414062,634.1699829101562,66305100,0.004823894560769926,0.004812296863826584,5.628309088857303
2025-11-03,631.2666625976562,632.0800170898438,635.8200073242188,629.8499755859375,635.1099853515625,37154300,0.004784803808179916,0.00477339301888735,5.660024247427461
2025-11-04,618.4531860351562,619.25,626.9500122070312,618.4600219726562,623.280029296875,63830800,-0.02029804094164056,-0.02050687698225933,5.5248388025808595
2025-11-05,622.47802734375,623.280029296875,626.5999755859375,617.2100219726562,618.489990234375,48688500,0.0065079158770231516,0.006486830822890537,5.5673019046191925
2025-11-06,610.8829345703125,611.6699829101562,622.0399780273438,610.2999877929688,621.7899780273438,72115100,-0.018627312554173714,-0.018802985909417005,5.44497071940423
2025-11-07,608.9553833007812,609.739990234375,609.9500122070312,598.6699829101562,608.3099975585938,81835400,-0.0031553529497220234,-0.003160341572515099,5.424634562033886
2025-11-10,622.4280395507812,623.22998046875,624.3099975585938,616.8900146484375,618.9199829101562,55919900,0.02212420912838109,0.02188301974735673,5.566774520657749
2025-11-11,620.7702026367188,621.5700073242188,622.719970703125,617.52001953125,620.5700073242188,44868800,-0.002663499728031149,-0.0026670531545345934,5.549283918507935
2025-11-12,620.2808227539062,621.0800170898438,624.8599853515625,617.8099975585938,624.8400268554688,47444400,-0.0007883430627531052,-0.0007886539685564286,5.544120835964779
2025-11-13,607.6171875,608.4000244140625,618.1199951171875,606.0800170898438,617.5399780273438,71333600,-0.020415970943100548,-0.020627257572247468,5.410516255129583
2025-11-14,608.0765380859375,608.8599853515625,613.3499755859375,597.1699829101562,599.5499877929688,80087300,0.000755986820957899,0.0007557012068590995,5.415362520933997
2025-11-17,602.8832397460938,603.6599731445312,612.47998046875,599.8699951171875,606.2999877929688,63850400,-0.008540533986380883,-0.008577213336908794,5.360571899289006
2025-11-18,595.542724609375,596.3099975585938,602.3099975585938,591.3400268554688,599.6199951171875,83327300,-0.012175682873204807,-0.01225041371881247,5.283127592951045
2025-11-19,599.09814453125,599.8699951171875,606.1599731445312,594.5900268554688,597.0700073242188,73111500,0.00597005013235119,0.005952299994167732,5.320638179668922
2025-11-20,584.9163818359375,585.6699829101562,614.030029296875,584.75,611.6199951171875,117743200,-0.02367185214103551,-0.02395653200872634,5.1710169672428155
2025-11-21,589.3107299804688,590.0700073242188,596.97998046875,580.739990234375,587.469970703125,103344200,0.007512780084459658,0.00748469970560223,5.21737846061518
2025-11-24,604.3812866210938,605.1599731445312,606.6799926757812,595.1599731445312,595.280029296875,60168100,0.02557319233119082,0.02525166832002155,5.376376675784295
2025-11-25,608.1065063476562,608.8900146484375,610.260009765625,597.3200073242188,603.510009765625,57560900,0.006163691379971414,0.0061447735303179546,5.415678693736277
2025-11-26,613.4796142578125,614.27001953125,616.1900024414062,610.3900146484375,612.510009765625,42393600,0.008835800725809806,0.008796993466519916,5.472366352194954
2025-11-28,618.4531860351562,619.25,619.3200073242188,615.4199829101562,616.1099853515625,23034400,0.008107150851884182,0.008074464447982377,5.524838802580858
2025-12-01,616.3758544921875,617.1699829101562,619.4400024414062,612.52001953125,613.6300048828125,40957600,-0.0033589147729778945,-0.0033645685912165094,5.502922425135569
2025-12-02,621.1996459960938,622.0,623.75,617.5900268554688,619.4600219726562,54541800,0.00782605526928104,0.0077955905412761695,5.553814655446527
2025-12-03,622.7177124023438,623.52001953125,624.219970703125,618.030029296875,619.6199951171875,47841600,0.002443765729801317,0.0024407845901470693,5.569830643100977
2025-12-04,622.138427734375,622.9400024414062,624.9400024414062,619.5399780273438,624.9299926757812,47067800,-0.0009302524345002894,-0.0009306853878209817,5.563719042150979
2025-12-05,624.6751708984375,625.47998046875,628.9199829101562,623.7100219726562,624.3800048828125,53614200,0.004077457766594739,0.004069167463608377,5.590482329337143
2025-12-08,623.4767456054688,624.280029296875,628.8400268554688,621.6900024414062,627.2100219726562,43462400,-0.001918477552493636,-0.001920320187633275,5.577838636928203
2025-12-09,624.2457275390625,625.0499877929688,625.8699951171875,621.0,623.010009765625,37156000,0.0012333770890635698,0.0012326171043759385,5.585951592398548
2025-12-10,626.8024291992188,627.6099853515625,629.2100219726562,620.989990234375,623.8499755859375,55031400,0.00409566545250617,0.004087301045520621,5.612925446807412
2025-12-11,624.7750854492188,625.5800170898438,625.780029296875,617.719970703125,623.8200073242188,58272800,-0.0032344222925078103,-0.003239664342678814,5.591536453323566
2025-12-12,612.8304443359375,613.6199951171875,623.5399780273438,611.3599853515625,622.0800170898438,75158700,-0.01911830575749185,-0.019303423791627396,5.465517443997273
2025-12-15,609.75439453125,610.5399780273438,618.4199829101562,609.3200073242188,618.3699951171875,49538200,-0.005019414151365642,-0.005032053723815389,5.433064334242972
2025-12-16,610.9628295898438,611.75,613.510009765625,606.9099731445312,608.260009765625,55152800,0.001981839031308219,0.001979877779165073,5.445813632231491
2025-12-17,599.6373901367188,600.4099731445312,613.6500244140625,600.280029296875,613.0599975585938,70654300,-0.01853703515928795,-0.018710999201467966,5.326327358300599
2025-12-18,608.3262329101562,609.1099853515625,612.9299926757812,606.9199829101562,609.7999877929688,78875800,0.014490161748346608,0.014386182600777633,5.417996864995365
2025-12-19,616.2559814453125,617.0499877929688,617.6199951171875,611.8699951171875,611.9500122070312,60369800,0.013035355219223943,0.012951126157230644,5.501657733926445
2025-12-22,619.2100219726562,619.2100219726562,621.6500244140625,617.77001953125,621.3499755859375,43703100,0.004793528365299782,0.004782075991807828,5.532823614695491
2025-12-23,622.1099853515625,622.1099853515625,622.4099731445312,617.780029296875,618.2000122070312,41120400,0.004683327588380415,0.004672394930587004,5.563418967760218
2025-12-24,623.9299926757812,623.9299926757812,624.280029296875,621.719970703125,621.989990234375,18468700,0.002925539481881456,0.002921268419331836,5.582620509086531
2025-12-26,623.8900146484375,623.8900146484375,625.52001953125,623.1400146484375,624.6599731445312,28959800,-6.407454011359004e-05,-6.407659297462664e-05,5.582198730704668
2025-12-29,620.8699951171875,620.8699951171875,622.780029296875,618.72998046875,620.0999755859375,32458300,-0.004840628092039223,-0.004852381878013226,5.550336754621434
2025-12-30,619.4299926757812,619.4299926757812,622.1799926757812,619.219970703125,619.8400268554688,31226800,-0.0023193300573890463,-0.00232202386937872,5.535144361700421
2025-12-31,614.3099975585938,614.3099975585938,619.9600219726562,614.0499877929688,619.6500244140625,40746500,-0.008265655808932348,-0.008300005756092079,5.48112710774492
2026-01-02,613.1199951171875,613.1199951171875,622.8499755859375,610.1500244140625,620.0599975585938,61859200,-0.0019371366999325623,-0.0019390153757896987,5.46857227856758
2026-01-05,617.989990234375,617.989990234375,620.8099975585938,616.719970703125,619.3200073242188,46828400,0.007942972266394177,0.007911592916198239,5.5199519687794085
2026-01-06,623.4199829101562,623.4199829101562,624.02001953125,618.5399780273438,619.22998046875,43137500,0.008786538231342345,0.008748161241057234,5.577239776019605
2026-01-07,624.02001953125,624.02001953125,627.9400024414062,622.5599975585938,623.0399780273438,44880300,0.0009624917993369397,0.0009620289011050677,5.5835703153662966
2026-01-08,620.469970703125,620.469970703125,623.4199829101562,617.7999877929688,623.030029296875,50435900,-0.005688998296547787,-0.005705242284666945,5.546116395056975
2026-01-09,626.6500244140625,626.6500244140625,627.8900146484375,619.0599975585938,621.4099731445312,49622600,0.009960278502977538,0.009911001864919838,5.61131753746465
