Date,Adj Close,Close,High,Low,Open,Volume,Daily_Return,Log_Return,Cumulative_Return
2015-01-02,170.589599609375,205.42999267578125,206.8800048828125,204.17999267578125,206.3800048828125,121465900,,,
2015-01-05,167.5088348388672,201.72000122070312,204.3699951171875,201.3500061035156,204.1699981689453,169632600,-0.018059511116517712,-0.018224574415690992,-0.018059511116517712
2015-01-06,165.93106079101562,199.82000732421875,202.72000122070312,198.8600006103516,202.08999633789065,209151400,-0.009419049743670471,-0.009463689523377242,-0.027308457426635346
2015-01-07,167.99879455566406,202.30999755859372,202.72000122070312,200.8800048828125,201.4199981689453,125346700,0.01246140267404594,0.012384398456183294,-0.015187356436989763
2015-01-08,170.9799041748047,205.8999938964844,206.16000366210935,203.9900054931641,204.00999450683597,147217800,0.017744827437752075,0.017589226037509887,0.002287973981552227
2015-01-09,169.60972595214844,204.25,206.4199981689453,203.50999450683597,206.3999938964844,158567300,-0.008013679907408422,-0.008045962021592705,-0.005744041016980783
2015-01-12,168.2810821533203,202.6499938964844,204.6000061035156,201.9199981689453,204.41000366210935,144396100,-0.007833535437719918,-0.007864378756859568,-0.013532580305838482
2015-01-13,167.80775451660156,202.0800018310547,205.47999572753903,200.50999450683597,204.1199951171875,214553300,-0.002812720423841286,-0.002816683555130681,-0.016307237364666216
2015-01-14,166.79473876953125,200.8600006103516,201.1000061035156,198.57000732421875,199.6499938964844,192991100,-0.006036763616726004,-0.006055058539450029,-0.022245558044179936
2015-01-15,165.26675415039062,199.0200042724609,202.00999450683597,198.8800048828125,201.6300048828125,176613900,-0.009160868204913353,-0.0092030869963745,-0.031202637623705787
2015-01-16,167.4341278076172,201.6300048828125,201.82000732421875,198.5500030517578,198.7700042724609,211879600,0.013114395985863503,0.013029146813534695,-0.018497445383443
2015-01-20,167.79115295410156,202.05999755859372,202.72000122070312,200.1699981689453,202.3999938964844,130991100,0.0021323319872672553,0.0021300617940462375,-0.016404556090649614
2015-01-21,168.63818359375,203.0800018310547,203.66000366210935,200.94000244140625,201.5,122942700,0.005048124556842115,0.005035425495768962,-0.011439243776252828
2015-01-22,171.14602661132812,206.1000061035156,206.25999450683597,202.3300018310547,203.9900054931641,174356000,0.014871145811315989,0.014761654495334862,0.003261787372895286
2015-01-23,170.20762634277344,204.97000122070312,206.1000061035156,204.80999755859372,205.7899932861328,117516800,-0.005483038590698874,-0.005498125620576179,-0.0022391357238438214
2015-01-26,170.60621643066406,205.4499969482422,205.55999755859372,203.8500061035156,204.7100067138672,92009700,0.002341787477183388,0.00233904976614781,9.74081733418064e-05
2015-01-27,168.35589599609375,202.7400054931641,204.1199951171875,201.7400054931641,202.97000122070312,134044600,-0.013190143252985509,-0.013277905780332982,-0.013094019907404109
2015-01-28,166.19676208496094,200.13999938964844,204.2899932861328,199.91000366210935,204.1699981689453,168514300,-0.01282481910335298,-0.012907767054013678,-0.025750910574108943
2015-01-29,167.7330322265625,201.9900054931641,202.3000030517578,198.67999267578125,200.3800048828125,173585400,0.009243682742845483,0.009201221373231117,-0.016745261078949913
2015-01-30,165.62379455566406,199.4499969482422,202.1699981689453,199.1300048828125,200.57000732421875,197729700,-0.012574968942607678,-0.012654703005335744,-0.02910965888355399
2015-02-02,167.6748504638672,201.9199981689453,202.02999877929688,197.8600006103516,200.0500030517578,163107000,0.01238382391676085,0.01230777160460544,-0.01708632385668407
2015-02-03,170.09967041015625,204.83999633789065,204.8500061035156,202.5500030517578,203.0,124212900,0.014461440935124692,0.014357871611805942,-0.0028719757848112426
2015-02-04,169.45196533203125,204.05999755859372,205.3800048828125,203.50999450683597,203.9199981689453,134306700,-0.003807797372935573,-0.0038150654895623554,-0.006668837255898286
2015-02-05,171.16253662109375,206.1199951171875,206.3000030517578,204.7700042724609,204.8600006103516,97953200,0.010094726760534911,0.01004411532708357,0.0033585694147277856
2015-02-06,170.68927001953125,205.5500030517578,207.2400054931641,204.9199981689453,206.55999755859372,125672000,-0.002765012782032894,-0.0027688424909670948,0.0005842701453337984
2015-02-09,169.92532348632812,204.6300048828125,205.63999938964844,204.13999938964844,204.7700042724609,87219000,-0.004475656455240062,-0.004485702190973656,-0.0038940013023538445
2015-02-10,171.73561096191406,206.80999755859372,207.1199951171875,204.67999267578125,205.8800048828125,96164200,0.010653429626877209,0.010597081691360664,0.006717943855681696
2015-02-11,171.83523559570312,206.92999267578125,207.4499969482422,205.8300018310547,206.6100006103516,91087800,0.0005801046925040243,0.0005799364968211515,0.00730194565894049
2015-02-12,173.48773193359375,208.9199981689453,208.9900054931641,206.97000122070312,207.88999938964844,97545900,0.00961674904545573,0.009570802450736528,0.01698891568334182
2015-02-13,174.20187377929688,209.77999877929688,209.83999633789065,208.75999450683597,209.07000732421875,93670400,0.004116382396286644,0.004107933272882668,0.02117523095307927
2015-02-17,174.47586059570312,210.1100006103516,210.32000732421875,209.1000061035156,209.3999938964844,76968200,0.0015728121085158975,0.0015715765349319504,0.022781347721238854
2015-02-18,174.4925079345703,210.1300048828125,210.22000122070312,209.33999633789065,209.66000366210935,80652900,9.541342172125766e-05,9.540887015025372e-05,0.0228789347892977
2015-02-19,174.367919921875,209.97999572753903,210.4199981689453,209.2400054931641,209.41000366210935,91462500,-0.0007140020747596898,-0.0007142570956385869,0.022148597107630064
2015-02-20,175.4141845703125,211.2400054931641,211.3300018310547,208.72999572753903,209.47999572753903,140896400,0.006000327634270608,0.005982397357683901,0.028281823581185916
2015-02-23,175.38934326171875,211.2100067138672,211.2100067138672,210.47999572753903,210.94000244140625,74411100,-0.00014161516444410882,-0.00014162519281830016,0.028136203281644567
2015-02-24,175.88758850097656,211.80999755859372,212.0500030517578,210.75999450683597,211.1199951171875,72472300,0.002840795398351581,0.0028367679647109735,0.031056927876805807
2015-02-25,175.7380828857422,211.6300048828125,212.2400054931641,211.22000122070312,211.66000366210935,73061700,-0.0008500066235972437,-0.0008503680840710366,0.030180522658804776
2015-02-26,175.53053283691406,211.3800048828125,211.7100067138672,210.6499938964844,211.5200042724609,72697900,-0.0011810191929945146,-0.0011817171457461403,0.0289638596892956
2015-02-27,174.93267822265625,210.66000366210935,211.5800018310547,210.6000061035156,211.25999450683597,108076000,-0.0034059864377742333,-0.003411800013976105,0.025459222738233978
2015-03-02,176.03704833984375,211.9900054931641,212.05999755859372,210.72000122070312,210.77999877929688,87491400,0.006313115013204307,0.006293270778120058,0.03193306475273161
2015-03-03,175.31463623046875,211.1199951171875,212.0500030517578,210.0800018310547,211.47000122070312,110325800,-0.004103750410427098,-0.004112193902047826,0.02769826901471939
2015-03-04,174.5755157470703,210.22999572753903,210.4900054931641,209.05999755859372,210.3999938964844,114497200,-0.0042159656449151095,-0.0042248778860299345,0.023365528419214687
2015-03-05,174.76651000976562,210.4600067138672,210.8000030517578,209.8500061035156,210.6199951171875,76873000,0.001094049539982711,0.0010934515039323757,0.024485141004815913
2015-03-06,172.30859375,207.5,209.94000244140625,207.1000061035156,209.4199981689453,188128000,-0.014064000360413886,-0.014163835573828486,0.010076781612485597
2015-03-09,173.02267456054688,208.3600006103516,208.7899932861328,207.5500030517578,207.7400054931641,89818900,0.004144197309061237,0.004135633774558055,0.01426273909278919
2015-03-10,170.21595764160156,204.97999572753903,206.80999755859372,204.92999267578125,206.7100067138672,157121300,-0.016221671096426915,-0.016354682812720473,-0.0021902974661350827
2015-03-11,169.81729125976562,204.5,205.5,204.3999938964844,205.2899932861328,110145700,-0.002342121075835646,-0.0023448681315321623,-0.0045272886001129775
2015-03-12,171.9763946533203,207.1000061035156,207.17999267578125,205.1999969482422,205.25999450683597,93993500,0.012714272954995831,0.012634125218465783,0.008129423171874928
2015-03-13,170.92178344726562,205.8300018310547,207.92999267578125,204.5800018310547,206.7700042724609,162410900,-0.006132302099835507,-0.0061511818883076665,0.0019472689932520382
2015-03-16,173.2053985595703,208.5800018310547,208.69000244140625,205.8600006103516,206.7100067138672,136099200,0.013360585562865124,0.01327212003595725,0.015333871210115424
2015-03-17,172.6905517578125,207.9600067138672,208.4199981689453,206.97999572753903,207.69000244140625,94510400,-0.002972463941883108,-0.002976890486832452,0.012315827888970787
2015-03-18,174.76651000976562,210.4600067138672,211.2700042724609,206.6199951171875,207.38999938964844,228808500,0.012021261330292798,0.011949579864240154,0.024485141004815913
2015-03-19,173.96937561035156,209.5,210.47000122070312,209.02999877929688,209.9600067138672,117917300,-0.004561139313072782,-0.004571573047555594,0.019812321552519885
2015-03-20,175.5049591064453,210.41000366210935,211.0200042724609,209.4900054931641,209.7100067138672,177715100,0.008826746033353983,0.008788018038522378,0.028813945916549066
2015-03-23,175.16297912597656,210.0,211.1100006103516,210.0,210.4199981689453,71784500,-0.0019485488171382404,-0.0019504497081052389,0.02680925171917803
2015-03-24,174.17874145507812,208.82000732421875,210.3999938964844,208.7400054931641,209.8500061035156,77805300,-0.0056189822518979415,-0.005634828118980209,0.021039628757683282
2015-03-25,171.62631225585938,205.75999450683597,209.3500061035156,205.7100067138672,209.07000732421875,159521700,-0.01465407992901957,-0.014762511572760864,0.006077232427171619
2015-03-26,171.21766662597656,205.2700042724609,206.3699951171875,204.1199951171875,204.9600067138672,153067200,-0.00238101969629001,-0.0023838588312732945,0.0036817427207735953
2015-03-27,171.6096954345703,205.7400054931641,205.9499969482422,204.8999938964844,205.1300048828125,118939000,0.002289651624853173,0.002287034366882872,0.005979824253829591
2015-03-30,173.70323181152344,208.25,208.6100006103516,206.9600067138672,206.97999572753903,96180400,0.01219940616788362,0.01212559312298325,0.01825218072659829
2015-03-31,172.1851806640625,206.42999267578125,208.1000061035156,206.3600006103516,207.25999450683597,126768700,-0.008739337383820822,-0.008777749353299127,0.009353331377417229
2015-04-01,171.57630920410156,205.6999969482422,206.4199981689453,204.50999450683597,206.38999938964844,137303600,-0.003536143224479149,-0.003542410157140576,0.005784113433561444
2015-04-02,172.19354248046875,206.44000244140625,206.97999572753903,205.3999938964844,205.6199951171875,86900900,0.0035974271694638738,0.003590971905273666,0.009402348529842453
2015-04-06,173.35301208496094,207.8300018310547,208.4499969482422,205.2100067138672,205.3699951171875,114368200,0.006733525472499613,0.006710956545505941,0.016199184955669077
2015-04-07,172.8942413330078,207.27999877929688,208.75999450683597,207.2400054931641,207.8600006103516,81236300,-0.0026464538829488182,-0.002649961932654178,0.013509860676793828
2015-04-08,173.47813415527344,207.97999572753903,208.50999450683597,207.0800018310547,207.5500030517578,89351900,0.003377167554938998,0.003371477731318343,0.01693265329488214
2015-04-09,174.24546813964844,208.8999938964844,209.17999267578125,207.19000244140625,207.77999877929688,85548900,0.004423231712235243,0.004413477974297001,0.021430782056143682
2015-04-10,175.19635009765625,210.0399932861328,210.08999633789065,208.9600067138672,209.1999969482422,72722900,0.005457140252541404,0.005442304013822267,0.0270048730920871
2015-04-13,174.40391540527344,209.08999633789065,210.6300048828125,209.02999877929688,209.8699951171875,74436600,-0.004523123295326115,-0.004533383568174519,0.02235960342619081
2015-04-14,174.73760986328125,209.4900054931641,209.7100067138672,208.1000061035156,208.8500061035156,75099900,0.0019133426977966383,0.0019115145891511584,0.02431572770792867
2015-04-15,175.52162170410156,210.42999267578125,211.0399932861328,209.9499969482422,210.0500030517578,99529300,0.004486795037620839,0.0044767593801941525,0.028911622431965656
2015-04-16,175.47164916992188,210.3699951171875,210.97999572753903,209.7899932861328,210.02999877929688,68934900,-0.00028470870821795113,-0.0002847492454366007,0.02861868233307252
2015-04-17,173.45306396484375,207.9499969482422,209.22999572753903,207.00999450683597,208.94000244140625,191113200,-0.011503768355897726,-0.01157044857488538,0.01678569128496421
2015-04-20,175.03782653808594,209.8500061035156,210.25,208.9600067138672,209.05999755859372,92189500,0.009136549894347201,0.009095064122118017,0.026075604485247705
2015-04-21,174.829345703125,209.6000061035156,210.8600006103516,209.2400054931641,210.6699981689453,72559800,-0.0011910616069925606,-0.0011917714845963423,0.024853485226873584
2015-04-22,175.68846130371094,210.6300048828125,210.8500061035156,208.8999938964844,210.00999450683597,78264600,0.004914023999407879,0.004901989592282389,0.02988963984915527
2015-04-23,176.1305389404297,211.16000366210935,211.94000244140625,210.00999450683597,210.1499938964844,102585900,0.002516258799458271,0.002513098320896454,0.03248110871789667
2015-04-24,176.53924560546875,211.6499938964844,211.97000122070312,211.1100006103516,211.66000366210935,61327400,0.002320475866921079,0.0023177877205126907,0.03487695621372855
2015-04-27,175.80520629882812,210.7700042724609,212.47999572753903,210.5399932861328,212.3300018310547,79358100,-0.004157938389977356,-0.004166606652215784,0.030574001588584476
2015-04-28,176.3641357421875,211.44000244140625,211.5,209.3300018310547,210.7400054931641,86863500,0.003179254216222338,0.0031742110736643647,0.033850458328264166
2015-04-29,175.638427734375,210.57000732421875,211.2899932861328,209.6000061035156,210.3699951171875,125684900,-0.0041148275683065005,-0.004123316766993795,0.02959634196082872
2015-04-30,173.87840270996094,208.4600067138672,210.3500061035156,207.6199951171875,209.8800048828125,161304900,-0.010020728647581745,-0.010071274100565355,0.01927903640149653
2015-05-01,175.76353454589844,210.72000122070312,210.7700042724609,209.27999877929688,209.3999938964844,103399700,0.010841667547878409,0.01078331802882035,0.030329720852683373
2015-05-04,176.26400756835938,211.32000732421875,212.0200042724609,211.1000061035156,211.22999572753903,70927200,0.0028474223834538126,0.00284337615539934,0.03326350476217699
2015-05-05,174.24546813964844,208.8999938964844,211.4600067138672,208.72999572753903,211.02999877929688,113326200,-0.011451795840555223,-0.011517872603993404,0.021430782056143904
2015-05-06,173.528076171875,208.0399932861328,209.92999267578125,206.75999450683597,209.55999755859372,135060200,-0.004117134152369917,-0.004125632884151102,0.017225414499058678
2015-05-07,174.22042846679688,208.8699951171875,209.3800048828125,207.5200042724609,207.9199981689453,88244900,0.003989857492779025,0.003981919119685237,0.021283998940943016
2015-05-08,176.51426696777344,211.6199951171875,211.8600006103516,210.77999877929688,210.8800048828125,155877300,0.013166300422764232,0.013080378054106721,0.03473053088796152
2015-05-11,175.67172241210938,210.6100006103516,211.88999938964844,210.5200042724609,211.57000732421875,75708100,-0.004773237711249045,-0.004784665991474328,0.029791516096946413
2015-05-12,175.1462860107422,209.97999572753903,210.6300048828125,208.6199951171875,209.6100006103516,119727600,-0.002991012976662044,-0.0029954949953906068,0.026711396309043955
2015-05-13,175.17962646484375,210.0200042724609,211.22000122070312,209.7400054931641,210.47000122070312,94667900,0.00019035775671261135,0.00019033964097378548,0.026906838787236653
2015-05-14,177.0063934326172,212.2100067138672,212.32000732421875,210.91000366210935,211.2400054931641,95934000,0.010427964739039064,0.010373968570432475,0.0376153870923881
2015-05-15,177.19818115234375,212.44000244140625,212.6100006103516,211.8600006103516,212.44000244140625,76510100,0.0010835073016701724,0.0010829207312977387,0.03873965094062792
2015-05-18,177.7487030029297,213.1000061035156,213.3999938964844,212.16000366210935,212.2400054931641,74549700,0.0031068143420311944,0.0031019981670825235,0.04196682218580672
2015-05-19,177.69032287597656,213.02999877929688,213.57000732421875,212.69000244140625,213.2400054931641,72114600,-0.0003284419293465568,-0.00032849587821006917,0.04162459659241291
2015-05-20,177.56521606445312,212.8800048828125,213.77999877929688,212.5,213.1499938964844,76857500,-0.0007040721717341825,-0.0007043201469474842,0.04089121770055826
2015-05-21,178.08233642578125,213.5,213.75,212.50999450683597,212.7100067138672,64764600,0.002912284133061327,0.0029080516490982053,0.0439225886781105
2015-05-22,177.656982421875,212.9900054931641,213.5399932861328,212.91000366210935,213.0399932861328,57433500,-0.0023885243895793717,-0.0023913814643276893,0.04142915411421999
2015-05-26,175.746826171875,210.6999969482422,212.91000366210935,210.1999969482422,212.3999938964844,124308600,-0.010751934564913523,-0.010810154305994467,0.03023177599519067
2015-05-27,177.41510009765625,212.6999969482422,212.97999572753903,210.75999450683597,211.25,93214000,0.009492483944772534,0.009447713418395213,0.040011234588219535
2015-05-28,177.2149200439453,212.4600067138672,212.58999633789065,211.6300048828125,212.3300018310547,74974600,-0.00112831463387697,-0.0011289516600558693,0.038837774692837224
2015-05-29,176.1138458251953,211.13999938964844,212.42999267578125,210.82000732421875,212.3800048828125,124919600,-0.006213213980385879,-0.006232596320493587,0.032383253307762816
2015-06-01,176.47251892089844,211.57000732421875,212.33999633789065,210.6199951171875,211.94000244140625,93338800,0.0020365979405112533,0.00203452688638527,0.034485802915267705
2015-06-02,176.29733276367188,211.3600006103516,212.19000244140625,210.2700042724609,211.0200042724609,91531000,-0.0009927106968143917,-0.0009932037604181946,0.033458857793011054
2015-06-03,176.7644805908203,211.9199981689453,212.6699981689453,211.3300018310547,212.0,87820900,0.0026497725168346253,0.002646268058951534,0.03619728867167038
2015-06-04,175.27139282226562,210.1300048828125,211.8600006103516,209.75,211.07000732421875,151882800,-0.008446763532832913,-0.00848263960724932,0.027444775200898164
2015-06-05,174.97113037109375,209.7700042724609,210.5800018310547,208.97999572753903,209.9499969482422,121704700,-0.0017131286876710394,-0.0017145977706798773,0.02568463008150368
2015-06-08,173.89512634277344,208.47999572753903,209.82000732421875,208.38999938964844,209.63999938964844,89063300,-0.006149608944276852,-0.006168595670008344,0.0193770707063472
2015-06-09,173.87010192871094,208.4499969482422,209.1000061035156,207.69000244140625,208.4499969482422,105034700,-0.0001439052064815538,-0.00014391556182925092,0.01923037703850472
2015-06-10,175.9553680419922,210.9499969482422,211.41000366210935,209.3000030517578,209.3699951171875,134551300,0.011993241449506087,0.011921892433394159,0.03145425304299865
2015-06-11,176.5225372314453,211.6300048828125,212.08999633789065,211.1999969482422,211.47999572753903,73876400,0.003223369629267392,0.003218185710188325,0.03477901135623607
2015-06-12,175.17129516601562,210.00999450683597,211.47999572753903,209.67999267578125,210.63999938964844,135382400,-0.007654784973195938,-0.007684233215922869,0.026858000529527803
2015-06-15,174.42062377929688,209.1100006103516,209.4499969482422,207.7899932861328,208.63999938964844,124384200,-0.004285356148148067,-0.004294564603897622,0.022457548283683515
2015-06-16,175.37155151367188,210.25,210.3500061035156,208.72000122070312,208.92999267578125,85308200,0.005451922563803224,0.005437114630737104,0.02803190766170216
2015-06-17,175.6550750732422,210.58999633789065,211.32000732421875,209.3600006103516,210.58999633789065,126708600,0.0016167021225685918,0.0016153966665250058,0.029693929028887123
2015-06-18,177.48179626464844,212.77999877929688,213.33999633789065,210.6300048828125,211.30999755859372,165867900,0.010399478584063537,0.010345776004984562,0.04040220899196334
2015-06-19,176.6939239501953,210.80999755859372,211.5500030517578,210.3600006103516,211.4600067138672,130478700,-0.004439172529436819,-0.004449054913058646,0.035783684086240886
2015-06-22,177.59913635253906,211.88999938964844,212.58999633789065,211.63999938964844,211.91000366210935,70696000,0.005123053368823793,0.00510997517874044,0.04109005917837161
2015-06-23,177.7248077392578,212.0399932861328,212.44000244140625,211.57000732421875,212.13999938964844,68476800,0.0007076126004874617,0.0007073623607328546,0.0418267476224885
2015-06-24,176.43408203125,210.5,212.1699981689453,210.47000122070312,211.72000122070312,92307300,-0.007262496015195907,-0.007288996322921202,0.034260485019355746
2015-06-25,175.89764404296875,209.8600006103516,211.25,209.7700042724609,211.1000061035156,97107400,-0.00304044423903449,-0.0030450757799636153,0.031115873686017537
2015-06-26,175.86415100097656,209.82000732421875,210.5800018310547,209.16000366210935,210.2899932861328,104174800,-0.00019041211253523205,-0.0001904302432231037,0.030919536734240305
2015-06-29,172.17620849609375,205.4199981689453,209.8300018310547,205.3300018310547,208.0500030517578,202621300,-0.020970405189982833,-0.021193407276237426,0.00930073633065387
2015-06-30,172.53659057617188,205.8500061035156,207.32000732421875,205.27999877929688,207.25999450683597,182925100,0.0020931003372994805,0.0020909128546704077,0.011413304042304118
2015-07-01,173.91966247558594,207.5,208.02999877929688,206.55999755859372,207.72999572753903,135979900,0.008016107741525502,0.00798414942380664,0.01952090205871948
2015-07-02,173.7603302001953,207.30999755859372,208.2700042724609,206.80999755859372,208.07000732421875,104373700,-0.0009161257164524983,-0.0009165456160901636,0.018586892741882632
2015-07-06,173.2658233642578,206.72000122070312,207.6499938964844,205.52999877929688,205.7700042724609,117975400,-0.002845913306954273,-0.0028499706178948107,0.015688082749539367
2015-07-07,174.35543823242188,208.0200042724609,208.1699981689453,204.1100006103516,206.9600067138672,173820200,0.0062886889463096285,0.006268997653801255,0.022075429168424865
2015-07-08,171.4302520751953,204.52999877929688,206.75999450683597,204.25,206.4199981689453,164020100,-0.01677714321320556,-0.016919473658384823,0.0049279233185677285
2015-07-09,171.74034118652344,204.8999938964844,207.3500061035156,204.7700042724609,207.0399932861328,144113100,0.0018088354160041842,0.001807201443318141,0.006745672536797809
2015-07-10,173.90281677246094,207.47999572753903,207.97999572753903,204.9499969482422,207.2899932861328,129456900,0.012591541224370228,0.012512926997519021,0.019422152175001317
2015-07-13,175.82225036621094,209.7700042724609,209.8999938964844,208.94000244140625,208.9900054931641,106069400,0.011037392201998841,0.010976924717398468,0.030673914287962623
2015-07-14,176.58499145507812,210.67999267578125,211.0500030517578,209.6499938964844,209.72000122070312,81709600,0.004338137450058399,0.004328754857321458,0.03514511939433351
2015-07-15,176.52630615234375,210.6100006103516,211.27999877929688,210.0399932861328,210.72999572753903,97914100,-0.00033233460132031656,-0.00033238983670202526,0.03480110485377086
2015-07-16,177.94277954101562,212.3000030517578,212.3000030517578,211.5800018310547,211.8699951171875,106683300,0.008024149032209715,0.007992126735427514,0.04310450313781278
2015-07-17,178.0936279296875,212.47999572753903,212.5500030517578,211.8000030517578,212.2899932861328,89030000,0.0008477353734777093,0.0008473762487934539,0.043988779723356686
2015-07-20,178.18585205078125,212.58999633789065,213.17999267578125,212.2100067138672,212.75,70446800,0.000517840655872126,0.000517706622669587,0.0445293995577718
2015-07-21,177.48179626464844,211.75,212.7400054931641,211.38999938964844,212.42999267578125,77965000,-0.003951244041149549,-0.003959070829723304,0.04040220899196356
2015-07-22,177.1632843017578,211.3699951171875,211.7700042724609,210.88999938964844,210.92999267578125,88667900,-0.0017946176430154726,-0.00179622989846792,0.0385350848318744
2015-07-23,176.16587829589844,210.17999267578125,211.6499938964844,209.75,211.52999877929688,90509100,-0.005629868568932772,-0.005645776011620706,0.032688268800045606
2015-07-24,174.33865356445312,208.0,210.3699951171875,207.6000061035156,210.3000030517578,117755000,-0.010372183019325631,-0.010426348981341201,0.021977037074141004
2015-07-27,173.324462890625,206.7899932861328,207.5500030517578,206.25999450683597,206.94000244140625,132361100,-0.005817359794241916,-0.0058343465424499155,0.01603182894802746
2015-07-28,175.4534149169922,209.3300018310547,209.5,206.8000030517578,207.7899932861328,123544800,0.01228304412926784,0.012208219634682108,0.028511792739736697
2015-07-29,176.66038513183594,210.7700042724609,211.0399932861328,209.30999755859372,209.47999572753903,105791300,0.0068791491770894275,0.006855595786882422,0.03558707879238909
2015-07-30,176.7023162841797,210.82000732421875,211.0200042724609,209.4199981689453,210.16000366210935,91304400,0.00023735458468787662,0.0002373264205449446,0.03583288013338404
2015-07-31,176.43408203125,210.5,211.4499969482422,210.16000366210935,211.4199981689453,103266900,-0.0015180007742416901,-0.0015191541047358116,0.034260485019356635
2015-08-03,175.83900451660156,209.7899932861328,210.52999877929688,208.6499938964844,210.4600067138672,113965700,-0.003372803643136413,-0.0033785043672352865,0.03077212748753122
2015-08-04,175.49537658691406,209.3800048828125,210.25,208.8000030517578,209.6999969482422,81820800,-0.0019542190348049715,-0.0019561310121774303,0.02875777297544868
2015-08-05,176.07373046875,210.07000732421875,211.30999755859372,209.72999572753903,210.4499969482422,85786800,0.0032955505329197443,0.003290132107461921,0.032148096202423204
2015-08-06,174.6320343017578,208.3500061035156,210.4199981689453,207.6499938964844,210.2899932861328,116030800,-0.00818802534116847,-0.008221731337122598,0.023696841434879046
2015-08-07,174.2967987060547,207.9499969482422,208.33999633789065,206.8699951171875,208.16000366210935,117858000,-0.0019196683875528642,-0.001921513312385966,0.02173168296993877
2015-08-10,176.49278259277344,210.57000732421875,210.6699981689453,209.27999877929688,209.27999877929688,80270700,0.012599106254511216,0.012520397928861154,0.0346045890072777
2015-08-11,174.90025329589844,208.6699981689453,209.47000122070312,207.75999450683597,208.97000122070312,126081400,-0.009023197852512155,-0.009064153455408595,0.02526914710154804
2015-08-12,175.10980224609375,208.9199981689453,209.13999938964844,205.3600006103516,207.1100006103516,172123700,0.0011981054700977989,0.0011973883145006009,0.02649752767501301
2015-08-13,174.89183044433594,208.66000366210935,209.5500030517578,208.00999450683597,208.72999572753903,89383300,-0.0012447721313252336,-0.0012455475036627361,0.025219772159688958
2015-08-14,175.5288543701172,209.4199981689453,209.50999450683597,208.25999450683597,208.42999267578125,72786500,0.003642388121633866,0.0036357706899878793,0.028954020479867504
2015-08-17,176.50950622558594,210.58999633789065,210.58999633789065,208.16000366210935,208.7100067138672,79072600,0.00558684131442555,0.0055712928009923205,0.03470262331212881
2015-08-18,175.99822998046875,209.97999572753903,210.67999267578125,209.6999969482422,210.25999450683597,71692700,-0.0028965932546645146,-0.0029007964995955457,0.031705510672859205
2015-08-19,174.6068878173828,208.32000732421875,210.00999450683597,207.3500061035156,209.08999633789065,172946000,-0.007905432703728565,-0.00793684630511633,0.023549432188169073
2015-08-20,170.9608612060547,203.97000122070312,208.2899932861328,203.8999938964844,206.50999450683597,194327900,-0.020881344698964077,-0.021102443284031918,0.0021763436782189505
2015-08-21,165.8145294189453,197.8300018310547,203.94000244140625,197.5200042724609,201.72999572753903,346588500,-0.030102397418942828,-0.03056477740644224,-0.027991566903045828
2015-08-24,158.83258056640625,189.5,197.47999572753903,182.3999938964844,187.4900054931641,507244300,-0.04210697866468949,-0.04301917599898131,-0.06891990525735758
2015-08-25,156.96351623535156,187.2700042724609,195.4499969482422,186.9199981689453,195.42999267578125,369833100,-0.0117675122093307,-0.011837297386667152,-0.07987640164010645
2015-08-26,162.98989868164062,194.4600067138672,194.7899932861328,188.3699951171875,192.0800018310547,339257000,0.038393523481297986,0.03767482993099822,-0.044549614660779446
2015-08-27,167.02142333984375,199.2700042724609,199.4199981689453,195.2100067138672,197.0200042724609,274143900,0.02473481295965274,0.024433860053067483,-0.0209167280871857
2015-08-28,167.02987670898438,199.27999877929688,199.83999633789065,197.9199981689453,198.5,160414400,5.0612484144840764e-05,5.061120337628018e-05,-0.020867174250609577
2015-08-31,165.68040466308594,197.6699981689453,199.1300048828125,197.00999450683597,198.1100006103516,163298800,-0.008079225540288282,-0.008112039342535498,-0.028777809183738734
2015-09-01,160.7352294921875,191.7700042724609,194.7700042724609,190.72999572753903,193.1199951171875,256000400,-0.029847676802543632,-0.03030218558910985,-0.057766535238680805
2015-09-02,163.78616333007812,195.41000366210935,195.4600067138672,192.4199981689453,194.6199951171875,160269300,0.018981114765751483,0.018803220963598856,-0.039881893707914506
2015-09-03,163.9034881591797,195.5500030517578,198.0500030517578,194.9600067138672,196.25999450683597,152087800,0.0007163293083867206,0.0007160728670047047,-0.03919413296886476
2015-09-04,161.4224853515625,192.58999633789065,193.8600006103516,191.6100006103516,192.8500061035156,207081000,-0.015136973809902643,-0.015252707185230386,-0.05373782621451584
2015-09-08,165.479248046875,197.42999267578125,197.6100006103516,195.1699981689453,195.94000244140625,116025700,0.02513133586363292,0.024820736931983264,-0.02995699371006144
2015-09-09,163.26649475097656,194.7899932861328,199.47000122070312,194.3500061035156,199.32000732421875,149347700,-0.013371787230212928,-0.013461994635763716,-0.0429282023943266
2015-09-10,164.15496826171875,195.8500061035156,197.22000122070312,194.25,194.55999755859372,158611100,0.005441860634647355,0.005427107210912125,-0.037719951054405065
2015-09-11,164.90093994140625,196.7400054931641,196.82000732421875,194.52999877929688,195.3800048828125,119691200,0.004544313751735807,0.004534019532990238,-0.03334704859496063
2015-09-14,164.28904724121094,196.00999450683597,197.00999450683597,195.42999267578125,196.9499969482422,79452000,-0.0037106683589113176,-0.0037175699670887997,-0.0369339771157875
2015-09-15,166.3425750732422,198.4600067138672,198.9900054931641,195.9600067138672,196.6100006103516,113806200,0.012499481045843863,0.012422007451111099,-0.024896151616850104
2015-09-16,167.78421020507812,200.17999267578125,200.41000366210935,198.41000366210935,198.82000732421875,99581600,0.008666663547808984,0.008629323605994648,-0.01644525463873958
2015-09-17,167.4070281982422,199.72999572753903,202.88999938964844,199.27999877929688,200.0200042724609,276046600,-0.0022480184897906152,-0.0022505490766044616,-0.018656303892032988
2015-09-18,164.67137145996094,195.4499969482422,198.67999267578125,194.9600067138672,195.7100067138672,223657500,-0.016341349390909143,-0.016476341901043072,-0.03469278410269949
2015-09-21,165.5222930908203,196.4600067138672,197.67999267578125,195.2100067138672,196.44000244140625,105726200,0.005167392627602352,0.005154087469950949,-0.02970466271190042
2015-09-22,163.37391662597656,193.91000366210935,194.4600067138672,192.55999755859372,193.8800048828125,153890900,-0.01297937833464502,-0.01306434648894839,-0.04229849299090471
2015-09-23,163.11268615722656,193.6000061035156,194.6699981689453,192.91000366210935,194.1100006103516,92790600,-0.0015989729214122006,-0.0016002526429558953,-0.043829831767407956
2015-09-24,162.5228729248047,192.8999938964844,193.4499969482422,190.55999755859372,192.1499938964844,159378800,-0.003615986262732185,-0.0036225397440269166,-0.04728732996057128
2015-09-25,162.48077392578125,192.8500061035156,195.0,191.80999755859372,194.63999938964844,155054800,-0.00025903430246965176,-0.0002590678576493332,-0.047534115222508944
2015-09-28,158.4029998779297,188.00999450683597,191.91000366210935,187.63999938964844,191.77999877929688,178515900,-0.0250969634703625,-0.025417262642932793,-0.07143811673953615
2015-09-29,158.4956512451172,188.1199951171875,189.7400054931641,186.92999267578125,188.2700042724609,159045600,0.0005849091700214082,0.0005847381773263686,-0.07089499237908481
2015-09-30,161.45291137695312,191.6300048828125,191.8300018310547,189.44000244140625,190.3699951171875,163452000,0.01865830455664974,0.01848637372483693,-0.053559468181785364
2015-10-01,161.87416076660156,192.1300048828125,192.4900054931641,189.82000732421875,192.0800018310547,131079000,0.002609116094939523,0.002605718260487537,-0.05109009495731531
2015-10-02,164.29226684570312,195.0,195.02999877929688,189.1199951171875,189.7700042724609,211003300,0.014938184498686669,0.014827708667413002,-0.03691510372315643
2015-10-05,167.21583557128906,198.47000122070312,198.7400054931641,196.3300018310547,196.4600067138672,126320800,0.017794925967706376,0.017638449866109258,-0.019777079293293864
2015-10-06,166.64283752441406,197.7899932861328,198.97999572753903,197.0,198.30999755859372,110274500,-0.003426697267740031,-0.003432581841770719,-0.02313600649745573
2015-10-07,168.0077667236328,199.41000366210935,199.8300018310547,197.47999572753903,198.8999938964844,124307300,0.008190746266059978,0.00815738415378893,-0.015134761390226292
2015-10-08,169.5243377685547,201.2100067138672,201.5500030517578,198.58999633789065,198.9499969482422,153055200,0.009026791287670477,0.008986293335784485,-0.0062445884348141245
2015-10-09,169.62539672851562,201.3300018310547,201.8999938964844,200.5800018310547,201.3800048828125,107069200,0.0005961324567975712,0.0005959548404296297,-0.005652178579861888
2015-10-12,169.78546142578125,201.5200042724609,201.75999450683597,200.91000366210935,201.4199981689453,56395600,0.0009436363914407941,0.0009431914465099876,-0.004713875789819966
2015-10-13,168.71546936035156,200.25,202.16000366210935,200.0500030517578,200.6499938964844,88038700,-0.006302024074643309,-0.00632196565405228,-0.01098619290575098
2015-10-14,167.9066162109375,199.2899932861328,200.8699951171875,198.94000244140625,200.17999267578125,99106200,-0.004794184863312512,-0.0048057138303228405,-0.015727707929329315
2015-10-15,170.48480224609375,202.3500061035156,202.3600006103516,199.63999938964844,200.0800018310547,134142200,0.015354880548109628,0.015238187393314784,-0.000614324457770099
2015-10-16,171.2598876953125,203.2700042724609,203.2899932861328,201.9199981689453,202.8300018310547,114580100,0.004546360960080875,0.004536057478186876,0.003929243561579199
2015-10-19,171.34410095214844,203.3699951171875,203.3699951171875,202.1300048828125,202.5,76523900,0.000491727852734325,0.0004916069942117923,0.0044229035328129385
2015-10-20,171.1250457763672,203.1100006103516,203.83999633789065,202.5500030517578,202.8500061035156,78448500,-0.001278451808751968,-0.001279269725451327,0.003138797255039405
2015-10-21,170.06356811523438,201.8500061035156,203.7899932861328,201.6499938964844,203.6100006103516,102038000,-0.006202935732271486,-0.006222253865645206,-0.0030836082348817406
2015-10-22,172.93649291992188,205.25999450683597,205.50999450683597,201.8500061035156,202.97999572753903,174911700,0.016893240783592223,0.01675213690879703,0.01375754041231625
2015-10-23,174.83218383789062,207.50999450683597,207.9499969482422,206.3000030517578,207.25,144442300,0.010961774961208093,0.010902130185279952,0.024870122435543873
2015-10-26,174.4025115966797,207.0,207.3699951171875,206.55999755859372,207.3000030517578,69033000,-0.0024576266896565446,-0.002460651611231081,0.02235137426921474
2015-10-27,174.06549072265625,206.6000061035156,207.0,205.7899932861328,206.1999969482422,77905800,-0.0019324313104092106,-0.0019343008647057006,0.02037575046333706
2015-10-28,176.04544067382812,208.9499969482422,208.97999572753903,206.2100067138672,207.0,135906700,0.011374741443302971,0.011310535497140853,0.03198226079987365
2015-10-29,175.9443359375,208.8300018310547,209.2700042724609,208.2100067138672,208.3500061035156,90525500,-0.0005743104504219998,-0.0005744754298380243,0.03138958260284608
2015-10-30,175.18601989746094,207.92999267578125,209.44000244140625,207.7400054931641,209.05999755859372,131076900,-0.004309976993567055,-0.004319291718210439,0.02694431723042312
2015-11-02,177.25865173339844,210.38999938964844,210.6199951171875,208.1699981689453,208.32000732421875,86270800,0.011831034446416755,0.011761594916096267,0.039094130822128204
2015-11-03,177.77261352539062,211.0,211.66000366210935,209.6999969482422,209.97000122070312,95246100,0.0028995018689705887,0.00289530642127562,0.04210698619648334
2015-11-04,177.23336791992188,210.3600006103516,211.5,209.72000122070312,211.3500061035156,96224500,-0.003033344646146685,-0.0030379545606845273,0.038945916549192106
2015-11-05,177.05642700195312,210.1499938964844,210.97999572753903,209.08999633789065,210.42999267578125,78408700,-0.0009983499159633702,-0.0009988485991752453,0.037908684980714646
2015-11-06,176.96380615234375,210.0399932861328,210.32000732421875,208.4600067138672,209.7400054931641,110471500,-0.0005231148689583964,-0.0005232517412768372,0.037365739514980234
2015-11-09,175.3124237060547,208.0800018310547,209.4900054931641,206.9499969482422,209.30999755859372,131008700,-0.009331752532873439,-0.009375566120269914,0.0276852991477452
2015-11-10,175.71682739257812,208.55999755859372,208.6000061035156,207.19000244140625,207.50999450683597,75874600,0.0023067600000870048,0.002304103513704679,0.030055922488496645
2015-11-11,175.02598571777344,207.7400054931641,208.94000244140625,207.66000366210935,208.8800048828125,67846000,-0.003931562418101442,-0.0039393113265047556,0.026006193335098127
2015-11-12,172.58261108398438,204.83999633789065,207.05999755859372,204.82000732421875,206.5,121315200,-0.013960067836606638,-0.014058426048055564,0.011683077275361553
2015-11-13,170.64488220214844,202.5399932861328,204.6699981689453,202.44000244140625,204.3500061035156,153577100,-0.011227833845282253,-0.011291341790278957,0.00032406777962989963
2015-11-16,173.23985290527344,205.6199951171875,205.69000244140625,202.17999267578125,202.32000732421875,117645200,0.015206847516534117,0.015092382387939392,0.015535843345473976
2015-11-17,173.11343383789062,205.47000122070312,207.0399932861328,204.8800048828125,205.9900054931641,121123700,-0.0007297343265001421,-0.0007300007121955196,0.014794771980793486
2015-11-18,175.86009216308594,208.72999572753903,208.8999938964844,205.9900054931641,206.0399932861328,121342500,0.01586623443543611,0.01574168146824049,0.030895743736895742
2015-11-19,175.70835876464844,208.5500030517578,209.0500030517578,208.1999969482422,208.58999633789065,88220500,-0.0008628074543302056,-0.0008631798869223172,0.030006279204562336
2015-11-20,176.34881591796875,209.30999755859372,210.1199951171875,208.8600006103516,209.4499969482422,94011500,0.0036450010564277324,0.0036383741386100898,0.03376065318039023
2015-11-23,176.1465606689453,209.07000732421875,209.97999572753903,208.5200042724609,209.3800048828125,64931200,-0.0011469044913662296,-0.0011475626896308804,0.03257502844425986
2015-11-24,176.3824462890625,209.3500061035156,209.8300018310547,207.41000366210935,207.8699951171875,98874400,0.0013391440583419012,0.0013382482046329974,0.033957795158393145
2015-11-25,176.35719299316406,209.32000732421875,209.7400054931641,209.00999450683597,209.5,51980100,-0.00014317352111703485,-0.00014318377142400274,0.033809759780173865
2015-11-27,176.55934143066406,209.55999755859372,209.8000030517578,208.8600006103516,209.42999267578125,37317800,0.0011462443582204163,0.0011455879217325679,0.034994758384795155
2015-11-30,175.82638549804688,208.69000244140625,209.88999938964844,208.55999755859372,209.75,112822700,-0.004151329103733836,-0.004159969792249853,0.03069815452210034
2015-12-01,177.50302124023438,210.67999267578125,210.82000732421875,209.1100006103516,209.44000244140625,97858400,0.009535745943012097,0.009490567696117311,0.04052663026755443
2015-12-02,175.6915740966797,208.52999877929688,211.0,208.22999572753903,210.6199951171875,108441300,-0.010205162317226457,-0.010257591993436612,0.029907887110277365
2015-12-03,173.23135375976562,205.6100006103516,209.1499938964844,204.75,208.8300018310547,166224200,-0.014003063889451273,-0.0141020317772822,0.015486021166822406
2015-12-04,176.60989379882812,209.6199951171875,209.97000122070312,205.6100006103516,205.6100006103516,192913900,0.01950305164588051,0.01931530430487238,0.03529109748330872
2015-12-07,175.53990173339844,208.3500061035156,209.72999572753903,207.1999969482422,209.22999572753903,102027100,-0.0060585057972374345,-0.006076933008762136,0.029018780367377817
2015-12-08,174.36036682128906,206.9499969482422,208.2899932861328,205.77999877929688,206.4900054931641,103372400,-0.006719468909700099,-0.006742146184163285,0.022104320665201627
2015-12-09,173.00392150878906,205.33999633789065,208.67999267578125,204.17999267578125,206.19000244140625,162401500,-0.007779550692791792,-0.007809969261852191,0.01415280828926524
2015-12-10,173.45040893554688,205.8699951171875,207.42999267578125,205.13999938964844,205.4199981689453,116128900,0.002580793677183335,0.0025774691479021955,0.01677012744459594
2015-12-11,170.0887908935547,201.8800048828125,204.13999938964844,201.50999450683597,203.3500061035156,211173300,-0.019380859708675313,-0.019571130996364736,-0.0029357517513797227
2015-12-14,170.94813537597656,202.8999938964844,203.0500030517578,199.9499969482422,202.07000732421875,182385200,0.005052328715533516,0.0050396085291935485,0.002101744581278542
2015-12-15,172.74270629882812,205.02999877929688,206.1100006103516,202.8699951171875,204.6999969482422,154069600,0.01049775078800752,0.01044303201839597,0.012621558960120405
2015-12-16,175.2703094482422,208.02999877929688,208.38999938964844,204.8000030517578,206.3699951171875,197017000,0.014632184498959644,0.014526167014342064,0.027438424438449127
2015-12-17,172.5995330810547,204.8600006103516,208.47999572753903,204.83999633789065,208.3999938964844,173092500,-0.015238042173801203,-0.015355334197791098,0.011782274395872205
2015-12-18,169.52464294433594,200.0200042724609,202.92999267578125,199.8300018310547,202.7700042724609,251393500,-0.017815170654457924,-0.01797577108216383,-0.006242799487645834
2015-12-21,170.9230499267578,201.6699981689453,201.8800048828125,200.08999633789065,201.41000366210935,99094300,0.008248989398438322,0.0082151524385181,0.001954693124002427
2015-12-22,172.4740753173828,203.5,203.8500061035156,201.5500030517578,202.72000122070312,111026200,0.009074407409004337,0.009033482368102039,0.01104683821477348
2015-12-23,174.6098175048828,206.0200042724609,206.07000732421875,204.5800018310547,204.69000244140625,110987200,0.012382975143190977,0.012306933213171655,0.023566606080988928
2015-12-24,174.32168579101562,205.67999267578125,206.3300018310547,205.4199981689453,205.72000122070312,48539600,-0.0016501461257133476,-0.001651509116460422,0.021877571611554902
2015-12-28,173.9234161376953,205.2100067138672,205.25999450683597,203.94000244140625,204.8600006103516,65899900,-0.002284682204127919,-0.0022872960725128177,0.01954290610889653
2015-12-29,175.7794647216797,207.3999938964844,207.7899932861328,206.47000122070312,206.50999450683597,92640700,0.010671642871336706,0.010615102785253771,0.030423103894895442
2015-12-30,174.5335693359375,205.92999267578125,207.2100067138672,205.75999450683597,207.1100006103516,63317700,-0.007087832402464467,-0.007113070412443007,0.023119637630861112
2015-12-31,172.7876739501953,203.8699951171875,205.88999938964844,203.8699951171875,205.1300048828125,114877900,-0.010003206789301,-0.010053575039859722,0.012885160325444955
2016-01-04,170.37220764160156,201.0200042724609,201.02999877929688,198.58999633789065,200.4900054931641,222353500,-0.013979390157714544,-0.014078022120992425,-0.001274356515703734
2016-01-05,170.66038513183594,201.3600006103516,201.8999938964844,200.0500030517578,201.3999938964844,110845800,0.0016914583324563193,0.0016900294278725633,0.00041494629580562936
2016-01-06,168.50755310058594,198.82000732421875,200.05999755859372,197.6000061035156,198.33999633789065,152112600,-0.012614714478623279,-0.01269495551534878,-0.012205002611863192
2016-01-07,164.46487426757812,194.0500030517578,197.44000244140625,193.58999633789065,195.3300018310547,213436100,-0.0239910838334626,-0.02428355719423801,-0.035903275204477
2016-01-08,162.6595458984375,191.9199981689453,195.8500061035156,191.5800018310547,195.19000244140625,209817200,-0.010976984460544625,-0.011037676103958645,-0.04648614997101941
2016-01-11,162.8206329345703,192.1100006103516,193.41000366210935,189.82000732421875,193.00999450683597,187941300,0.000990332508572278,0.0009898424528522302,-0.04554185420796175
2016-01-12,164.13430786132812,193.66000366210935,194.5500030517578,191.13999938964844,193.82000732421875,172330500,0.008068233755642806,0.008035859576061689,-0.037841062777734136
2016-01-13,160.0406951904297,188.8300018310547,194.8600006103516,188.3800048828125,194.4499969482422,221168900,-0.024940627734921783,-0.02525691520744319,-0.061837910652822625
2016-01-14,162.66806030273438,191.92999267578125,193.25999450683597,187.66000366210935,189.5500030517578,240795600,0.016416856407543312,0.01628355674935796,-0.046436238345009206
2016-01-15,159.17613220214844,187.80999755859372,188.75999450683597,185.5200042724609,186.7700042724609,324846400,-0.02146658719657235,-0.021700345765865353,-0.06690599798206764
2016-01-19,159.3881072998047,188.05999755859372,190.1100006103516,186.1999969482422,189.9600067138672,195244400,0.0013317015228579976,0.00133081559482559,-0.06566339527861065
2016-01-20,157.3455047607422,185.6499938964844,187.5,181.0200042724609,185.02999877929688,286547800,-0.012815275704481599,-0.01289809971945491,-0.07763717646890445
2016-01-21,158.22694396972656,186.69000244140625,188.8699951171875,184.63999938964844,186.2100067138672,195772900,0.005601934483763449,0.005586302003032235,-0.07247016036122422
2016-01-22,161.47303771972656,190.5200042724609,190.75999450683597,188.8800048828125,189.77999877929688,168319600,0.020515429727449463,0.020307822925580813,-0.053441487116002495
2016-01-25,159.03208923339844,187.63999938964844,190.1499938964844,187.41000366210935,189.9199981689453,130371700,-0.015116755842327967,-0.015232178685819326,-0.06775038104574693
2016-01-26,161.20176696777344,190.1999969482422,190.52999877929688,188.0200042724609,188.4199981689453,141036800,0.013643018492895065,0.013550790415519058,-0.055031682254359726
2016-01-27,159.44744873046875,188.1300048828125,191.55999755859372,187.05999755859372,189.5800018310547,185681700,-0.010882748187589053,-0.010942398459008811,-0.06531553450163519
2016-01-28,160.2779541015625,189.1100006103516,190.1999969482422,187.16000366210935,189.9600067138672,143798800,0.005208646345277401,0.005195128267176045,-0.06044709367642953
2016-01-29,164.18515014648438,193.72000122070312,193.8800048828125,189.8800048828125,190.0200042724609,210529300,0.024377626148422316,0.02408523417189953,-0.03754302417940991
2016-02-01,164.12583923339844,193.6499938964844,194.5800018310547,191.83999633789065,192.52999877929688,136061600,-0.0003612440773907988,-0.0003613093417505726,-0.037890706061668555
2016-02-02,161.1678924560547,190.16000366210935,191.97000122070312,189.5399932861328,191.9600067138672,182564900,-0.018022432001930766,-0.01818681406773612,-0.05523025539009774
2016-02-03,162.13412475585938,191.3000030517578,191.77999877929688,187.1000061035156,191.41000366210935,205054900,0.0059951910090785265,0.005977291357054679,-0.04956618031156301
2016-02-04,162.38839721679688,191.6000061035156,192.75,189.9600067138672,190.7100067138672,139531800,0.001568284661359165,0.00156705618720004,-0.04807562953050859
2016-02-05,159.29486083984375,187.9499969482422,191.6699981689453,187.1999969482422,190.9900054931641,180788300,-0.019050230373436672,-0.019234023962604117,-0.06621000808604105
2016-02-08,157.150634765625,185.4199981689453,186.1199951171875,182.8000030517578,185.7700042724609,191526700,-0.013460736039529686,-0.013552153033797325,-0.07877950868354944
2016-02-09,157.15907287597656,185.42999267578125,186.94000244140625,183.1999969482422,183.3600006103516,184513100,5.369440832447836e-05,5.369296683133555e-05,-0.07873004429433184
2016-02-10,157.02342224121094,185.2700042724609,188.33999633789065,185.1199951171875,186.41000366210935,148214100,-0.0008631422436086167,-0.0008635149653649968,-0.07952523131086886
2016-02-11,154.98086547851562,182.8600006103516,184.1000061035156,181.08999633789065,182.33999633789065,219058900,-0.013007975074939115,-0.01309331969775279,-0.09149874415908743
2016-02-12,158.17608642578125,186.6300048828125,186.6499938964844,183.9600067138672,184.9600067138672,127632400,0.020616873814713443,0.020407222741233584,-0.07276828840690663
2016-02-16,160.84584045410156,189.77999877929688,189.80999755859372,187.6300048828125,188.7700042724609,120250700,0.01687836694311562,0.016737510054512746,-0.057118131337345224
2016-02-17,163.4731903076172,192.8800048828125,193.32000732421875,191.00999450683597,191.16000366210935,136009500,0.016334583761060006,0.0162026096695503,-0.041716548476890325
2016-02-18,162.8036346435547,192.08999633789065,193.2700042724609,191.72000122070312,193.1999969482422,102343000,-0.004095813281691951,-0.004104224098858203,-0.04564149856526434
2016-02-19,162.72740173339844,192.0,192.17999267578125,190.4499969482422,191.1699981689453,114793000,-0.0004682506648157059,-0.0004683603283929542,-0.046088377568033634
2016-02-22,165.08352661132812,194.77999877929688,194.9499969482422,193.7899932861328,193.8699951171875,103640300,0.014478968218209598,0.014375148889153536,-0.032276721503860406
2016-02-23,162.99864196777344,192.32000732421875,194.32000732421875,192.17999267578125,194.0,111455300,-0.012629271292848854,-0.01270969841434081,-0.04449836132439333
2016-02-24,163.7444305419922,193.1999969482422,193.52999877929688,189.32000732421875,190.6300048828125,150812200,0.004575428145997762,0.004564992693639243,-0.04012653223325002
2016-02-25,165.72763061523438,195.5399932861328,195.5500030517578,192.8300018310547,193.72999572753903,110728300,0.012111557423222452,0.012038799397813209,-0.028500969609365323
2016-02-26,165.34629821777344,195.08999633789065,196.67999267578125,194.8999938964844,196.57000732421875,129833700,-0.0023009584825735008,-0.0023036097553025357,-0.030736348544154635
2016-02-29,164.04954528808594,193.55999755859372,196.22999572753903,193.3300018310547,195.1100006103516,125918100,-0.007842648693468623,-0.007873564007448097,-0.03833794285387149
2016-03-01,167.90585327148438,198.1100006103516,198.2100067138672,194.4499969482422,195.00999450683597,141799700,0.023506971486122685,0.02323493751381385,-0.01573218029725132
2016-03-02,168.66012573242188,199.0,199.05999755859372,197.25,197.7400054931641,102415000,0.004492234464976708,0.0044821744963063695,-0.011310618474815182
2016-03-03,169.3212127685547,199.77999877929688,199.8000030517578,198.1100006103516,198.7899932861328,95172200,0.003919640361122578,0.003911978585253661,-0.007435311670375699
2016-03-04,169.87210083007812,200.42999267578125,201.3500061035156,199.02999877929688,200.00999450683597,129293600,0.003253508833984453,0.003248227625988931,-0.004205993688594201
2016-03-07,170.00775146484375,200.58999633789065,201.07000732421875,199.25,199.33999633789065,100219000,0.0007985456946888458,0.0007982270267116025,-0.003410806672057287
2016-03-08,168.1515655517578,198.3999938964844,199.9199981689453,198.2100067138672,199.32000732421875,123974900,-0.010918242827708813,-0.010978284272278717,-0.014291809484282214
2016-03-09,168.98220825195312,199.3800048828125,199.7899932861328,198.42999267578125,199.3600006103516,94801200,0.004939845177591495,0.004927684174939395,-0.009422563632850656
2016-03-10,169.11781311035156,199.5399932861328,201.07000732421875,197.3800048828125,199.9600067138672,156838700,0.0008024800942134647,0.0008021582792179038,-0.00862764495838897
2016-03-11,171.8468780517578,202.75999450683597,202.80999755859372,199.5200042724609,201.25999450683597,137964500,0.016137063809035235,0.016008245381238843,0.0073701939934309735
2016-03-14,171.6265411376953,202.5,203.0399932861328,201.7700042724609,202.16000366210935,73612000,-0.001282170014145656,-0.0012829926974066367,0.00607857413754842
2016-03-15,171.34683227539062,202.1699981689453,202.52999877929688,201.0500030517578,201.3600006103516,93169100,-0.0016297529534216038,-0.001631082445458264,0.004438914609973477
2016-03-16,172.3384552001953,203.33999633789065,203.82000732421875,201.5500030517578,201.6000061035156,129303200,0.005787226478811913,0.00577054481309485,0.010251830092953496
2016-03-17,173.4318084716797,204.6300048828125,205.22999572753903,202.7700042724609,203.2400054931641,134278500,0.0063442211444584284,0.006324181287025645,0.016661091114656967
2016-03-18,174.11331176757812,204.3800048828125,204.77999877929688,203.8000030517578,204.1699981689453,138372400,0.003929517323863374,0.003921816936608962,0.020656078484689866
2016-03-21,174.36036682128906,204.6699981689453,204.94000244140625,203.8000030517578,204.07000732421875,72926700,0.0014189325974152123,0.0014179268638235833,0.02210432066520185
2016-03-22,174.26663208007812,204.55999755859372,205.22999572753903,203.57000732421875,203.75999450683597,97471900,-0.0005375920165791026,-0.0005377365709770959,0.021554845542301138
2016-03-23,173.11660766601562,203.2100067138672,204.3300018310547,203.00999450683597,204.1100006103516,81052500,-0.006599223272611643,-0.006621094421344439,0.014813377031349217
2016-03-24,173.0399169921875,203.1199951171875,203.16000366210935,201.7400054931641,202.0,84360900,-0.0004430000960744529,-0.0004430982496061002,0.014363814607826653
2016-03-28,173.14215087890625,203.2400054931641,203.8600006103516,202.7100067138672,203.6100006103516,62408200,0.0005908110018530977,0.0005906365417450611,0.014963111909378712
2016-03-29,174.7437286376953,205.1199951171875,205.25,202.3999938964844,202.75999450683597,92922900,0.009250074292476596,0.009207554362480013,0.024351596098663775
2016-03-30,175.51043701171875,206.0200042724609,206.8699951171875,205.58999633789065,206.3000030517578,86365300,0.004387615967684333,0.004378018444002473,0.028846057518229218
2016-03-31,175.0845184326172,205.5200042724609,206.41000366210935,205.3300018310547,205.91000366210935,94584100,-0.002426742171880769,-0.0024296914831099664,0.02634931340207647
2016-04-01,176.277099609375,206.9199981689453,207.13999938964844,203.97999572753903,204.3500061035156,114423500,0.006811459901960415,0.006788366715197507,0.03334025059571921
2016-04-04,175.7063751220703,206.25,207.07000732421875,205.88999938964844,206.8300018310547,63497000,-0.0032376553084285664,-0.0032429078547304216,0.02999465104796517
2016-04-05,173.95143127441406,204.19000244140625,206.25999450683597,203.88999938964844,204.6699981689453,99662200,-0.009987934965006384,-0.010038149023727197,0.01970713145899361
2016-04-06,175.85121154785156,206.4199981689453,206.4900054931641,203.97999572753903,204.19000244140625,91839800,0.010921325909877266,0.010862118919229212,0.03084368537428328
2016-04-07,173.7469482421875,203.9499969482422,205.55999755859372,203.08999633789065,205.13999938964844,113859000,-0.011966157566628222,-0.012038328345833469,0.01850844740853086
2016-04-08,174.21556091308594,204.5,205.8500061035156,203.8699951171875,205.33999633789065,95040600,0.002697098715341184,0.0026934680712728592,0.021255465233600557
2016-04-11,173.806640625,204.0200042724609,206.07000732421875,203.91000366210935,205.25,83757500,-0.002347208744975071,-0.0023499677575858626,0.018858365474750727
2016-04-12,175.4252166748047,205.9199981689453,206.25,203.6999969482422,204.22000122070312,115350600,0.009312509832675842,0.00926941574910253,0.028346494021338486
2016-04-13,177.1971893310547,208.0,208.1000061035156,206.83999633789065,207.0,96336400,0.010101014494026783,0.010050340202587948,0.03873383686232956
2016-04-14,177.2057342529297,208.00999450683597,208.6000061035156,207.6000061035156,208.07000732421875,65212900,4.822267163073768e-05,4.822150895508614e-05,0.03878392738305636
2016-04-15,177.0098114013672,207.77999877929688,208.1699981689453,207.3999938964844,208.00999450683597,75761600,-0.0011056236548353526,-0.0011062353075484532,0.037635423300678816
2016-04-18,178.2535858154297,209.2400054931641,209.27999877929688,207.0,207.77999877929688,82531000,0.007026584595597685,0.007002013184975288,0.04492645638188986
2016-04-19,178.8158416748047,209.8999938964844,210.1999969482422,208.94000244140625,209.7400054931641,88316100,0.003154247118244191,0.0031492829169418564,0.04822241264570959
2016-04-20,178.98626708984375,210.1000061035156,210.9199981689453,209.38999938964844,209.9499969482422,81100300,0.0009530778338364687,0.0009526239435300932,0.049221450192132865
2016-04-21,178.02359008789062,208.97000122070312,210.25,208.6499938964844,210.1199951171875,85695000,-0.005378496448947723,-0.0053930126345382865,0.04357821634811465
2016-04-22,178.02359008789062,208.97000122070312,209.2899932861328,207.91000366210935,208.5500030517578,99251700,0.0,0.0,0.04357821634811465
2016-04-25,177.71688842773438,208.6100006103516,208.66000366210935,207.5399932861328,208.25999450683597,66166500,-0.0017228147123919957,-0.0017243004643540559,0.04178032444345825
2016-04-26,177.98098754882812,208.9199981689453,209.5200042724609,208.3600006103516,209.0399932861328,75864200,0.0014860665377964821,0.0014849634336413203,0.04332847932334838
2016-04-27,178.34727478027344,209.3500061035156,209.80999755859372,208.0500030517578,208.47000122070312,77329400,0.002058013254617075,0.002055898446377506,0.04547566316271534
2016-04-28,176.7286834716797,207.4499969482422,209.75999450683597,206.9600067138672,208.4600067138672,97216200,-0.009075503455760026,-0.009116936712874082,0.03598744516876917
2016-04-29,175.7745361328125,206.3300018310547,207.1300048828125,205.02999877929688,206.72000122070312,142424100,-0.0053989387581223625,-0.005413565698370525,0.030394212398119347
2016-05-02,177.1716766357422,207.97000122070312,208.17999267578125,206.41000366210935,206.9199981689453,62188000,0.007948480671136737,0.007917057897692701,0.038584280879016886
2016-05-03,175.6297149658203,206.16000366210935,206.8000030517578,205.27999877929688,206.5200042724609,106422100,-0.00870320639958766,-0.008741300488602805,0.029545267519159424
2016-05-04,174.65000915527344,205.00999450683597,205.8500061035156,204.4199981689453,204.9900054931641,92243800,-0.005578246316333968,-0.005593862834584166,0.023802210423121695
2016-05-05,174.61598205566406,204.97000122070312,205.97999572753903,204.47000122070312,205.55999755859372,67619200,-0.0001948302194425544,-0.0001948492013152934,0.02360274281379926
2016-05-06,175.2548065185547,205.72000122070312,205.7700042724609,203.8800048828125,204.05999755859372,89315000,0.003658453569771014,0.003651777705781241,0.02734754592227384
2016-05-09,175.399658203125,205.88999938964844,206.3999938964844,205.3600006103516,205.57000732421875,74374900,0.0008265204672430748,0.0008261790872937487,0.028196669695950582
2016-05-10,177.58059692382812,208.4499969482422,208.47000122070312,206.63999938964844,206.72000122070312,77472200,0.01243411043696252,0.012357441769373177,0.04098138063786716
2016-05-11,175.9193572998047,206.5,208.5399932861328,206.5,207.91000366210935,81727000,-0.009354848743615918,-0.009398880161106064,0.031243157277079492
2016-05-12,175.97042846679688,206.55999755859372,207.4900054931641,205.3699951171875,207.2899932861328,89586300,0.0002903101044482437,0.0002902679726238703,0.03154253758578007
2016-05-13,174.43702697753906,204.75999450683597,206.8600006103516,204.3800048828125,206.2100067138672,96474600,-0.008713972584019403,-0.008752161254990693,0.022553704194007818
2016-05-16,176.15792846679688,206.77999877929688,207.33999633789065,204.88999938964844,204.9600067138672,77486800,0.009865459868674487,0.009817113929370364,0.03264166672629831
2016-05-17,174.51368713378906,204.8500061035156,206.8000030517578,204.22999572753903,206.4600067138672,114924900,-0.009333904793945913,-0.009377738657257863,0.023003087722813342
2016-05-18,174.56475830078125,204.91000366210935,206.3000030517578,203.6300048828125,204.44000244140625,120062100,0.00029264848981758185,0.0002926056766008974,0.023302468031514145
2016-05-19,173.9600067138672,204.1999969482422,204.5399932861328,202.77999877929688,204.05999755859372,115430500,-0.0034643394967044383,-0.003470354216149866,0.019757400874437447
2016-05-20,175.05894470214844,205.4900054931641,206.1000061035156,204.8600006103516,204.9199981689453,104990400,0.00631718754810584,0.006297317755745662,0.026199399629330156
2016-05-23,174.8204345703125,205.2100067138672,205.83999633789065,204.9900054931641,205.50999450683597,58682600,-0.0013624561272304048,-0.001363385114478504,0.02480124796954497
2016-05-24,177.0864715576172,207.8699951171875,208.2400054931641,206.13999938964844,206.1699981689453,93537800,0.012962083024643745,0.012878794185601245,0.038084806829484785
2016-05-25,178.28762817382812,209.27999877929688,209.7700042724609,207.8699951171875,208.6699981689453,76621400,0.006782881863565349,0.006759981615175894,0.045126013438571144
2016-05-26,178.3387908935547,209.33999633789065,209.7100067138672,208.97000122070312,209.44000244140625,55280700,0.0002869673025023278,0.0002869261352615548,0.04542593043142262
2016-05-27,179.10549926757812,210.2400054931641,210.25,209.47000122070312,209.52999877929688,64211200,0.0042991677255515,0.004289952705821657,0.049920391850988066
2016-05-31,178.7647247314453,209.83999633789065,210.69000244140625,209.17999267578125,210.55999755859372,109879400,-0.001902646973579003,-0.0019044593055154773,0.047922763994934
2016-06-01,179.13108825683594,210.2700042724609,210.47999572753903,208.88999938964844,209.1199951171875,69936200,0.002049417332983472,0.0020473201421384608,0.05007039507109323
2016-06-02,179.67626953125,210.91000366210935,210.92999267578125,209.2400054931641,209.8000030517578,63044700,0.003043476594260408,0.0030388545949603467,0.05326625974081778
2016-06-03,179.1396026611328,210.27999877929688,210.69000244140625,208.8600006103516,210.25,101757100,-0.002986854477317835,-0.002991324029305185,0.05012030669710321
2016-06-06,180.05111694335938,211.3500061035156,211.7700042724609,210.50999450683597,210.6999969482422,64887000,0.0050882901864577335,0.005075388584170695,0.05546362354827017
2016-06-07,180.33226013183597,211.67999267578125,212.33999633789065,211.5,211.52999877929688,60974800,0.0015614631736220463,0.0015602453575525668,0.057111691127538444
2016-06-08,180.9200439453125,212.3699951171875,212.5200042724609,211.69000244140625,211.83999633789065,66170900,0.003259449047257723,0.0032541485578722316,0.06055729282202904
2016-06-09,180.6729736328125,212.0800018310547,212.22000122070312,211.19000244140625,211.50999450683597,73786900,-0.0013656326137897468,-0.001366565939824756,0.05910896119415865
2016-06-10,178.96067810058594,210.07000732421875,210.8600006103516,209.42999267578125,210.4600067138672,113829200,-0.009477319699771614,-0.009522515276073052,0.04907144697202859
2016-06-13,177.58059692382812,208.4499969482422,210.3699951171875,208.3500061035156,209.3600006103516,117751200,-0.007711644766914216,-0.0077415332581935335,0.040981380637867604
2016-06-14,177.2312774658203,208.0399932861328,208.7400054931641,206.9199981689453,208.0,125059300,-0.0019671037492775545,-0.001969041038841042,0.03893366226108674
2016-06-15,176.98426818847656,207.75,209.3600006103516,207.52999877929688,208.0399932861328,109124500,-0.0013937115438971137,-0.0013946836631717953,0.03748568842265021
2016-06-16,177.5124053955078,208.3699951171875,208.57000732421875,205.58999633789065,207.75,149533100,0.002984091255324506,0.002979647692817013,0.04058164039299661
2016-06-17,176.851318359375,206.5200042724609,207.1999969482422,205.75,207.1699981689453,117055700,-0.00372417372554823,-0.0037311257261900452,0.03670633358855713
2016-06-20,177.99026489257812,207.8500061035156,209.6100006103516,207.75,208.82000732421875,82789600,0.006440135950181114,0.006419486882438494,0.04338286331728125
2016-06-21,178.49551391601562,208.44000244140625,208.9199981689453,207.77999877929688,208.3000030517578,72461700,0.00283863290917874,0.002834611599000361,0.04634464424996687
2016-06-22,178.20436096191406,208.1000061035156,209.5,207.92999267578125,208.6499938964844,95560500,-0.0016311499808255858,-0.0016324817543675104,0.04463789920356165
2016-06-23,180.5250396728516,210.80999755859372,210.8699951171875,209.2700042724609,209.80999755859372,102731400,0.013022569697009212,0.012938505074627165,0.0582417690540773
2016-06-24,174.0425567626953,203.2400054931641,210.8500061035156,202.72000122070312,203.6300048828125,333444400,-0.03590905129783584,-0.036569643695086695,0.020241311083601943
2016-06-27,170.9254913330078,199.6000061035156,201.6000061035156,198.6499938964844,201.58999633789065,230775800,-0.01790978877618754,-0.01807211005694953,0.0019690047013540823
2016-06-28,174.00831604003906,203.1999969482422,203.22999572753903,201.1199951171875,201.47999572753903,159382400,0.01803607339659541,0.01787535305708352,0.020040591211261338
2016-06-29,176.97122192382812,206.66000366210935,206.92999267578125,204.72000122070312,204.83999633789065,137328600,0.017027380939123038,0.016884039947974328,0.037409210931183656
2016-06-30,179.3861083984375,209.47999572753903,209.5399932861328,206.55999755859372,207.2100067138672,165021900,0.013645645028369513,0.013553381596066467,0.05156532877271158
2016-07-01,179.76287841796875,209.9199981689453,210.4900054931641,209.2899932861328,209.47999572753903,106055300,0.0021003299692214927,0.0020981273598301596,0.05377396294732706
2016-07-05,178.4697723388672,208.41000366210935,209.0800018310547,207.7100067138672,208.9499969482422,109803700,-0.007193398828955977,-0.007219396069682405,0.04619374655627739
2016-07-06,179.54022216796875,209.66000366210935,209.8000030517578,207.05999755859372,207.8300018310547,96021500,0.005997933515985432,0.005980017516377469,0.052468747092961676
2016-07-07,179.42892456054688,209.52999877929688,210.6499938964844,208.6300048828125,209.8699951171875,85593800,-0.0006199034738730846,-0.0006200956934740486,0.0518163180604958
2016-07-08,182.10069274902344,212.6499938964844,212.94000244140625,210.77999877929688,211.0500030517578,133971000,0.01489039849634155,0.014780624886295448,0.06747828218137131
2016-07-11,182.74295043945312,213.3999938964844,214.07000732421875,212.9499969482422,213.19000244140625,73633900,0.0035269371067954136,0.0035207320497350095,0.07124321094549502
2016-07-12,184.0702972412109,214.9499969482422,215.3000030517578,213.42999267578125,214.52999877929688,101275600,0.007263463781042256,0.007237211871209637,0.07902414720888506
2016-07-13,184.0445556640625,214.9199981689453,215.4499969482422,214.3500061035156,215.44000244140625,87324100,-0.0001398464474400285,-0.00013985622686621526,0.07887324951519581
2016-07-14,185.07220458984372,216.1199951171875,216.6699981689453,215.66000366210935,216.3999938964844,91230900,0.005583696415649486,0.00556816536976054,0.08489735021145384
2016-07-15,184.8238677978516,215.8300018310547,217.00999450683597,215.30999755859372,216.77999877929688,107155400,-0.0013418373252888083,-0.0013427383951422167,0.08344159445283328
2016-07-18,185.32052612304688,216.41000366210935,216.6000061035156,215.6699981689453,215.97000122070312,58725900,0.002687197985373313,0.002683593923974269,0.08635301652271665
2016-07-19,185.1321258544922,216.19000244140625,216.22999572753903,215.6300048828125,215.9199981689453,54345700,-0.0010166184636751785,-0.001017135570722276,0.0852486099880505
2016-07-20,185.90286254882807,217.08999633789065,217.3699951171875,216.19000244140625,216.19000244140625,58159500,0.004163170982769637,0.0041545289636197805,0.08976668551024392
2016-07-21,185.20069885253903,216.2700042724609,217.22000122070312,215.75,216.9600067138672,67777300,-0.00377704617703023,-0.0037841972281879785,0.08565058641688261
2016-07-22,186.03131103515625,217.2400054931641,217.3000030517578,216.1000061035156,216.41000366210935,62787500,0.004484930066481985,0.004474902737698343,0.09051965337359746
2016-07-25,185.52606201171875,216.6499938964844,217.05999755859372,215.97000122070312,217.0,55873100,-0.0027159354015519055,-0.0027196302455927543,0.08755787244091207
2016-07-26,185.61170959472656,216.75,217.1699981689453,215.75999450683597,216.52999877929688,70080500,0.0004616471781868636,0.00046154065191207486,0.08805994046383936
2016-07-27,185.41476440429688,216.5200042724609,217.2700042724609,215.6199951171875,217.19000244140625,84083900,-0.0010610601608039838,-0.0010616234836512814,0.08690544340844641
2016-07-28,185.62879943847656,216.7700042724609,217.1100006103516,215.75,216.2899932861328,65035700,0.0011543580947683818,0.0011536923357631785,0.08816012150529273
2016-07-29,185.9285430908203,217.1199951171875,217.5399932861328,216.1300048828125,216.4600067138672,79519400,0.0016147475674597178,0.001613445264345116,0.08991722541449998
2016-08-01,185.7744140625,216.94000244140625,217.6499938964844,216.41000366210935,217.19000244140625,73311400,-0.0008289691607222816,-0.0008293129456615348,0.08901371764689125
2016-08-02,184.58409118652344,215.5500030517578,216.8300018310547,214.57000732421875,216.6499938964844,92295500,-0.006407356373499873,-0.006427971587878863,0.0820360186622977
2016-08-03,185.12359619140625,216.17999267578125,216.25,215.1300048828125,215.47999572753903,53993600,0.0029228142112076583,0.002918551094596113,0.08519860891468234
2016-08-04,185.32052612304688,216.41000366210935,216.77999877929688,214.25,216.30999755859372,46585500,0.0010637754218916218,0.0010632100137601681,0.08635301652271665
2016-08-05,186.83624267578125,218.17999267578125,218.22999572753903,216.41000366210935,216.41000366210935,71892200,0.008178891914692565,0.008145626040451888,0.09523818042605625
2016-08-08,186.7249298095703,218.0500030517578,218.5200042724609,217.7400054931641,218.3999938964844,39906500,-0.0005957776961084127,-0.0005959552421621576,0.09458566194623197
2016-08-09,186.83624267578125,218.17999267578125,218.75999450683597,217.8000030517578,218.1300048828125,51251700,0.0005961328587695824,0.0005959552421621551,0.09523818042605625
2016-08-10,186.37387084960935,217.63999938964844,218.3999938964844,217.22999572753903,218.30999755859372,57941100,-0.002474743762505782,-0.0024778110023175245,0.09252774657058871
2016-08-11,187.23873901367188,218.6499938964844,218.94000244140625,217.9499969482422,218.25999450683597,72504300,0.004640501161025989,0.004629767229916609,0.09759762284700257
2016-08-12,187.07603454589844,218.4600067138672,218.7100067138672,217.9900054931641,218.2899932861328,61313500,-0.0008689679744188217,-0.0008693457459525357,0.09664384566395023
2016-08-15,187.61553955078125,219.08999633789065,219.5,218.8800048828125,218.88999938964844,49813500,0.0028838809107343266,0.002879730503785537,0.09980643591633487
2016-08-16,186.6478729248047,217.9600067138672,218.67999267578125,217.9600067138672,218.6000061035156,53213600,-0.005157710434292917,-0.005171057335502341,0.0941339527861067
2016-08-17,186.99896240234372,218.3699951171875,218.52999877929688,217.0200042724609,218.0,75134300,0.0018810258699304416,0.0018792589561621325,0.09619204705646656
2016-08-18,187.41851806640625,218.8600006103516,218.8999938964844,218.2100067138672,218.33999633789065,52989300,0.0022436256258995257,0.0022411124562974204,0.09865149162414966
2016-08-19,187.14454650878903,218.5399932861328,218.75,217.7400054931641,218.30999755859372,75443000,-0.0014618169028534078,-0.0014628863995814715,0.09704546430334826
2016-08-22,187.1360015869141,218.52999877929688,218.8000030517578,217.8300018310547,218.25999450683597,61368800,-4.5659475706560926e-05,-4.5660518132153013e-05,0.09699537378262191
2016-08-23,187.5127868652344,218.97000122070312,219.6000061035156,218.8999938964844,219.25,53399200,0.0020134302065084597,0.0020114059725573384,0.09920409740459579
2016-08-24,186.5536956787109,217.8500061035156,218.91000366210935,217.3600006103516,218.8000030517578,71728900,-0.005114804182462462,-0.0051279295683560365,0.0935818836898108
2016-08-25,186.42518615722656,217.6999969482422,218.19000244140625,217.22000122070312,217.3999938964844,69224800,-0.0006888607648152245,-0.0006890981384097061,0.09282855803702406
2016-08-26,186.07415771484372,217.2899932861328,219.1199951171875,216.25,217.9199981689453,122506300,-0.001882945376741052,-0.0018847203468514257,0.09077082155609761
2016-08-29,186.99044799804688,218.3600006103516,218.6699981689453,217.3999938964844,217.44000244140625,70502200,0.004924328528238542,0.004912243679450935,0.09614213543045658
2016-08-30,186.68206787109372,218.0,218.58999633789065,217.3500061035156,218.25999450683597,58114500,-0.0016491758282560776,-0.001650537215696388,0.09433440431637163
2016-08-31,186.15121459960935,217.3800048828125,217.75,216.47000122070312,217.6100006103516,85269500,-0.0028436221943445306,-0.002847672969007611,0.09122253071622288
2016-09-01,186.1597442626953,217.38999938964844,217.72999572753903,216.02999877929688,217.3699951171875,97844200,4.5821151929192894e-05,4.5820102172278096e-05,0.0912725317895915
2016-09-02,186.99896240234372,218.3699951171875,218.8699951171875,217.6999969482422,218.38999938964844,79293900,0.004508053784518351,0.00449792294555697,0.09619204705646656
2016-09-06,187.56417846679688,219.02999877929688,219.1199951171875,217.8600006103516,218.6999969482422,56702100,0.003022562570358156,0.0030180038118906936,0.09950535610782363
2016-09-07,187.54702758789065,219.00999450683597,219.22000122070312,218.3000030517578,218.83999633789065,76554900,-9.144005559280632e-05,-9.14442364895593e-05,0.09940481727693662
2016-09-08,187.11886596679688,218.50999450683597,218.94000244140625,218.1499938964844,218.6199951171875,74102900,-0.0022829560489469047,-0.002285565966081644,0.09689492439909286
2016-09-09,182.64013671875,213.27999877929688,217.02999877929688,213.25,216.97000122070312,221589100,-0.023935209445110628,-0.024226311007093698,0.07064051464432186
2016-09-12,185.2605743408203,216.33999633789065,216.80999755859372,212.30999755859372,212.38999938964844,168110900,0.014347545228273528,0.014245593218179345,0.08600157785140339
2016-09-13,182.597412109375,213.22999572753903,215.1499938964844,212.5,214.83999633789065,182828800,-0.014375223875458532,-0.014479548405464743,0.07039006204068832
2016-09-14,182.52882385253903,213.1499938964844,214.6999969482422,212.5,213.2899932861328,134185500,-0.0003756255690791077,-0.0003756961340344016,0.06998799616449758
2016-09-15,184.35289001464844,215.27999877929688,215.72999572753903,212.75,212.9600067138672,134427900,0.00999330474831206,0.00994370186912915,0.08068071228720508
2016-09-16,183.64019775390625,213.3699951171875,213.69000244140625,212.57000732421875,213.47999572753903,155236400,-0.0038659131445433204,-0.003873405101834726,0.07650289451651959
2016-09-19,183.67469787597656,213.41000366210935,214.8800048828125,213.02999877929688,214.1300048828125,80250500,0.000187868029398075,0.00018785038440975824,0.07670513499395382
2016-09-20,183.68328857421875,213.4199981689453,214.58999633789065,213.3800048828125,214.41000366210935,69665300,4.6771266491996144e-05,4.677017275041516e-05,0.07675549385675584
2016-09-21,185.74884033203125,215.82000732421875,216.02999877929688,213.44000244140625,214.2400054931641,110284400,0.011245180625007789,0.011182423619018049,0.0888638038741445
2016-09-22,186.9193878173828,217.17999267578125,217.52999877929688,216.7100067138672,217.0,76678700,0.006301775468741333,0.00628200230890946,0.09572557908219892
2016-09-23,185.89517211914065,215.9900054931641,216.8800048828125,215.8800048828125,216.72000122070312,73630900,-0.0054794513838382075,-0.0054945186429876825,0.08972160404159002
2016-09-26,184.38905334472656,214.2400054931641,215.22999572753903,214.00999450683597,215.0200042724609,89827300,-0.00810197896612841,-0.008134978358833572,0.08089270252670944
2016-09-27,185.53370666503903,215.57000732421875,215.67999267578125,213.6199951171875,214.0500030517578,78494800,0.006207816025675106,0.006188626909824056,0.08760268556749007
2016-09-28,186.45460510253903,216.63999938964844,216.82000732421875,214.7100067138672,215.8300018310547,87411000,0.004963510157012019,0.004951232550396162,0.09300101254409787
2016-09-29,184.7676696777344,214.67999267578125,216.8699951171875,214.0399932861328,216.3999938964844,128070600,-0.009047432343529005,-0.009088608909157136,0.0831121598316964
2016-09-30,186.1620178222656,216.3000030517578,217.1199951171875,215.3600006103516,215.6499938964844,117202900,0.007546494183550356,0.007518161846914268,0.09128585944599887
2016-10-03,185.7144470214844,215.77999877929688,216.0399932861328,215.0399932861328,215.82000732421875,83512100,-0.0024042004164808173,-0.002407095146907605,0.08866218952821914
2016-10-04,184.7676696777344,214.67999267578125,216.1699981689453,213.9900054931641,215.91000366210935,119948100,-0.005098027422931084,-0.005111066700006843,0.08311215983169618
2016-10-05,185.5853271484375,215.6300048828125,216.1300048828125,215.3300018310547,215.41000366210935,72816000,0.004425327613479357,0.004415564643532853,0.0879052859810947
2016-10-06,185.7144470214844,215.77999877929688,216.0399932861328,214.7400054931641,215.3699951171875,62927400,0.000695743974110874,0.0006955020564741069,0.08866218952821936
2016-10-07,185.0775451660156,215.0399932861328,216.3000030517578,214.19000244140625,216.1000061035156,89788300,-0.003429468550689152,-0.0034353626575870156,0.08492865678690786
2016-10-10,186.04150390625,216.16000366210935,216.6999969482422,215.9900054931641,216.16000366210935,51855000,0.0052084046142373275,0.005194887788674375,0.0905794042090351
2016-10-11,183.69189453125,213.42999267578125,215.7400054931641,212.5800018310547,215.66000366210935,130367400,-0.012629490332350835,-0.01270992025556003,0.07680594216691605
2016-10-12,183.9328765869141,213.7100067138672,214.32000732421875,213.00999450683597,213.58999633789065,73866100,0.0013118818131798715,0.0013110220480919699,0.07821858429876882
2016-10-13,183.3303985595703,213.00999450683597,213.58999633789065,211.2100067138672,212.16000366210935,101357000,-0.003275532023004568,-0.003280908321389999,0.0746868447980995
2016-10-14,183.425048828125,213.1199951171875,214.69000244140625,213.02999877929688,214.1499938964844,93346200,0.0005162824566922186,0.0005161492287581989,0.07524168676250675
2016-10-17,182.7881622314453,212.3800048828125,213.38999938964844,212.1699981689453,213.08999633789065,58275700,-0.003472189871277953,-0.0034782319126600183,0.07150824346855411
2016-10-18,183.9328765869141,213.7100067138672,214.30999755859372,213.2700042724609,214.2400054931641,76869700,0.006262519090373786,0.0062429910052918276,0.07821858429876882
2016-10-19,184.42344665527344,214.27999877929688,214.63999938964844,213.6000061035156,214.0200042724609,66519200,0.0026671146423762337,0.0026635642036686993,0.08109431687263435
2016-10-20,184.07920837402344,213.8800048828125,214.52999877929688,213.1100006103516,213.8699951171875,73639800,-0.0018665646233878563,-0.0018683088259169318,0.07907638446621412
2016-10-21,184.16525268554688,213.97999572753903,214.0800018310547,212.75999450683597,213.8800048828125,89089100,0.000467430908050126,0.00046732169625454624,0.07958077812046072
2016-10-24,184.94842529296875,214.88999938964844,215.32000732421875,214.47999572753903,215.0,60146600,0.0042525535952164795,0.00424353704238757,0.08417175323978343
2016-10-25,184.32876586914065,214.1699981689453,214.97999572753903,213.97999572753903,214.67999267578125,66542300,-0.0033504444433442027,-0.0033560697506957787,0.08053929601351051
2016-10-26,183.9586944580078,213.7400054931641,214.4199981689453,212.92999267578125,213.2100067138672,75705500,-0.0020076704218567887,-0.0020096884936526152,0.07836992922925012
2016-10-27,183.46810913085935,213.1699981689453,214.6199951171875,213.0800018310547,214.5800018310547,77220200,-0.0026668232702665717,-0.0026703855782173173,0.07549410720802574
2016-10-28,182.9259033203125,212.5399932861328,213.92999267578125,211.7100067138672,213.13999938964844,140623200,-0.0029553136679471015,-0.002959689230284309,0.07231568477319739
2016-10-31,182.9344482421875,212.5500030517578,213.19000244140625,212.3600006103516,212.92999267578125,61272500,4.671247603482698e-05,4.671138504109354e-05,0.07236577529392418
2016-11-01,181.6090545654297,211.00999450683597,212.9900054931641,209.6000061035156,212.92999267578125,122781800,-0.007245183668212807,-0.007271557477344827,0.06459628829241426
2016-11-02,180.5160369873047,209.7400054931641,211.1000061035156,209.22999572753903,210.6499938964844,103330800,-0.0060185191797869075,-0.006036703464702001,0.05818899511259645
2016-11-03,179.68978881835938,208.77999877929688,210.2400054931641,208.4600067138672,209.9900054931641,88939300,-0.004577145514242709,-0.004587652719034819,0.0533455101003959
2016-11-04,179.49180603027344,208.5500030517578,209.88999938964844,208.3800048828125,208.91000366210935,109122100,-0.0011018032209169082,-0.0011024106523066183,0.05218493062462892
2016-11-07,183.45083618164065,213.1499938964844,213.19000244140625,208.5500030517578,208.5500030517578,109794900,0.022056885152180516,0.021817150851089873,0.07539285279827146
2016-11-08,184.2771453857422,214.1100006103516,214.7700042724609,212.3800048828125,212.69000244140625,106772100,0.004504254225820903,0.004494140431450608,0.08023669559990565
2016-11-09,186.2308349609375,216.3800048828125,217.1000061035156,212.33999633789065,212.3699951171875,258429000,0.010601909266098719,0.010546103114039638,0.09168926703256619
2016-11-10,186.6956024169922,216.9199981689453,218.30999755859372,215.22000122070312,217.3000030517578,172113300,0.0024956525387009876,0.002492543569434398,0.09441374412330861
2016-11-11,186.26524353027344,216.4199981689453,216.6999969482422,215.32000732421875,216.0800018310547,100552700,-0.002305136709955913,-0.002307797627554076,0.09189097082584974
2016-11-14,186.41162109375,216.58999633789065,217.2700042724609,215.72000122070312,217.02999877929688,94580000,0.0007858554859847544,0.0007855468632403285,0.09274903933537049
2016-11-15,187.86607360839844,218.27999877929688,218.27999877929688,216.8000030517578,217.0399932861328,91652600,0.007802370400056491,0.007772089315629608,0.10127507209457098
2016-11-16,187.51321411132807,217.8699951171875,218.13999938964844,217.4199981689453,217.55999755859372,65617700,-0.001878250235888279,-0.0018800163596907088,0.09920660193063147
2016-11-17,188.47715759277344,218.9900054931641,219.05999755859372,217.9199981689453,218.0500030517578,69797200,0.0051406696110123384,0.005127501478387218,0.10485725990540029
2016-11-18,188.055419921875,218.5,219.2700042724609,218.2899932861328,219.07000732421875,86265800,-0.002237606276987991,-0.002240113458668608,0.10238502436546026
2016-11-21,189.4755096435547,220.1499938964844,220.17999267578125,219.0,219.1699981689453,72402600,0.007551442666580144,0.0075230732538878985,0.11070962167345266
2016-11-22,189.84564208984372,220.5800018310547,220.7899932861328,219.72999572753903,220.50999450683597,67429000,0.0019534579797955143,0.0019515524619186197,0.11287934624714624
2016-11-23,189.9489288330078,220.6999969482422,220.75999450683597,219.75,219.97999572753903,56620200,0.0005440564346228527,0.0005439084895786955,0.11348481541643096
2016-11-25,190.65467834472656,221.5200042724609,221.55999755859372,221.00999450683597,221.1000061035156,37872300,0.003715469816306216,0.0037085845078287227,0.11762193463902593
2016-11-28,189.75955200195312,220.47999572753903,221.47999572753903,220.3600006103516,221.16000366210935,76572500,-0.004695013783794666,-0.004706069980580858,0.11237468425082442
2016-11-29,190.12973022460935,220.91000366210935,221.44000244140625,220.1699981689453,220.5200042724609,69886700,0.0019507751717942057,0.0019488748808676622,0.11454467716659344
2016-11-30,189.67355346679688,220.3800048828125,221.82000732421875,220.30999755859372,221.6300048828125,113291800,-0.002399292090056404,-0.002402175003547301,0.11187055893865328
2016-12-01,188.97634887695312,219.57000732421875,220.72999572753903,219.1499938964844,220.72999572753903,79040500,-0.00367581340202916,-0.003682585805266476,0.10778353023678489
2016-12-02,189.0709991455078,219.67999267578125,220.25,219.25999450683597,219.6699981689453,74840300,0.0005008577481635523,0.0005007323607873502,0.10833837220119191
2016-12-05,190.2071228027344,221.0,221.3999938964844,220.4199981689453,220.6499938964844,67837800,0.006008978967484202,0.005990997052710421,0.1149983541686046
2016-12-06,190.8096160888672,221.6999969482422,221.7400054931641,220.66000366210935,221.22000122070312,59877400,0.003167564270227796,0.0031625581073008594,0.11853018311663188
2016-12-07,193.3055419921875,224.6000061035156,224.6699981689453,221.3800048828125,221.5200042724609,110738100,0.013080713406801614,0.012995899690482376,0.13316135587883782
2016-12-08,193.7788543701172,225.1499938964844,225.6999969482422,224.25999450683597,224.57000732421875,99714400,0.0024485194425973855,0.0024455267030588047,0.13593592349030725
2016-12-09,194.94937133789065,226.50999450683597,226.52999877929688,225.3699951171875,225.41000366210935,88005800,0.006040478315233466,0.0060223077619356085,0.14279751980364508
2016-12-12,194.72560119628903,226.25,226.9600067138672,225.75999450683597,226.3999938964844,102016100,-0.0011478372054546382,-0.001148496475117535,0.14148577429211318
2016-12-13,196.0252227783203,227.75999450683597,228.33999633789065,227.0,227.0200042724609,110477500,0.006674117702279991,0.006651944382282813,0.14910418470521702
2016-12-14,194.4071502685547,225.8800048828125,228.22999572753903,225.3699951171875,227.41000366210935,142501800,-0.008254409748053027,-0.008288666028692618,0.13961900792145765
2016-12-15,195.2075653076172,226.80999755859372,227.80999755859372,225.88999938964844,226.16000366210935,124972600,0.004117209876060679,0.004108757360057804,0.14431105855581827
2016-12-16,194.82583618164065,225.0399932861328,226.0800018310547,224.6699981689453,226.00999450683597,156420200,-0.001955503749944243,-0.0019574182436758614,0.14207335398970966
2016-12-19,195.2499847412109,225.52999877929688,226.0200042724609,225.0800018310547,225.25,90341100,0.0021770652593262607,0.0021746988866307307,0.14455972221228297
2016-12-20,196.0032196044922,226.3999938964844,226.57000732421875,225.8800048828125,226.1499938964844,89838800,0.003857797296525467,0.003850375079350319,0.14897520161434552
2016-12-21,195.4578094482422,225.7700042724609,226.4499969482422,225.7700042724609,226.25,67909000,-0.00278265916932674,-0.0027865379625972154,0.1457779952342444
2016-12-22,195.1201171875,225.3800048828125,225.7400054931641,224.9199981689453,225.6000061035156,56219100,-0.0017276989939437604,-0.0017291931871092944,0.1437984357445954
2016-12-23,195.4058532714844,225.7100067138672,225.72000122070312,225.2100067138672,225.42999267578125,36697800,0.001464411195027271,0.0014633399906148435,0.14547342697875454
2016-12-27,195.89068603515625,226.2700042724609,226.72999572753903,226.0,226.0200042724609,42672500,0.0024811578340913076,0.0024780848439918454,0.1483155273458463
2016-12-28,194.2717437744141,224.3999938964844,226.58999633789065,224.2700042724609,226.57000732421875,64095000,-0.008264518816640476,-0.008298859288142502,0.13882525206265606
2016-12-29,194.2284393310547,224.3500061035156,224.88999938964844,223.83999633789065,224.47999572753903,48696100,-0.00022290654584167235,-0.0002229313931982561,0.13857140045940142
2016-12-30,193.5185394287109,223.52999877929688,224.8300018310547,222.72999572753903,224.72999572753903,108998300,-0.003654974033610925,-0.0036616697713481553,0.13440995155531033
2017-01-03,194.99891662597656,225.2400054931641,225.8300018310547,223.8800048828125,225.0399932861328,91366500,0.007649795216705835,0.00762068390274507,0.14308795537650165
2017-01-04,196.15904235839844,226.5800018310547,226.75,225.6100006103516,225.6199951171875,78744400,0.00594939578380882,0.005931768010558725,0.1498886380387412
2017-01-05,196.0032196044922,226.3999938964844,226.5800018310547,225.47999572753903,226.2700042724609,78379000,-0.000794369466902034,-0.0007946851455150462,0.14897520161434574
2017-01-06,196.70448303222656,227.2100067138672,227.75,225.8999938964844,226.52999877929688,71559900,0.0035778158601140753,0.0035714307023632296,0.15308602331355936
2017-01-09,196.05514526367188,226.4600067138672,227.07000732421875,226.4199981689453,226.91000366210935,46939700,-0.0033010827132410325,-0.003306543307341047,0.14927959097511923
2017-01-10,196.05514526367188,226.4600067138672,227.4499969482422,226.00999450683597,226.47999572753903,63771900,0.0,0.0,0.14927959097511923
2017-01-11,196.6092529296875,227.1000061035156,227.1000061035156,225.58999633789065,226.3600006103516,74650000,0.002826284743868479,0.0028222983105724354,0.15252778234953168
2017-01-12,196.11572265625,226.52999877929688,226.75,224.9600067138672,226.5,72113200,-0.0025102087825642494,-0.0025133646389755,0.1496346969881286
2017-01-13,196.56594848632807,227.0500030517578,227.3999938964844,226.69000244140625,226.72999572753903,62717900,0.0022957151215623472,0.0022930839937132168,0.15227393074627704
2017-01-17,195.87335205078125,226.25,226.77999877929688,225.8000030517578,226.30999755859372,61240800,-0.003523481258479455,-0.0035297033384565704,0.14821391514665816
2017-01-18,196.3061981201172,226.75,226.8000030517578,225.8999938964844,226.5399932861328,54793300,0.002209826220892497,0.002207388146082991,0.1507512683635428
2017-01-19,195.57896423339844,225.91000366210935,227.0,225.41000366210935,226.83999633789065,66608800,-0.00370458953249031,-0.0037114685187613437,0.14648820726026335
2017-01-20,196.29751586914065,226.7400054931641,227.30999755859372,225.97000122070312,226.6999969482422,129168600,0.003673971986500213,0.003667239436515957,0.15070037281659032
2017-01-23,195.7867584228516,226.1499938964844,226.80999755859372,225.2700042724609,226.7400054931641,75061600,-0.0026019557304512997,-0.0026053467006429826,0.14770630138750773
2017-01-24,197.04209899902344,227.6000061035156,228.0800018310547,226.2700042724609,226.3999938964844,95555300,0.0064117746587366575,0.00639130667574087,0.15506513556641655
2017-01-25,198.7476501464844,229.57000732421875,229.57000732421875,228.50999450683597,228.6999969482422,84437700,0.008655770295409981,0.008618523892258896,0.16506311405611607
2017-01-26,198.53985595703125,229.3300018310547,229.7100067138672,229.00999450683597,229.3999938964844,59970700,-0.0010455177170648478,-0.0010460646519665155,0.16384501992887168
2017-01-27,198.2281646728516,228.97000122070312,229.58999633789065,228.75999450683597,229.4199981689453,59711100,-0.0015699179526307283,-0.0015711515651023551,0.16201787873800555
2017-01-30,196.9987945556641,227.5500030517578,228.1999969482422,226.41000366210935,228.1699981689453,79737300,-0.006201793368850517,-0.00622110437264963,0.15481128396316235
2017-01-31,196.9815216064453,227.52999877929688,227.6000061035156,226.32000732421875,226.97999572753903,75880800,-8.768048179041976e-05,-8.768432594857e-05,0.1547100295534074
2017-02-01,197.0593719482422,227.6199951171875,228.58999633789065,226.94000244140625,227.52999877929688,79117700,0.0003952164708749262,0.0003951383934164884,0.15516638997617127
2017-02-02,197.18927001953125,227.7700042724609,228.1000061035156,226.82000732421875,227.6199951171875,69657600,0.0006591824078439057,0.0006589652425496208,0.15592785533857612
2017-02-03,198.54844665527344,229.33999633789065,229.5500030517578,228.4600067138672,228.82000732421875,80563200,0.006892751495086724,0.006869105080554623,0.16389537879167348
2017-02-06,198.19351196289065,228.92999267578125,229.3300018310547,228.5399932861328,228.8699951171875,57790100,-0.0017876477925764522,-0.0017892475417012191,0.16181474378698657
2017-02-07,198.20217895507807,228.94000244140625,229.66000366210935,228.72000122070312,229.3800048828125,57931200,4.3729949086523945e-05,4.3728992960174525e-05,0.16186554988658042
2017-02-08,198.4618988037109,229.2400054931641,229.38999938964844,228.30999755859372,228.94000244140625,51566200,0.0013103783722363538,0.0013095205757739912,0.16338803337459828
2017-02-09,199.6393585205078,230.6000061035156,230.9499969482422,229.2400054931641,229.2400054931641,65955200,0.005932925785223198,0.005915395284967951,0.17029032823602663
2017-02-10,200.4271240234375,231.50999450683597,231.7700042724609,230.6199951171875,231.0,66015900,0.003945942868017971,0.003938178055095258,0.17490822701024
2017-02-13,201.5179748535156,232.7700042724609,233.07000732421875,232.0500030517578,232.0800018310547,55182100,0.005442630758651923,0.005427873166398742,0.18130281866515907
2017-02-14,202.32310485839844,233.6999969482422,233.7100067138672,232.16000366210935,232.55999755859372,71109000,0.0039953260023979364,0.003987365882603483,0.18602250853327806
2017-02-15,203.37928771972656,234.9199981689453,235.13999938964844,233.38999938964844,233.4499969482422,86785800,0.005220278040253046,0.005206699623750444,0.1922138757898202
2017-02-16,203.2061462402344,234.72000122070312,235.16000366210935,233.8500061035156,234.9499969482422,84722400,-0.0008513230694895402,-0.000851685650771008,0.19119891661359478
2017-02-17,203.5264434814453,235.08999633789065,235.08999633789065,233.92999267578125,233.9499969482422,77204100,0.001576218274580432,0.0015749773463672198,0.19307650611462157
2017-02-21,204.73851013183597,236.4900054931641,236.69000244140625,235.50999450683597,235.5200042724609,88946100,0.005955327620615236,0.005937664747851927,0.200181667584993
2017-02-22,204.5567321777344,236.27999877929688,236.5399932861328,235.8300018310547,236.0200042724609,62115200,-0.0008878542389729738,-0.0008882486149973676,0.19911608120389013
2017-02-23,204.6952209472656,236.44000244140625,236.8999938964844,235.55999755859372,236.8800048828125,74615900,0.0006770188790994336,0.000676789805203842,0.199927905429097
2017-02-24,204.9549560546875,236.7400054931641,236.7899932861328,235.41000366210935,235.4600067138672,82381600,0.0012688870127008922,0.001268082655928733,0.20145047836447327
2017-02-27,205.27523803710935,237.1100006103516,237.30999755859372,236.3500061035156,236.63999938964844,56515400,0.0015626944992557235,0.0015614747627583905,0.20332797841814165
2017-02-28,204.7211456298828,236.47000122070312,236.9499969482422,236.0200042724609,236.6699981689453,96961900,-0.002699265690907948,-0.002702915277491648,0.20007987649108805
2017-03-01,207.58680725097656,239.77999877929688,240.32000732421875,238.3699951171875,238.38999938964844,149158200,0.01399787800266905,0.013900812467264297,0.21687844819566848
2017-03-02,206.279541015625,238.2700042724609,239.57000732421875,238.2100067138672,239.55999755859372,70246000,-0.006297443718429774,-0.00631735625988204,0.2092152246559862
2017-03-03,206.4093170166016,238.4199981689453,238.6100006103516,237.72999572753903,238.1699981689453,81974300,0.0006291268651152926,0.0006289290477728757,0.20997597443952376
2017-03-06,205.79470825195312,237.7100067138672,238.1199951171875,237.00999450683597,237.5,55391500,-0.0029776212311144468,-0.0029820631650016418,0.2063731242888942
2017-03-07,205.18002319335935,237.0,237.7700042724609,236.75999450683597,237.3600006103516,65103700,-0.002986884666836165,-0.0029913543092658077,0.20276982690147238
2017-03-08,204.7991180419922,236.55999755859372,237.63999938964844,236.3999938964844,237.33999633789065,78168800,-0.001856443650989359,-0.0018581689781497787,0.20053695249271963
2017-03-09,205.0588531494141,236.8600006103516,237.2400054931641,235.7400054931641,236.6999969482422,90683900,0.0012682432908166508,0.0012674397496130394,0.2020595254280959
2017-03-10,205.77737426757807,237.69000244140625,238.0200042724609,236.58999633789065,237.97000122070312,81991700,0.003503975113137159,0.003497850495176531,0.2062715120897054
2017-03-13,205.88128662109372,237.80999755859372,237.8600006103516,237.2400054931641,237.6199951171875,57256800,0.0005049746304008895,0.0005048471736187045,0.206880648600686
2017-03-14,205.0934295654297,236.8999938964844,237.2400054931641,236.19000244140625,237.17999267578125,59880800,-0.0038267540901568697,-0.003834094847088897,0.20226221314232218
2017-03-15,206.86822509765625,238.9499969482422,239.44000244140625,237.2899932861328,237.55999755859372,96081800,0.008653595271126635,0.00861636753060166,0.2126661037446249
2017-03-16,206.46131896972656,238.47999572753903,239.1999969482422,238.1000061035156,239.1100006103516,78344000,-0.0019669822551897642,-0.001968919305298138,0.21028081103708907
2017-03-17,206.0987548828125,237.02999877929688,237.97000122070312,237.02999877929688,237.75,89002100,-0.0017560872357268442,-0.0017576309644628646,0.20815545235318167
2017-03-20,205.8726348876953,236.7700042724609,237.3600006103516,236.32000732421875,237.02999877929688,52537000,-0.0010971439164965124,-0.0010977462194655925,0.20682993194845034
2017-03-21,203.22938537597656,233.72999572753903,237.6100006103516,233.5800018310547,237.47000122070312,131809300,-0.012839246523272285,-0.012922382013573881,0.1913351449405003
2017-03-22,203.7075958251953,234.27999877929688,234.6100006103516,233.0500030517578,233.7700042724609,97569200,0.0023530575971286716,0.0023502934923170012,0.19413842515402902
2017-03-23,203.4902191162109,234.02999877929688,235.33999633789065,233.6000061035156,234.27999877929688,100410300,-0.0010671016370491504,-0.001067671395363798,0.1928641580856838
2017-03-24,203.3424072265625,233.8600006103516,235.0399932861328,232.9600067138672,234.3800048828125,112504900,-0.0007263832644653911,-0.0007266472086129866,0.19199768152446972
2017-03-27,203.1336975097656,233.6199951171875,233.9199981689453,231.6100006103516,231.92999267578125,87454500,-0.0010263954265298247,-0.0010269225310249209,0.1907742205557188
2017-03-28,204.61187744140625,235.32000732421875,235.80999755859372,233.13999938964844,233.2700042724609,93483900,0.007276881924376921,0.007250533166425657,0.1994393439572948
2017-03-29,204.80319213867188,235.5399932861328,235.80999755859372,234.72999572753903,234.9900054931641,61950400,0.0009350126671918702,0.0009345758151348964,0.20056083493742327
2017-03-30,205.4552764892578,236.2899932861328,236.5200042724609,235.2700042724609,235.47000122070312,56737900,0.00318395599100052,0.003178897936695216,0.2043833678003828
2017-03-31,204.97708129882807,235.7400054931641,236.50999450683597,235.67999267578125,235.8999938964844,73733100,-0.0023274904329592117,-0.00233020324900335,0.20158017703421227
2017-04-03,204.62057495117188,235.3300018310547,236.02999877929688,233.91000366210935,235.8000030517578,85546500,-0.001739249800012832,-0.0017407640509747566,0.19949032895160612
2017-04-04,204.75100708007807,235.47999572753903,235.5800018310547,234.55999755859372,235.0,56466200,0.0006374340847068449,0.000637231009893961,0.20025492497155617
2017-04-05,204.14236450195312,234.77999877929688,237.38999938964844,234.5399932861328,236.25999450683597,108800600,-0.002972598703199103,-0.002977025649924973,0.1966870487380774
2017-04-06,204.7162933349609,235.44000244140625,236.0399932861328,234.42999267578125,234.94000244140625,69135800,0.0028114146439324195,0.002807470009388357,0.200051432231104
2017-04-07,204.507568359375,235.1999969482422,236.0,234.63999938964844,235.1499938964844,74412300,-0.0010195816472916563,-0.0010201017742307126,0.1988278818149951
2017-04-10,204.6293029785156,235.33999633789065,236.25999450683597,234.72999572753903,235.3600006103516,67615300,0.0005952572812693013,0.0005950801859285582,0.19954149284063405
2017-04-11,204.3858337402344,235.05999755859372,235.17999267578125,233.33999633789065,234.8999938964844,88045300,-0.0011898063216623234,-0.0011905147031507864,0.19811427078935595
2017-04-12,203.4902191162109,234.02999877929688,234.9600067138672,233.7700042724609,234.7400054931641,81864400,-0.004381979942708614,-0.004391608956544051,0.19286415808568402
2017-04-13,202.1685791015625,232.50999450683597,234.4900054931641,232.50999450683597,233.63999938964844,92880400,-0.0064948576908929745,-0.0065160410508604836,0.1851166751343507
2017-04-17,203.95977783203125,234.57000732421875,234.57000732421875,232.8800048828125,233.1100006103516,68405400,0.008859926396222573,0.00882090754840017,0.19561672164697708
2017-04-18,203.3511199951172,233.8699951171875,234.4900054931641,233.0800018310547,233.72000122070312,83225800,-0.00298420523587406,-0.0029886668547875516,0.19204875596613968
2017-04-19,202.97720336914065,233.44000244140625,234.9499969482422,233.17999267578125,234.5200042724609,68699900,-0.0018387733787033067,-0.0018404659976858217,0.18985684844755268
2017-04-20,204.6293029785156,235.33999633789065,235.8500061035156,233.77999877929688,234.1499938964844,92572200,0.008139335757673116,0.008106390014628536,0.19954149284063405
2017-04-21,203.97711181640625,234.58999633789065,235.30999755859372,234.1300048828125,235.25,110389800,-0.0031871836174793833,-0.0031922735049998863,0.19571833384616566
2017-04-24,206.2204742431641,237.1699981689453,237.41000366210935,234.55999755859372,237.17999267578125,119209900,0.010998108595522416,0.010938069211186164,0.20886897393146286
2017-04-25,207.42044067382807,238.5500030517578,238.9499969482422,237.80999755859372,237.91000366210935,76698300,0.0058188520566053725,0.005801987925276228,0.21590320364659044
2017-04-26,207.2899475097656,238.3999938964844,239.52999877929688,238.3500061035156,238.50999450683597,84702500,-0.0006291239360911582,-0.0006293219175955967,0.21513824983720653
2017-04-27,207.46388244628903,238.6000061035156,238.9499969482422,237.97999572753903,238.7700042724609,57410300,0.0008390900697934356,0.0008387382305236248,0.2161578602760712
2017-04-28,207.01168823242188,238.0800018310547,238.92999267578125,237.92999267578125,238.8999938964844,63532800,-0.002179628610701534,-0.0021820074584401414,0.213507087808684
2017-05-01,207.5334625244141,238.67999267578125,239.1699981689453,238.1999969482422,238.67999267578125,66882500,0.0025205064334647975,0.0025173352846072313,0.21656574023056097
2017-05-02,207.61170959472656,238.7700042724609,238.97999572753903,238.3000030517578,238.83999633789065,57375700,0.0003770335123824964,0.00037696245310835737,0.21702442628464436
2017-05-03,207.3595123291016,238.47999572753903,238.8800048828125,237.6999969482422,238.7700042724609,73137700,-0.001214754534401119,-0.0012154929467442783,0.2155460403443381
2017-05-04,207.60299682617188,238.75999450683597,238.9199981689453,237.77999877929688,238.8300018310547,61462700,0.0011742142636015362,0.0011735254132190112,0.21697335184297484
2017-05-05,208.4203338623047,239.6999969482422,239.72000122070312,238.67999267578125,239.19000244140625,62001300,0.00393701944879532,0.003929289669277777,0.22176459959784633
2017-05-08,208.385498046875,239.66000366210935,239.9199981689453,239.1699981689453,239.75,48385700,-0.00016714211509083476,-0.00016715608489080292,0.22156039127852645
2017-05-09,208.1942443847656,239.44000244140625,240.19000244140625,239.0399932861328,239.9600067138672,51363200,-0.0009177877726711525,-0.0009182091977412332,0.2204392580878316
2017-05-10,208.5681304931641,239.8699951171875,239.8699951171875,239.1499938964844,239.38999938964844,54293800,0.0017958522796985843,0.0017942416649891,0.22263098671170223
2017-05-11,208.14210510253903,239.3800048828125,239.57000732421875,238.1300048828125,239.3500061035156,62358300,-0.0020426197886402875,-0.002044708781604416,0.22013361646404017
2017-05-12,207.7942352294922,238.97999572753903,239.42999267578125,238.6699981689453,239.08999633789065,53912700,-0.001671309478086913,-0.0016727076738684277,0.21809439558631127
2017-05-15,208.9420318603516,240.3000030517578,240.44000244140625,239.4499969482422,239.47000122070312,61918900,0.005523717390868654,0.005508517611130791,0.22482280478293104
2017-05-16,208.75070190429688,240.0800018310547,240.6699981689453,239.6300048828125,240.63999938964844,51241800,-0.0009157083156087209,-0.0009161278325913706,0.22370122435544415
2017-05-17,205.0466461181641,235.82000732421875,240.0800018310547,235.75,240.0800018310547,172174100,-0.017743920151372383,-0.017903230846635938,0.20198796754134452
2017-05-18,205.8726348876953,236.7700042724609,237.75,235.42999267578125,235.72999572753903,107047700,0.004028296903014095,0.004020205038719999,0.20682993194845145
2017-05-19,207.211669921875,238.30999755859372,239.0800018310547,237.2700042724609,237.3300018310547,115011400,0.006504191462406439,0.0064831304828844956,0.2146793848884072
2017-05-22,208.2638092041016,239.5200042724609,239.7100067138672,238.82000732421875,238.8999938964844,61010600,0.0050776063077107025,0.005064758736389708,0.22084704859496274
2017-05-23,208.72463989257807,240.0500030517578,240.2400054931641,239.50999450683597,239.9499969482422,48341700,0.00221272572626785,0.0022102812539983242,0.22354844826722697
2017-05-24,209.2115631103516,240.6100006103516,240.72999572753903,239.92999267578125,240.32000732421875,46927700,0.002332849720206198,0.002330132850842547,0.22640280292242587
2017-05-25,210.2115020751953,241.75999450683597,242.0800018310547,240.9600067138672,241.1999969482422,64071700,0.004779558787179949,0.004768172961149857,0.2322644672157559
2017-05-26,210.16802978515625,241.7100067138672,241.8999938964844,241.4499969482422,241.5399932861328,46629900,-0.00020680262311956188,-0.00020682400973061544,0.23200963169155875
2017-05-30,209.9854278564453,241.5,241.7899932861328,241.16000366210935,241.33999633789065,35201900,-0.0008688378003904873,-0.0008692154587172464,0.2309392151531
2017-05-31,209.9332427978516,241.44000244140625,241.8800048828125,240.63999938964844,241.83999633789065,91796000,-0.00024851752393695303,-0.00024854840953398563,0.23063330518723335
2017-06-01,211.6027069091797,243.3600006103516,243.3800048828125,241.63999938964844,241.97000122070312,68962000,0.007952357087798845,0.007920903738310956,0.24041974067422034
2017-06-02,212.3070373535156,244.1699981689453,244.3500061035156,243.0800018310547,243.4199981689453,88666100,0.0033285512015599483,0.0033230238370236804,0.24454854129248016
2017-06-05,212.1505126953125,243.9900054931641,244.3000030517578,243.75999450683597,243.97000122070312,44698800,-0.000737256099252459,-0.000737528006181977,0.24363099028959656
2017-06-06,211.47227478027344,243.2100067138672,243.97999572753903,243.1199951171875,243.33999633789065,50375400,-0.0031969657127962625,-0.0032020869254877618,0.23965514465426985
2017-06-07,211.86358642578125,243.66000366210935,243.9199981689453,242.8300018310547,243.6000061035156,54144300,0.0018504158330656661,0.0018487059227265332,0.2419490221614795
2017-06-08,211.9679107666016,243.77999877929688,244.3300018310547,243.1699981689453,243.7700042724609,65950700,0.000492412795328967,0.0004922915999322757,0.24256057375113804
2017-06-09,211.6461639404297,243.41000366210935,245.00999450683597,241.9499969482422,244.08999633789065,132256400,-0.0015179034647663237,-0.0015190566473247615,0.24067448675105907
2017-06-12,211.6027069091797,243.3600006103516,243.4199981689453,242.3800048828125,243.1300048828125,86108100,-0.00020532869786493713,-0.00020534978068800905,0.24041974067422012
2017-06-13,212.63739013671875,244.5500030517578,244.6100006103516,243.5800018310547,243.97999572753903,60067000,0.004889744761077841,0.004877828787423123,0.24648507660271934
2017-06-14,212.36788940429688,244.2400054931641,244.8699951171875,243.2899932861328,244.8600006103516,78602300,-0.0012674193012273127,-0.0012682231563559976,0.24490525735794133
2017-06-15,211.95925903320312,243.7700042724609,243.91000366210935,242.3600006103516,242.67999267578125,66464900,-0.0019241626982308135,-0.0019260162773823387,0.24250985709890172
2017-06-16,212.0055084228516,242.63999938964844,242.8300018310547,241.6300048828125,242.7700042724609,84553100,0.00021819943068024372,0.0002181756286467996,0.24278097204233529
2017-06-19,213.77047729492188,244.66000366210935,244.72999572753903,243.47999572753903,243.58999633789065,65123800,0.008325108555905958,0.00829064597736798,0.253127258545802
2017-06-20,212.3287811279297,243.00999450683597,244.25999450683597,242.9900054931641,244.25,56906400,-0.006744131300241207,-0.006766975722192371,0.24467600377825782
2017-06-21,212.2763519287109,242.9499969482422,243.58999633789065,242.41000366210935,243.4600067138672,55977600,-0.0002469245993890201,-0.00024695509028731705,0.24436866265465573
2017-06-22,212.18023681640625,242.83999633789065,243.52999877929688,242.63999938964844,242.9600067138672,44148100,-0.00045278294747097547,-0.00045288548462228624,0.24380523374383833
2017-06-23,212.4336700439453,243.1300048828125,243.50999450683597,242.47000122070312,242.91000366210935,66986800,0.0011944242844745823,0.0011937115272887828,0.2452908649201786
2017-06-26,212.57342529296875,243.2899932861328,244.3800048828125,243.0500030517578,243.8999938964844,56700500,0.0006578771105094638,0.0006576608042266334,0.24611011327613608
2017-06-27,210.8609313964844,241.3300018310547,243.3800048828125,241.30999755859372,243.0399932861328,82247700,-0.008056011207065006,-0.008088636201702174,0.23607143623834648
2017-06-28,212.74822998046875,243.4900054931641,243.72000122070312,242.22999572753903,242.5,70042600,0.008950442225049482,0.008910624431904412,0.24713482221443184
2017-06-29,210.87838745117188,241.3500061035156,243.72000122070312,239.9600067138672,243.66000366210935,106949700,-0.008788992178541455,-0.008827843178569333,0.23617376401640255
2017-06-30,211.27154541015625,241.8000030517578,242.7100067138672,241.5800018310547,242.27999877929688,86820700,0.001864382423141464,0.0018626466193647762,0.23847846465398326
2017-07-03,211.6298370361328,242.2100067138672,243.3800048828125,242.2100067138672,242.8800048828125,39153800,0.001695882071014232,0.0016944456867444288,0.24057877807752726
2017-07-05,212.119140625,242.7700042724609,243.00999450683597,241.6999969482422,242.6300048828125,54427600,0.002312072795215725,0.0023094040676472204,0.24344708652064218
2017-07-06,210.1793975830078,240.5500030517578,242.02999877929688,240.33999633789065,241.88999938964844,65400800,-0.009144592214907266,-0.009186660660547888,0.23207626997359632
2017-07-07,211.5424346923828,242.1100006103516,242.27999877929688,240.55999755859372,241.2100067138672,57972300,0.006485112837173679,0.006464174967132295,0.24006642360837915
2017-07-10,211.76956176757807,242.3699951171875,242.8000030517578,241.75999450683597,242.1100006103516,36663300,0.00107367146230275,0.001073095489331897,0.24139784753876725
2017-07-11,211.61231994628903,242.19000244140625,242.5500030517578,240.8500061035156,242.3699951171875,50354600,-0.0007425137964898187,-0.0007427895963907461,0.24047609251003688
2017-07-12,213.2025604248047,244.00999450683597,244.1999969482422,243.3000030517578,243.3000030517578,59610400,0.007514876633455403,0.007486780618972085,0.24979811731200052
2017-07-13,213.560791015625,244.4199981689453,244.5500030517578,243.75999450683597,244.0200042724609,39471600,0.0016802358757161961,0.0016788258586370739,0.25189807294611066
2017-07-14,214.55685424804688,245.55999755859372,245.97000122070312,244.30999755859372,244.4199981689453,60262700,0.00466407353000009,0.004653230441290432,0.2577370176103968
2017-07-17,214.53065490722656,245.52999877929688,245.91000366210935,245.3300018310547,245.47000122070312,33531900,-0.0001221090834507832,-0.0001221165393718771,0.25758343649595417
2017-07-18,214.6442108154297,245.66000366210935,245.72000122070312,244.6699981689453,245.05999755859372,42742500,0.0005293225262013035,0.0005291824844489216,0.258249103737469
2017-07-19,215.8062896728516,246.9900054931641,247.0,246.00999450683597,246.0200042724609,51034300,0.0054139771718380025,0.005399374280199841,0.26506123566158935
2017-07-20,215.90240478515625,247.1000061035156,247.4199981689453,246.47000122070312,247.27999877929688,47135200,0.00044537678883393994,0.00044527763803047584,0.2656246645724065
2017-07-21,215.71017456054688,246.8800048828125,246.91000366210935,246.17999267578125,246.44000244140625,82340800,-0.0008903570333117505,-0.0008907536365649401,0.2644978067507717
2017-07-24,215.6577911376953,246.82000732421875,246.97999572753903,246.27999877929688,246.7899932861328,46622300,-0.00024284168773347492,-0.00024287117855062204,0.2641907339692451
2017-07-25,216.1820068359375,247.4199981689453,247.8000030517578,247.16000366210935,247.67999267578125,54915600,0.0024307756073949083,0.0024278260512073445,0.26726369796847216
2017-07-26,216.1907958984375,247.42999267578125,247.7899932861328,247.1300048828125,247.75,47575400,4.065584656487431e-05,4.065502013834366e-05,0.26731521964693394
2017-07-27,215.9897308349609,247.1999969482422,248.0,245.67999267578125,247.9600067138672,70766600,-0.0009300352618667462,-0.0009304680129975837,0.2661365718047619
2017-07-28,215.7364044189453,246.91000366210935,247.05999755859372,246.1300048828125,246.6499938964844,50088400,-0.00117286324232313,-0.0011735515846893372,0.2646515667599312
2017-07-31,215.61410522460935,246.7700042724609,247.47999572753903,246.52999877929688,247.3699951171875,65838700,-0.0005668917801117113,-0.0005670525240093574,0.26393464618202955
2017-08-01,216.09466552734372,247.32000732421875,247.5,246.72000122070312,247.4600067138672,55050400,0.002228798075310401,0.002226317989270514,0.26675170128875814
2017-08-02,216.199462890625,247.44000244140625,247.6000061035156,246.3699951171875,247.47000122070312,47211200,0.00048496043632328956,0.00048484288101580337,0.26736602574652846
2017-08-03,215.7800750732422,246.9600067138672,247.33999633789065,246.63999938964844,247.30999755859372,40856000,-0.0019398189605817073,-0.0019417028460403456,0.2649075650997883
2017-08-04,216.17330932617188,247.41000366210935,247.7899932861328,246.97000122070312,247.5200042724609,60191800,0.0018223844476661366,0.0018207259198064648,0.2672127129741615
2017-08-07,216.57522583007807,247.8699951171875,247.8699951171875,247.3699951171875,247.4900054931641,31995000,0.0018592327848381274,0.0018575065508800181,0.2695687563954867
2017-08-08,216.04220581054688,247.25999450683597,248.91000366210935,246.8300018310547,247.50999450683597,61719400,-0.0024611310803821507,-0.002464164641829968,0.2664441812704397
2017-08-09,216.0334930419922,247.25,247.30999755859372,246.05999755859372,246.47000122070312,62632600,-4.0329011278150695e-05,-4.0329824514590785e-05,0.26639310682877015
2017-08-10,212.984130859375,243.75999450683597,246.44000244140625,243.6999969482422,246.2899932861328,120479500,-0.014115228799380874,-0.014215796116831271,0.2485176783759233
2017-08-11,213.29867553710935,244.1199951171875,244.8000030517578,243.75,244.0200042724609,74869900,0.0014768456056570844,0.0014757561417004074,0.2503615462228179
2017-08-14,215.41310119628903,246.5399932861328,246.7899932861328,245.5500030517578,245.58999633789065,73291900,0.009912980724588794,0.009864169442953446,0.2627563561292918
2017-08-15,215.38693237304688,246.50999450683597,247.0,246.16000366210935,246.97999572753903,55242700,-0.00012148204123529904,-0.0001214894207761309,0.26260295390956645
2017-08-16,215.76255798339844,246.94000244140625,247.57000732421875,246.4499969482422,247.1100006103516,56715500,0.0017439572875339593,0.0017424383597306537,0.26480487953229903
2017-08-17,212.39874267578125,243.08999633789065,246.6000061035156,243.08999633789065,246.2400054931641,128490400,-0.01559035700659428,-0.01571316470520418,0.24508611991670803
2017-08-18,212.0666961669922,242.7100067138672,244.19000244140625,242.1999969482422,242.8999938964844,136748000,-0.0015633167343929166,-0.0015645399890548153,0.2431396559496819
2017-08-21,212.2326812744141,242.8999938964844,243.1999969482422,241.8300018310547,242.63999938964844,65469700,0.0007827023781763476,0.0007823962264100078,0.24411266431479905
2017-08-22,214.45204162597656,245.44000244140625,245.6199951171875,243.5500030517578,243.57000732421875,63140100,0.01045720356655555,0.010402905224505743,0.25712260370526874
2017-08-23,213.68307495117188,244.55999755859372,245.0500030517578,244.16000366210935,244.3300018310547,50203800,-0.003585727927672644,-0.0035921720592719357,0.2526149040766541
2017-08-24,213.18508911132807,243.9900054931641,245.17999267578125,243.75,245.0,50741700,-0.002330487990017893,-0.0023332078036373614,0.24969570008658604
2017-08-25,213.68307495117188,244.55999755859372,245.6100006103516,244.38999938964844,244.8999938964844,64445900,0.0023359318511424476,0.0023332078036373285,0.2526149040766541
2017-08-28,213.6918487548828,244.57000732421875,245.1999969482422,244.08999633789065,245.1699981689453,40565600,4.1059890742101146e-05,4.105904780786105e-05,0.2526663363077575
2017-08-29,213.9365234375,244.8500061035156,245.1499938964844,242.92999267578125,243.05999755859372,51135700,0.001144988374815581,0.0011443333755563644,0.2541006247003528
2017-08-30,214.9500274658203,246.00999450683597,246.32000732421875,244.6199951171875,244.8300018310547,62030800,0.004737405338908429,0.00472621914933316,0.2600418076953366
2017-08-31,216.24317932128903,247.4900054931641,247.7700042724609,246.0500030517578,246.72000122070312,103803900,0.006016058107619182,0.005998033883768249,0.26762229242846125
2017-09-01,216.54898071289065,247.83999633789065,248.3300018310547,247.6699981689453,247.9199981689453,62007000,0.0014141550848514317,0.0014131561092428128,0.26941490693896997
2017-09-05,214.9937286376953,246.05999755859372,247.5200042724609,244.9499969482422,247.25999450683597,91398800,-0.007181987511903132,-0.007207902137773552,0.2602979849299105
2017-09-06,215.7276763916016,246.8999938964844,247.27999877929688,246.22999572753903,246.83999633789065,57916900,0.0034138100611442734,0.0034079962393424087,0.26460040287090414
2017-09-07,215.7014617919922,246.8699951171875,247.2700042724609,246.3999938964844,247.25,58034700,-0.00012151709065744143,-0.00012152447445728033,0.2644467323091031
2017-09-08,215.4480743408203,246.5800018310547,247.1100006103516,246.3000030517578,246.5399932861328,63832800,-0.001174713648515846,-0.0011754041654199094,0.2629613694748383
2017-09-11,217.74603271484372,249.2100067138672,249.3000030517578,248.0200042724609,248.0399932861328,71364800,0.010665949932735286,0.0106094699423069,0.27643205220863565
2017-09-12,218.4799346923828,250.0500030517578,250.08999633789065,249.4199981689453,249.6300048828125,56896000,0.0033704493642838784,0.003364782130338427,0.2807342018075538
2017-09-13,218.5848388671875,250.1699981689453,250.2100067138672,249.58999633789065,249.72000122070312,59228000,0.00048015473344209525,0.0004800394960444508,0.281349152396833
2017-09-14,218.514892578125,250.08999633789065,250.32000732421875,249.6000061035156,249.8000030517578,95446300,-0.00031999606846022655,-0.0003200472781270276,0.2809391257057412
2017-09-15,218.80909729003903,249.19000244140625,249.2899932861328,248.57000732421875,248.69000244140625,95432400,0.0013463828869644257,0.0013454773262550998,0.28266376022383466
2017-09-18,219.2744598388672,249.72000122070312,250.1199951171875,249.27999877929688,249.6100006103516,46235200,0.002126797078328524,0.0021245386470055395,0.2853917257615566
2017-09-19,219.49395751953125,249.97000122070312,250.07000732421875,249.6000061035156,250.0,47108100,0.001001017997378062,0.0010005173129640733,0.28667842601272464
2017-09-20,219.57302856445312,250.05999755859372,250.19000244140625,248.9199981689453,250.07000732421875,59574100,0.0003602424677902061,0.0003601775960516421,0.2871419422241639
2017-09-21,218.98472595214844,249.38999938964844,249.97999572753903,249.19000244140625,249.8800048828125,48211400,-0.0026793027183299456,-0.0026828984740396283,0.2836932993194863
2017-09-22,219.0286102294922,249.44000244140625,249.6300048828125,249.0200042724609,249.0500030517578,51214000,0.00020039880477029648,0.00020037872761206736,0.2839505499223616
2017-09-25,218.5807647705078,248.92999267578125,249.5500030517578,248.0800018310547,249.1499938964844,57064400,-0.002044689314857684,-0.0020467825458796132,0.2813252699521296
2017-09-26,218.71250915527344,249.0800018310547,249.6999969482422,248.80999755859372,249.4199981689453,54082000,0.000602726341926596,0.0006025447753579426,0.2820975584449059
2017-09-27,219.5642242431641,250.0500030517578,250.4900054931641,248.8699951171875,249.8800048828125,81001400,0.0038942221054487636,0.0038866592504783275,0.2870903310983439
2017-09-28,219.82769775390625,250.3500061035156,250.44000244140625,249.6300048828125,249.72999572753903,44778800,0.0011999837935818825,0.0011992643884882412,0.28863481863653795
2017-09-29,220.60031127929688,251.22999572753903,251.32000732421875,250.1300048828125,250.33999633789065,85578000,0.0035146322928585327,0.003508470406404208,0.2931638961838199
2017-10-02,221.55751037597656,252.32000732421875,252.32000732421875,251.2899932861328,251.4900054931641,59023000,0.004339065031815803,0.004329678432056372,0.2987750184261577
2017-10-03,222.03163146972656,252.8600006103516,252.88999938964844,252.22999572753903,252.32000732421875,66810200,0.0021399459352355876,0.0021376595122327715,0.3015543267476244
2017-10-04,222.29502868652344,253.16000366210935,253.44000244140625,252.55999755859372,252.69000244140625,55953600,0.0011863049199491993,0.0011856018162762787,0.3030983670490264
2017-10-05,223.61219787597656,254.66000366210935,254.67999267578125,253.1999969482422,253.5399932861328,63522800,0.005925320045328419,0.005907834374639823,0.31081964192433675
2017-10-06,223.3574981689453,254.3699951171875,254.6999969482422,253.8500061035156,254.1499938964844,80646000,-0.0011390242099964532,-0.0011396733910740606,0.3093265866172461
2017-10-09,222.98870849609372,253.9499969482422,254.6999969482422,253.6499938964844,254.6300048828125,35803100,-0.001651118390360251,-0.0016524829886121143,0.30716473341109474
2017-10-10,223.5771026611328,254.6199951171875,255.0500030517578,253.97999572753903,254.6000061035156,43057400,0.002638672464661651,0.002635197280380135,0.31061391299992347
2017-10-11,223.92828369140625,255.0200042724609,255.0200042724609,254.32000732421875,254.50999450683597,47674300,0.001570737906938957,0.0015695055884169839,0.312672543954434
2017-10-12,223.5946044921875,254.63999938964844,255.05999755859372,254.3699951171875,254.66000366210935,47065100,-0.0014901163609979395,-0.0014912276885246834,0.3107165091200548
2017-10-13,223.8668365478516,254.9499969482422,255.2700042724609,254.63999938964844,255.13999938964844,54800400,0.0012175251557717814,0.0012167845730770698,0.31231233944199377
2017-10-16,224.1653594970703,255.2899932861328,255.50999450683597,254.82000732421875,255.2100067138672,38221700,0.0013334844670256363,0.001332596166216267,0.31406228756252563
2017-10-17,224.32347106933597,255.47000122070312,255.5200042724609,254.97999572753903,255.22999572753903,31561000,0.0007053345468737149,0.0007050859153675994,0.3149891410906873
2017-10-18,224.54290771484372,255.72000122070312,255.9499969482422,255.5,255.8999938964844,40888300,0.0009782152730684057,0.0009777371322991703,0.3162754835524213
2017-10-19,224.60438537597656,255.7899932861328,255.8300018310547,254.3500061035156,254.8300018310547,61903800,0.0002737902602156783,0.0002737527865021863,0.31663586695957857
2017-10-20,225.76348876953125,257.1099853515625,257.1400146484375,255.7700042724609,256.70001220703125,89176400,0.005160644533339864,0.005147374043945069,0.3234305566488027
2017-10-23,224.8853912353516,256.1099853515625,257.510009765625,256.0199890136719,257.4800109863281,63915300,-0.0038894576752225296,-0.003897041286202299,0.31828312951262094
2017-10-24,225.28054809570312,256.5599975585937,256.8299865722656,256.1499938964844,256.6000061035156,66935900,0.0017571477550446524,0.0017556057769860622,0.3205995477541572
2017-10-25,224.1653594970703,255.2899932861328,256.3099975585937,254.0,256.17999267578125,103715300,-0.004950221437489799,-0.004962514368897856,0.3140622875625252
2017-10-26,224.4551239013672,255.6199951171875,256.29998779296875,255.47999572753903,255.9900054931641,69798000,0.0012926368505239427,0.0012918021147729707,0.3157608928993123
2017-10-27,226.29034423828125,257.7099914550781,257.8900146484375,255.6300048828125,256.4700012207031,85562500,0.008176335229132636,0.008143090092891148,0.3265189950410399
2017-10-30,225.4473571777344,256.75,257.6000061035156,256.4100036621094,256.4700012207031,54285700,-0.0037252453850138423,-0.00373220139219912,0.32157738627663
2017-10-31,225.798583984375,257.1499938964844,257.44000244140625,256.8099975585937,257.17999267578125,60304800,0.0015579105075234079,0.0015566982238716485,0.3236362855732158
2017-11-01,226.09716796875,257.489990234375,258.42999267578125,257.07000732421875,258.0400085449219,54202700,0.0013223465759009123,0.0013214730456558674,0.3253865914831817
2017-11-02,226.1849365234375,257.5899963378906,257.75,256.19000244140625,257.4100036621094,56449500,0.00038818953583552585,0.0003881142097708893,0.3259010926889323
2017-11-03,226.94012451171875,258.45001220703125,258.5,257.29998779296875,257.7699890136719,59589700,0.003338807614197581,0.003333246171674875,0.330328021352875
2017-11-06,227.29136657714844,258.8500061035156,259.0,258.2200012207031,258.29998779296875,49652600,0.0015477301168553836,0.0015465336170115344,0.33238701009681937
2017-11-07,227.1332855224609,258.6700134277344,259.3500061035156,258.0899963378906,258.9700012207031,57502200,-0.0006954996006585112,-0.0006957415727065828,0.3314603354633745
2017-11-08,227.5196228027344,259.1099853515625,259.2200012207031,258.1499938964844,258.4700012207031,50469600,0.0017009276266348738,0.001699482687498577,0.3337250531317326
2017-11-09,226.6942901611328,258.1700134277344,258.3900146484375,256.3599853515625,257.7300109863281,95085500,-0.0036275228986168973,-0.003634118314652961,0.32888693496103816
2017-11-10,226.62399291992188,258.0899963378906,258.2900085449219,257.3699951171875,257.7300109863281,59984700,-0.00031009709667129126,-0.00031014518671795274,0.3284748509807023
2017-11-13,226.834716796875,258.3299865722656,258.5899963378906,257.2699890136719,257.3099975585937,50228600,0.000929839220631834,0.0009294071879369425,0.3297101190007672
2017-11-14,226.30792236328125,257.7300109863281,257.8500061035156,256.5199890136719,257.4100036621094,61315200,-0.002322371288807079,-0.0023250721754599756,0.32662203839796367
2017-11-15,225.1751708984375,256.44000244140625,257.2200012207031,255.6300048828125,256.6199951171875,80811500,-0.005005354885567859,-0.005017923632566752,0.31998182429676647
2017-11-16,227.0893402099609,258.6199951171875,259.0400085449219,257.4700012207031,257.5199890136719,67777000,0.008500800971465772,0.008464872632404767,0.3312027270710656
2017-11-17,226.4220428466797,257.8599853515625,258.5899963378906,257.7699890136719,258.2200012207031,75756800,-0.0029384794665582303,-0.0029428052736211055,0.327291015191741
2017-11-20,226.8083953857422,258.29998779296875,258.5199890136719,257.8599853515625,258.1400146484375,48075500,0.0017063380146433715,0.0017048838738687173,0.3295558223074573
2017-11-21,228.2923583984375,259.989990234375,260.20001220703125,258.260009765625,259.17999267578125,69176800,0.006542804600206509,0.006521493360532489,0.3382548462578818
2017-11-22,228.0904083251953,259.760009765625,260.1499938964844,259.57000732421875,260.0,45033400,-0.0008846116210763366,-0.0008850031208369284,0.3370710104689203
2017-11-24,228.61720275878903,260.3599853515625,260.4800109863281,260.1600036621094,260.32000732421875,27856500,0.0023095860867707874,0.002306923092313126,0.3401590910717238
2017-11-27,228.5031280517578,260.2300109863281,260.75,260.0,260.4100036621094,52274900,-0.0004989769171114267,-0.0004991014475202543,0.33949038262002196
2017-11-28,230.8211669921875,262.8699951171875,262.8999938964844,260.6499938964844,260.760009765625,98971700,0.010144451676410426,0.010093342088366387,0.3530787780775273
2017-11-29,230.6807861328125,262.7099914550781,263.6300048828125,262.20001220703125,263.0199890136719,77512100,-0.000608180182105067,-0.0006083651986914369,0.3522558623798737
2017-11-30,232.7003631591797,265.010009765625,266.04998779296875,263.6700134277344,263.760009765625,127894400,0.008754855834436137,0.008716754304870447,0.3640946675062806
2017-12-01,232.2173767089844,264.4599914550781,265.3099975585937,260.760009765625,264.760009765625,164390900,-0.0020755723954968275,-0.0020777293810512287,0.3612633902695601
2017-12-04,231.93641662597656,264.1400146484375,266.79998779296875,264.0799865722656,266.3099975585937,94040600,-0.001209901201148833,-0.0012106337225190388,0.35961639605859297
2017-12-05,231.1022186279297,263.19000244140625,265.1499938964844,263.0400085449219,263.19000244140625,77994500,-0.0035966667510954897,-0.0036031503077516226,0.3547263089726447
2017-12-06,231.14610290527344,263.239990234375,263.7300109863281,262.7099914550781,263.29998779296875,75898600,0.0001898911988136298,0.00018987317176201923,0.35498355957551975
2017-12-07,231.87489318847656,264.07000732421875,264.42999267578125,262.94000244140625,264.07000732421875,77218600,0.0031529421177469708,0.003147982018949543,0.35925574430936
2017-12-08,233.1393280029297,265.510009765625,265.5199890136719,264.0299987792969,265.1600036621094,76563900,0.005453090660511251,0.005438276392929096,0.3666678891138997
2017-12-11,233.84181213378903,266.3099975585937,266.3800048828125,265.4800109863281,266.3099975585937,83077500,0.003013151564246197,0.003008621121397481,0.37078586660178825
2017-12-12,234.2545623779297,266.7799987792969,267.32000732421875,266.3500061035156,267.2099914550781,85195800,0.0017650831576028203,0.0017635272289527764,0.37320541764760695
2017-12-13,234.2282257080078,266.75,267.5599975585937,266.6499938964844,267.0599975585937,102905400,-0.00011242756450302593,-0.00011243388495538912,0.3730510315069384
2017-12-14,233.2711181640625,265.6600036621094,267.2200012207031,265.6000061035156,267.0899963378906,100666700,-0.004086217794854741,-0.004094589195481495,0.367440445948751
2017-12-15,235.213623046875,266.510009765625,267.0400085449219,265.3900146484375,265.45001220703125,144610300,0.008327241272304997,0.008292761083027338,0.3788274524676747
2017-12-18,236.7051544189453,268.20001220703125,268.6000061035156,267.9800109863281,268.1000061035156,83653600,0.00634117766118103,0.006321156985980676,0.38757084230788585
2017-12-19,235.79612731933597,267.1700134277344,268.5299987792969,267.0899963378906,268.4800109863281,82382900,-0.003840335043995058,-0.003847728064473733,0.3822421053761451
2017-12-20,235.67257690429688,267.0299987792969,268.3299865722656,266.69000244140625,268.2699890136719,76751500,-0.0005239713495029941,-0.0005241086704608042,0.3815178501148513
2017-12-21,236.157958984375,267.5799865722656,268.3900146484375,267.29998779296875,267.739990234375,67032300,0.00205956113542749,0.002057443146978105,0.3843631705868471
2017-12-22,236.09620666503903,267.510009765625,267.6400146484375,266.8999938964844,267.6000061035156,78720900,-0.0002614873519467542,-0.00026152154572532525,0.3840011771272378
2017-12-26,235.81375122070312,267.19000244140625,267.44000244140625,266.8900146484375,267.04998779296875,45244400,-0.0011963574016106149,-0.0011970736084099985,0.3823454170751439
2017-12-27,235.9285430908203,267.32000732421875,267.7300109863281,267.010009765625,267.3800048828125,57751000,0.0004867903993002187,0.0004866719552905056,0.38301832955269277
2017-12-28,236.41390991210935,267.8699951171875,267.9200134277344,267.45001220703125,267.8900146484375,45116100,0.0020572619782686097,0.002055148712709239,0.3858635605773302
2017-12-29,235.52249145507807,266.8599853515625,268.54998779296875,266.6400146484375,268.5299987792969,96007400,-0.0037705837924794094,-0.0037777103634096306,0.3806380458972294
2018-01-02,237.20828247070312,268.7699890136719,268.8099975585937,267.3999938964844,267.8399963378906,86655700,0.007157664668075103,0.0071321701680917915,0.3905201900577482
2018-01-03,238.7086334228516,270.4700012207031,270.6400146484375,268.9599914550781,268.9599914550781,90070400,0.006325036109705806,0.006305117017340941,0.3993152804711384
2018-01-04,239.71470642089844,271.6099853515625,272.1600036621094,270.5400085449219,271.20001220703125,80636400,0.004214648559713652,0.00420579180515725,0.4052129026025615
2018-01-05,241.31224060058597,273.4200134277344,273.5599975585937,271.95001220703125,272.510009765625,83524000,0.006664314440860908,0.006642206067787196,0.41457768324185973
2018-01-08,241.7534027099609,273.9200134277344,274.1000061035156,272.9800109863281,273.3099975585937,57319200,0.0018281795746331042,0.0018265104883046265,0.41716378526909437
2018-01-09,242.3007049560547,274.5400085449219,275.25,274.0799865722656,274.3999938964844,57254000,0.002263886422936512,0.0022613276931233153,0.4203720831216424
2018-01-10,241.9299468994141,274.1199951171875,274.4200134277344,272.9200134277344,273.67999267578125,69574300,-0.0015301567393617432,-0.0015313286247833936,0.4181986912062525
2018-01-11,243.69509887695312,276.1199951171875,276.1199951171875,274.5599975585937,274.75,62361500,0.007296128487445763,0.0072696405037819675,0.4285460510780208
2018-01-12,245.2837371826172,277.9200134277344,278.1099853515625,276.0799865722656,276.4200134277344,90816100,0.0065189587849125985,0.006497802268953732,0.43785868390734817
2018-01-16,244.4452667236328,276.9700012207031,280.0899963378906,276.17999267578125,279.3500061035156,106555100,-0.003418369552809497,-0.0034242255270739005,0.4329435515610365
2018-01-17,246.77525329589844,279.6099853515625,280.04998779296875,276.9700012207031,278.0299987792969,113258800,0.009531731186678716,0.009486590853957392,0.4466019843002009
2018-01-18,246.3604888916016,279.1400146484375,279.9599914550781,278.5799865722656,279.4800109863281,100728000,-0.0016807374271013975,-0.0016821514508747258,0.44417062620306846
2018-01-19,247.48126220703125,280.4100036621094,280.4100036621094,279.1400146484375,279.79998779296875,140920100,0.004549322500828401,0.004539005611291643,0.4507406241278895
2018-01-22,249.4935607910156,282.69000244140625,282.69000244140625,280.1099853515625,280.1700134277344,91322400,0.008131114921746896,0.00809823551737496,0.4625367628643202
2018-01-23,250.02313232421875,283.2900085449219,283.6199951171875,282.3699951171875,282.739990234375,97084700,0.0021225859758631227,0.002120336472863926,0.46564112288636017
2018-01-24,249.926025390625,283.17999267578125,284.70001220703125,281.8399963378906,284.0199890136719,134816100,-0.0003883917967550943,-0.00038846724038407775,0.4650718798972442
2018-01-25,250.03196716308597,283.29998779296875,284.2699890136719,282.3999938964844,284.1600036621094,84587300,0.0004238925189778975,0.0004238027019250296,0.4656929129068974
2018-01-26,252.9267578125,286.5799865722656,286.6300048828125,283.9599914550781,284.25,107743100,0.011577682175039072,0.01151117366346402,0.4826622396187408
2018-01-29,251.24984741210935,284.67999267578125,286.42999267578125,284.5,285.92999267578125,90118300,-0.006630023706838406,-0.006652099945441674,0.47283215382083443
2018-01-30,248.6728057861328,281.760009765625,284.739990234375,281.2200012207031,282.6000061035156,131796400,-0.010256888322600966,-0.010309852679222404,0.4577254789011582
2018-01-31,248.79627990722656,281.8999938964844,283.29998779296875,280.67999267578125,282.7300109863281,108364800,0.000496532464430155,0.0004964092329766292,0.45844928692565956
2018-02-01,248.513916015625,281.5799865722656,283.0599975585937,280.67999267578125,281.07000732421875,90102500,-0.0011349200707777563,-0.001135564580251923,0.4567940635577161
2018-02-02,243.10379028320312,275.45001220703125,280.2300109863281,275.4100036621094,280.0799865722656,173174800,-0.021769910591573183,-0.022010371374057126,0.4250797870437302
2018-02-05,232.9365997314453,263.92999267578125,275.8500061035156,263.3099975585937,273.45001220703125,294681800,-0.04182242712017603,-0.042722160275798206,0.36547949150965775
2018-02-06,237.5259552001953,269.1300048828125,269.70001220703125,258.70001220703125,259.94000244140625,355026800,0.019702165628076918,0.019510590175212963,0.3923823946131233
2018-02-07,236.2373962402344,267.6700134277344,272.3599853515625,267.5799865722656,268.5,167376100,-0.005424918547848212,-0.005439686853928063,0.3848288335348893
2018-02-08,227.3764190673828,257.6300048828125,268.1700134277344,257.5899963378906,268.010009765625,246449500,-0.037508782749369196,-0.038230337796239786,0.3328855896727667
2018-02-09,230.79196166992188,261.5,263.6099853515625,252.9199981689453,260.79998779296875,283565300,0.015021533967983114,0.014909828000703264,0.35290757583347143
2018-02-12,234.1809844970703,265.3399963378906,267.010009765625,261.6600036621094,263.8299865722656,143736000,0.01468431917050661,0.014577548522809732,0.3727741024852065
2018-02-13,234.7634735107422,266.0,266.6199951171875,263.3099975585937,263.9700012207031,81223600,0.0024873454816274343,0.0024842571579468163,0.3761886659463183
2018-02-14,237.93191528320312,269.5899963378906,270.0,264.29998779296875,264.3099975585937,120735700,0.013496314929570818,0.013406050918670878,0.3947621415844358
2018-02-15,240.96800231933597,273.0299987792969,273.0400085449219,268.7699890136719,271.57000732421875,111200300,0.012760318566422901,0.012679591709754044,0.4125597508354395
2018-02-16,241.03854370117188,273.1099853515625,275.32000732421875,272.2699890136719,272.32000732421875,160420100,0.000292741696644061,0.0002926988561541785,0.41297326597351014
2018-02-20,239.52932739257807,271.3999938964844,273.6700134277344,270.5,272.0299987792969,86369700,-0.006261306948754486,-0.006280991139965764,0.40412620664486587
2018-02-21,238.33792114257807,270.04998779296875,274.7200012207031,269.94000244140625,271.8999938964844,98883700,-0.004973947294759973,-0.004986358542972553,0.39714215689782306
2018-02-22,238.6468505859375,270.3999938964844,273.04998779296875,269.6400146484375,271.1000061035156,110511300,0.0012961825037258734,0.0012953431843801383,0.39895310811681184
2018-02-23,242.45065307617188,274.7099914550781,274.7099914550781,271.25,271.7900085449219,92766400,0.0159390433223614,0.015813350626455103,0.42125108231303776
2018-02-26,245.26612854003903,277.8999938964844,278.010009765625,275.260009765625,275.92999267578125,86491400,0.011612571169204555,0.011545662752279341,0.4377554616557069
2018-02-27,242.20361328125,274.42999267578125,278.9200134277344,274.3599853515625,278.1099853515625,99099200,-0.012486498959390913,-0.012565110360462933,0.4198029295798844
2018-02-28,239.74993896484372,271.6499938964844,276.19000244140625,271.2900085449219,275.67999267578125,121907800,-0.010130626389776576,-0.010182290407379833,0.40541943655320023
2018-03-01,236.26394653320312,267.70001220703125,273.1700134277344,266.0,271.4100036621094,176855100,-0.014540118119286682,-0.01464686160892673,0.3849844719385753
2018-03-02,237.48175048828125,269.0799865722656,269.7200012207031,264.82000732421875,265.79998779296875,139083200,0.005154421455103364,0.0051411828967544565,0.39212326561572053
2018-03-05,240.22662353515625,272.19000244140625,272.8900146484375,267.6099853515625,267.7300109863281,97307400,0.01155824833374064,0.011491962061311173,0.40821377203088494
2018-03-06,240.8355865478516,272.8800048828125,273.3900146484375,271.17999267578125,273.29998779296875,79213200,0.002534952220257125,0.0025317446484282966,0.4117835266588914
2018-03-07,240.7473297119141,272.7799987792969,273.17999267578125,270.20001220703125,270.4200134277344,87063500,-0.000366460942099911,-0.00036652810531991915,0.41126616313767084
2018-03-08,241.91232299804688,274.1000061035156,274.239990234375,272.4200134277344,273.54998779296875,66901200,0.004839070437569815,0.004827399771194128,0.41809537950725284
2018-03-09,246.1221618652344,278.8699951171875,278.8699951171875,275.3399963378906,275.70001220703125,113625300,0.01740233327105667,0.01725264677037775,0.44277354791158374
2018-03-12,245.81321716308597,278.5199890136719,279.9100036621094,278.0799865722656,279.20001220703125,71924800,-0.0012552494249485902,-0.001256037910407687,0.4409625072452368
2018-03-13,244.22462463378903,276.7200012207031,280.4100036621094,276.0299987792969,279.8399963378906,91968900,-0.006462600130419216,-0.006483573139588465,0.4316501427579844
2018-03-14,242.971435546875,275.29998779296875,278.0199890136719,274.6700134277344,277.8099975585937,105895100,-0.0051312970131213165,-0.005144507327715263,0.4243039206566157
2018-03-15,242.7066345214844,275.0,276.6099853515625,274.42999267578125,275.8800048828125,83433000,-0.0010898442641810169,-0.0010904385762854326,0.42275165119823765
2018-03-16,242.9698181152344,274.20001220703125,275.3900146484375,274.1400146484375,274.5,100343700,0.0010843691779125475,0.0010837816743310379,0.42429443923662125
2018-03-19,239.68235778808597,270.489990234375,274.3999938964844,268.6199951171875,273.3500061035156,109208400,-0.01353032385935804,-0.013622692825526443,0.4050232742026669
2018-03-20,240.0899353027344,270.95001220703125,271.6700134277344,270.17999267578125,270.94000244140625,59757300,0.0017004902588984017,0.001699046062334426,0.4074125025939741
2018-03-21,239.6291656494141,270.42999267578125,273.2699890136719,270.19000244140625,270.8999938964844,78709600,-0.0019191543899552688,-0.001920998326318247,0.40471146071114306
2018-03-22,233.6391448974609,263.6700134277344,268.8699951171875,263.3599853515625,267.9100036621094,148785900,-0.024997043810254693,-0.02531477599940398,0.3695978267869797
2018-03-23,228.6591796875,258.04998779296875,264.5400085449219,257.8299865722656,264.1700134277344,183534800,-0.021314772454532394,-0.021545212620068862,0.3404051607547931
2018-03-26,234.9150848388672,265.1099853515625,265.42999267578125,259.4100036621094,262.1300048828125,141956100,0.027359081581228795,0.026991511103176682,0.3770774148997835
2018-03-27,230.91880798339844,260.6000061035156,266.7699890136719,258.8399963378906,266.1700134277344,129941400,-0.017011580410895566,-0.017157939586861317,0.3536511517241876
2018-03-28,230.23651123046875,259.8299865722656,262.6400146484375,258.5799865722656,260.75,146452300,-0.002954704118248941,-0.002959077874022959,0.34965151309151565
2018-03-29,233.1783447265625,263.1499938964844,265.260009765625,259.8399963378906,261.1199951171875,111601600,0.012777441251048849,0.012696498513434563,0.36689660600943164
2018-04-02,228.14532470703125,257.4700012207031,263.1300048828125,254.6699981689453,262.54998779296875,186286300,-0.02158442296789287,-0.02182077381184404,0.3373929315119468
2018-04-03,231.06939697265625,260.7699890136719,261.3099975585937,256.8399963378906,258.8699951171875,119956900,0.01281670912774513,0.012735270225619709,0.3545339077046379
2018-04-04,233.5416412353516,263.5599975585937,264.3599853515625,256.6000061035156,256.75,123715300,0.010699141881552965,0.010642311064333868,0.3690262581665442
2018-04-05,235.3847503662109,265.6400146484375,266.6400146484375,264.32000732421875,265.54998779296875,82652600,0.007891993569583367,0.0078610146717629,0.37983060459258544
2018-04-06,230.1390380859375,259.7200012207031,265.1099853515625,258.0,263.4200134277344,179521200,-0.022285692986109495,-0.022537771240265164,0.3490801233657972
2018-04-09,231.2732391357422,261.0,264.8399963378906,259.94000244140625,261.3699951171875,105442900,0.0049283296707842705,0.004916225207678301,0.3557288349660461
2018-04-10,234.95054626464844,265.1499938964844,266.0400085449219,262.9800109863281,264.2699890136719,103529000,0.015900270790724313,0.01577518566786563,0.3772852905607995
2018-04-11,233.71893310546875,263.760009765625,265.6400146484375,263.3900146484375,263.4700012207031,91140200,-0.005242010196445324,-0.0052557977359505926,0.37006554702426575
2018-04-12,235.6417388916016,265.92999267578125,267.0,265.0599975585937,265.260009765625,68890500,0.008227000528301831,0.008193343232509987,0.38133707700344255
2018-04-13,234.95054626464844,265.1499938964844,267.5400085449219,264.010009765625,267.4100036621094,85079200,-0.002933235131451495,-0.0029375454965594803,0.3772852905607995
2018-04-16,236.8822326660156,267.3299865722656,268.20001220703125,266.07000732421875,267.0,63405300,0.008221672313931672,0.008188058481708312,0.38860887890258855
2018-04-17,239.4165496826172,270.19000244140625,270.8699951171875,268.75,269.3299865722656,64682000,0.010698636989692645,0.010641811517074445,0.40346510121863144
2018-04-18,239.59381103515625,270.3900146484375,271.29998779296875,269.8699951171875,270.69000244140625,57303900,0.0007403888861234886,0.000740114933484794,0.40450421118163593
2018-04-19,238.2646026611328,268.8900146484375,269.8800048828125,267.7200012207031,269.6499938964844,77655900,-0.005547757549665633,-0.005563203510031693,0.39671236234051577
2018-04-20,236.2442626953125,266.6099853515625,269.0599975585937,265.6099853515625,268.8099975585937,99953100,-0.008479396197569877,-0.008515550802059367,0.38486908484618665
2018-04-23,236.20883178710935,266.57000732421875,267.8900146484375,265.3500061035156,267.260009765625,65558000,-0.0001499757403583546,-0.00014998698784428335,0.3846613880798875
2018-04-24,233.02769470214844,262.9800109863281,267.9800109863281,261.2799987792969,267.7300109863281,112885500,-0.013467477320356913,-0.013558986318701503,0.3660134922395477
2018-04-25,233.6036834716797,263.6300048828125,264.1300048828125,260.8500061035156,262.9100036621094,103840900,0.0024717610079243446,0.0024687112311965295,0.36938995112596396
2018-04-26,235.9784393310547,266.3099975585937,267.25,264.2900085449219,264.7900085449219,67731900,0.01016574663585268,0.010114422969372514,0.3833108224147932
2018-04-27,236.1999664306641,266.5599975585937,267.3399963378906,265.5,267.0,57053600,0.0009387599148353853,0.0009383195553195599,0.3846094191646341
2018-04-30,234.38351440429688,264.510009765625,267.8900146484375,264.42999267578125,267.260009765625,82182300,-0.007690314498416506,-0.007720037450921008,0.3739613372737882
2018-05-01,234.7998962402344,264.9800109863281,265.1000061035156,262.1099853515625,263.8699951171875,74203400,0.0017764979631600397,0.001774921857010316,0.3764021767909158
2018-05-02,233.22268676757807,263.20001220703125,265.67999267578125,262.760009765625,264.760009765625,86368900,-0.006717249444789464,-0.006739911707234065,0.3671565400330601
2018-05-03,232.7086944580078,262.6199951171875,263.3599853515625,259.04998779296875,262.260009765625,136311500,-0.0022038692577214247,-0.0022063013515756123,0.36414350576398835
2018-05-04,235.72146606445312,266.0199890136719,266.7900085449219,261.1499938964844,261.5199890136719,91222100,0.012946536499043315,0.012863446478946649,0.3818044394512947
2018-05-07,236.51898193359372,266.9200134277344,268.0199890136719,266.1099853515625,266.8900146484375,55304900,0.0033832975946388455,0.0033775871198640354,0.38647949508755164
2018-05-08,236.51898193359372,266.9200134277344,267.3299865722656,265.1499938964844,266.5,67499200,0.0,0.0,0.38647949508755164
2018-05-09,238.80506896972656,269.5,269.8699951171875,267.0899963378906,267.67999267578125,59666100,0.009665554186998326,0.009619141547725564,0.3998805877764824
2018-05-10,241.0380859375,272.0199890136719,272.3900146484375,270.2200012207031,270.3399963378906,72063900,0.009350793839541627,0.00930734580588885,0.41297058255275654
2018-05-11,241.7735595703125,272.8500061035156,273.1499938964844,271.5799865722656,272.1600036621094,59871500,0.0030512756104577043,0.003046629916827636,0.41728194522959394
2018-05-14,241.8887939453125,272.9800109863281,274.0799865722656,272.3599853515625,273.3399963378906,54790600,0.00047662107967805234,0.0004765075319293233,0.41795745168053755
2018-05-15,240.22283935546875,271.1000061035156,271.6099853515625,270.0299987792969,271.5899963378906,87036100,-0.006887274778923369,-0.006911101519758873,0.40819158908599174
2018-05-16,241.23301696777344,272.239990234375,272.760009765625,271.1099853515625,271.1400146484375,53942600,0.004205168896575628,0.0041963518832288755,0.4141132725568355
2018-05-17,241.0292816162109,272.010009765625,273.2300109863281,271.1300048828125,271.94000244140625,56536400,-0.000844558320098221,-0.0008449151604053582,0.41291897142693634
2018-05-18,240.4266815185547,271.3299865722656,272.0299987792969,270.92999267578125,271.6199951171875,64368000,-0.0025001115782095074,-0.002503242075978929,0.4093865163474
2018-05-21,242.23439025878903,273.3699951171875,273.9800109863281,272.57000732421875,273.010009765625,58025900,0.007518752614380064,0.007490627682235355,0.41998334490185907
2018-05-22,241.56089782714844,272.6099853515625,274.25,272.239990234375,273.9599914550781,52966400,-0.0027803336715364058,-0.0027842059784011866,0.41603531739500754
2018-05-23,242.2255096435547,273.3599853515625,273.3900146484375,270.989990234375,271.1700134277344,64694200,0.002751322016040003,0.0027475440576223437,0.4199312865392466
2018-05-24,241.72927856445312,272.79998779296875,273.2200012207031,270.7799987792969,272.9100036621094,76043800,-0.0020486326144252276,-0.002050733932596111,0.4170223689953996
2018-05-25,241.1532745361328,272.1499938964844,272.8599853515625,271.5799865722656,272.1499938964844,56374800,-0.0023828475877684108,-0.0023856910870634035,0.4136458206616249
2018-05-29,238.37973022460935,269.0199890136719,271.1700134277344,267.760009765625,270.3099975585937,115908600,-0.011501167947474356,-0.011567817907291795,0.3973872426599503
2018-05-30,241.56089782714844,272.6099853515625,273.1099853515625,270.4200134277344,270.5,69678400,0.013344958480914881,0.013256698869328995,0.41603531739500754
2018-05-31,240.0810546875,270.94000244140625,272.489990234375,270.260009765625,272.1499938964844,93519900,-0.006126170058812108,-0.0061450120307708295,0.40736044423136164
2018-06-01,242.4381561279297,273.6000061035156,273.94000244140625,272.3299865722656,272.4100036621094,71258400,0.00981794020980864,0.009770057386871903,0.4211778249264748
2018-06-04,243.590087890625,274.8999938964844,275.19000244140625,274.260009765625,274.5299987792969,45385200,0.004751445816505218,0.00474019332748194,0.42793047435723164
2018-06-05,243.76736450195312,275.1000061035156,275.5299987792969,274.17999267578125,275.04998779296875,51135000,0.0007277661125839607,0.0007275014192420921,0.42896967376759476
2018-06-06,245.8053131103516,277.3999938964844,277.5199890136719,275.0899963378906,275.7900085449219,62732200,0.008360219230175714,0.008325466158572797,0.4409161735135645
2018-06-07,245.7786865234375,277.3699951171875,278.2799987792969,276.3399963378906,277.95001220703125,72969400,-0.0001083238868077041,-0.00010832975426365826,0.4407600878730855
2018-06-08,246.50537109375,278.19000244140625,278.25,276.6600036621094,276.8500061035156,72139700,0.002956662274469446,0.0029522999450747097,0.44501992887146113
2018-06-11,246.8331756591797,278.5599975585937,279.3699951171875,278.3099975585937,278.44000244140625,58892500,0.0013298069894998044,0.0013289235792751427,0.4469415264728409
2018-06-12,247.1522674560547,278.9200134277344,279.3299865722656,278.19000244140625,279.0299987792969,72329000,0.001292742744255726,0.0012919078717937324,0.44881204963255095
2018-06-13,246.36363220214844,278.0299987792969,279.4800109863281,277.79998779296875,279.19000244140625,79070600,-0.0031908882003135464,-0.0031959899396776944,0.44418905235890627
2018-06-14,246.9838714599609,278.7300109863281,279.3299865722656,278.0599975585937,279.010009765625,77097600,0.0025175763657501182,0.002514412579308197,0.44782490858480006
2018-06-15,246.6687469482422,277.1300048828125,277.510009765625,275.3500061035156,276.6000061035156,120041600,-0.0012758910525451084,-0.0012767056945374355,0.4459776417382848
2018-06-18,246.16143798828125,276.5599975585937,276.70001220703125,274.95001220703125,275.489990234375,52917600,-0.002056640600957005,-0.002058758390423825,0.44300378541220975
2018-06-19,245.21798706054688,275.5,275.75,273.5299987792969,274.0,97531500,-0.0038326511879545055,-0.003840014615840561,0.43747325523982683
2018-06-20,245.6363067626953,275.9700012207031,276.7200012207031,275.5899963378906,276.2699890136719,53785500,0.0017059095344631459,0.0017044561234835932,0.43992545457147614
2018-06-21,244.09649658203125,274.239990234375,275.9800109863281,273.67999267578125,275.9599914550781,71061400,-0.006268658737617505,-0.006288389278036904,0.4308990532891588
2018-06-22,244.54147338867188,274.739990234375,275.7900085449219,274.489990234375,275.6600036621094,54898500,0.0018229544990258084,0.001821294934041261,0.4335075171560041
2018-06-25,241.2124938964844,271.0,273.6199951171875,269.1000061035156,273.44000244140625,137854200,-0.013613148911131412,-0.013706657422727378,0.4139929658597332
2018-06-26,241.74664306640625,271.6000061035156,272.5599975585937,270.7900085449219,271.6400146484375,68547400,0.002214434092087547,0.00221198584656616,0.417124160089305
2018-06-27,239.743896484375,269.3500061035156,273.8699951171875,269.17999267578125,272.260009765625,105110700,-0.008284485594619473,-0.008318992659749946,0.40538401539925784
2018-06-28,241.11471557617188,270.8900146484375,271.75,268.489990234375,269.2900085449219,76650500,0.005717847719582059,0.0057015628749955746,0.41341978718684547
2018-06-29,241.4618377685547,271.2799987792969,273.6600036621094,271.1499938964844,272.1199951171875,97592500,0.001439655773615156,0.0014386204627835958,0.415454625144011
2018-07-02,241.9780120849609,271.8599853515625,272.0400085449219,269.239990234375,269.510009765625,63554800,0.0021377055735862793,0.0021354239320998266,0.4184804503853399
2018-07-03,241.12356567382807,270.8999938964844,272.9800109863281,270.4200134277344,272.8699951171875,42187100,-0.003531091125886454,-0.0035373401430590333,0.4134716666547409
2018-07-05,243.0906219482422,273.1099853515625,273.17999267578125,270.9599914550781,272.1700134277344,56925900,0.008157876518278595,0.008124780915030638,0.4250025939733957
2018-07-06,245.14669799804688,275.4200134277344,275.8399963378906,272.7099914550781,273.1400146484375,66493700,0.008458064047581537,0.008422495046394628,0.4370553571811926
2018-07-09,247.35418701171875,277.8999938964844,277.9599914550781,276.5,276.54998779296875,50550400,0.009004767478815845,0.008964466314537138,0.4499957065267959
2018-07-10,248.24420166015625,278.8999938964844,279.010009765625,278.0799865722656,278.4100036621094,51966800,0.003598138601127898,0.0035916807865368143,0.4552129920499197
2018-07-11,246.4283905029297,276.8599853515625,278.0400085449219,276.5199890136719,277.1499938964844,77054700,-0.007314616595606838,-0.007341499576262299,0.4445686669481288
2018-07-12,248.6625518798828,279.3699951171875,279.42999267578125,277.6000061035156,278.2799987792969,60124700,0.009066168765674565,0.009025317779938974,0.45766537027628607
2018-07-13,248.85836791992188,279.5899963378906,279.92999267578125,278.6600036621094,279.1700134277344,48216000,0.0007874769986824237,0.0007871671013513717,0.4588132482271545
2018-07-16,248.6358795166016,279.3399963378906,279.79998779296875,278.8399963378906,279.6400146484375,48201000,-0.0008940362551597136,-0.000894436143933624,0.4575090162937321
2018-07-17,249.64163208007807,280.4700012207031,280.9100036621094,278.4100036621094,278.4700012207031,52315500,0.004045082171695746,0.004036922822897564,0.4634047600306277
2018-07-18,250.1668243408203,281.0599975585937,281.17999267578125,280.0599975585937,280.5599975585937,44593500,0.0021037847588409875,0.0021015749025171645,0.4664834486607954
2018-07-19,249.2232666015625,280.0,280.739990234375,279.4599914550781,280.3099975585937,61412100,-0.003771714102155821,-0.0037788449517878104,0.4609522923569034
2018-07-20,248.9384613037109,279.67999267578125,280.4800109863281,279.5,279.7699890136719,82337700,-0.0011427717072134413,-0.0011434251686864723,0.4592827574116094
2018-07-23,249.40133666992188,280.20001220703125,280.42999267578125,279.0599975585937,279.45001220703125,47047600,0.0018593967512567922,0.0018576702129992875,0.46199614302990555
2018-07-24,250.65626525878903,281.6099853515625,282.5599975585937,280.6300048828125,281.7900085449219,68026900,0.0050317636850840675,0.005019146668390893,0.46935256213013643
2018-07-25,252.79251098632807,284.010009765625,284.3699951171875,281.2799987792969,281.3299865722656,78882900,0.008522610537316844,0.008486498128398003,0.48187528175918026
2018-07-26,252.1961669921875,283.3399963378906,284.1099853515625,283.0899963378906,283.20001220703125,57919500,-0.0023590255574178487,-0.0023618124419587266,0.4783795000966047
2018-07-27,250.4872131347656,281.4200134277344,283.82000732421875,280.3800048828125,283.7099914550781,76768700,-0.00677628798963803,-0.006799351277130757,0.46836157484597307
2018-07-30,249.17877197265625,279.95001220703125,281.69000244140625,279.3599853515625,281.510009765625,63742500,-0.005223584652224944,-0.005237275267403983,0.46069146385969084
2018-07-31,250.4069976806641,281.3299865722656,282.0199890136719,280.3800048828125,280.8099975585937,68570500,0.004929094474157791,0.0049169862600438406,0.46789135008265115
2018-08-01,249.98880004882807,280.8599853515625,282.1300048828125,280.1300048828125,281.5599975585937,53853300,-0.0016700716661653958,-0.0016714677904854317,0.4654398663298689
2018-08-02,251.35069274902344,282.3900146484375,282.5799865722656,279.1600036621094,279.3900146484375,63426400,0.00544781486182333,0.005433029193851863,0.47342331141276905
2018-08-03,252.42762756347656,283.6000061035156,283.6600036621094,282.3299865722656,282.5299987792969,53935400,0.004284590596010274,0.004275437872192151,0.4797363270767905
2018-08-06,253.35330200195312,284.6400146484375,284.989990234375,283.20001220703125,283.6400146484375,39400900,0.0036670884538729798,0.0036603810777019845,0.4851626510765903
2018-08-07,254.1899261474609,285.5799865722656,286.010009765625,285.239990234375,285.3900146484375,43196600,0.003302203440400886,0.0032967631399825072,0.4900669602925303
2018-08-08,254.08319091796875,285.4599914550781,285.9100036621094,284.94000244140625,285.3900146484375,42114600,-0.0004199034600224083,-0.00041999164416702667,0.48944127602023846
2018-08-09,253.7361297607422,285.07000732421875,285.9700012207031,284.9200134277344,285.5299987792969,35717000,-0.0013659351331848368,-0.0013668688729610383,0.4874067958525068
2018-08-10,252.03598022460935,283.1600036621094,284.0599975585937,282.3599853515625,283.45001220703125,77076000,-0.006700462948402208,-0.006723011832013817,0.4774404817276954
2018-08-13,251.09251403808597,282.1000061035156,284.1600036621094,281.7699890136719,283.4700012207031,65732900,-0.00374337896391852,-0.003750402941370965,0.47190986210795427
2018-08-14,252.6947021484375,283.8999938964844,284.1700134277344,282.4800109863281,282.9200134277344,43842000,0.006380867691294423,0.0063605961427288076,0.4813019241915766
2018-08-15,250.8076934814453,281.7799987792969,282.5400085449219,280.1600036621094,282.3800048828125,102925400,-0.007467543446493474,-0.0074955651383493,0.47024023771530166
2018-08-16,252.83709716796875,284.0599975585937,285.0400085449219,283.3599853515625,283.3999938964844,69967900,0.008091473026020202,0.008058912581535667,0.4821366469405446
2018-08-17,253.72711181640625,285.0599975585937,285.5599975585937,283.3699951171875,283.8299865722656,65618500,0.0035201110058871166,0.0035139299163074525,0.48735393246366865
2018-08-20,254.27012634277344,285.6700134277344,285.9700012207031,285.0599975585937,285.57000732421875,39807500,0.0021401517657289038,0.0021378649031794286,0.4905370956084947
2018-08-21,254.86642456054688,286.3399963378906,287.3099975585937,285.7099914550781,286.25,67272000,0.0023451367502353992,0.0023423912086559017,0.49403260892899525
2018-08-22,254.71514892578125,286.1700134277344,286.760009765625,285.5799865722656,285.8800048828125,44993300,-0.0005935486991920369,-0.0005937249189546506,0.493145827817415
2018-08-23,254.3768615722656,285.7900085449219,286.94000244140625,285.42999267578125,285.9700012207031,49204900,-0.0013281006447489752,-0.0013289833520462463,0.4911627798807865
2018-08-24,255.90792846679688,287.510009765625,287.6700134277344,286.3800048828125,286.44000244140625,57487400,0.006018892147139354,0.006000850971532868,0.5001379278267175
2018-08-27,257.9283142089844,289.7799987792969,289.8999938964844,288.67999267578125,288.8599853515625,57072400,0.007894971266783735,0.007863969048641324,0.5119814736631219
2018-08-28,258.052978515625,289.9200134277344,290.4200134277344,289.3999938964844,290.29998779296875,46943500,0.00048332928093963723,0.0004832125149654916,0.5127122585815815
2018-08-29,259.44146728515625,291.4800109863281,291.739990234375,289.8900146484375,290.1600036621094,61485500,0.00538063454069837,0.005366210643348545,0.5208516104102434
2018-08-30,258.3912353515625,290.29998779296875,291.3599853515625,289.6300048828125,290.94000244140625,61229500,-0.004048049622073058,-0.004056265153692938,0.514695127623493
2018-08-31,258.39996337890625,290.3099975585937,290.8099975585937,289.2900085449219,289.8399963378906,66140800,3.3778341327561634e-05,3.377777085223665e-05,0.5147462915125212
2018-09-04,257.9549865722656,289.8099975585937,290.2099914550781,288.67999267578125,289.8399963378906,57594400,-0.0017220467093802538,-0.0017235311362279228,0.5121378276456761
2018-09-05,257.2607421875,289.0299987792969,289.6400146484375,287.8900146484375,289.4100036621094,72452400,-0.002691339268105719,-0.0026949674328439915,0.5080681517313452
2018-09-06,256.4863586425781,288.1600036621094,289.489990234375,287.0,289.1499938964844,65909900,-0.003010111602482546,-0.0030146511002976917,0.5035286982904843
2018-09-07,255.9879913330078,287.6000061035156,288.70001220703125,286.7099914550781,286.9800109863281,73524800,-0.0019430558108737284,-0.001944945992698539,0.5006072581164556
2018-09-10,256.4330749511719,288.1000061035156,289.0400085449219,287.8800048828125,288.739990234375,50210900,0.0017386894433850664,0.0017371796726564227,0.5032163481148098
2018-09-11,257.278564453125,289.04998779296875,289.54998779296875,286.9800109863281,287.3699951171875,50530500,0.0032971156396814916,0.003291692072060748,0.508172626246004
2018-09-12,257.34088134765625,289.1199951171875,289.79998779296875,288.2300109863281,289.0599975585937,59810800,0.00024221564926607542,0.0002421863197916436,0.5085379292578756
2018-09-13,258.8629150390625,290.8299865722656,291.0400085449219,290.0,290.32000732421875,51034200,0.005914465216080744,0.0058970434266455525,0.5174601243676098
2018-09-14,258.9073791503906,290.8800048828125,291.2699890136719,290.0,291.0599975585937,55079900,0.0001717670193175369,0.00017175226905212287,0.5177207739701057
2018-09-17,257.53662109375,289.3399963378906,290.8599853515625,289.0299987792969,290.82000732421875,68244000,-0.005294395475087588,-0.0053084604524775095,0.509685359971952
2018-09-18,258.93414306640625,290.9100036621094,291.5799865722656,289.54998779296875,289.5799865722656,61930400,0.005426498051892548,0.005411827659977084,0.5178776646368104
2018-09-19,259.2100830078125,291.2200012207031,291.69000244140625,290.8299865722656,290.9700012207031,49080600,0.0010656761527794156,0.0010651087230432261,0.5194952306668503
2018-09-20,261.3106384277344,293.5799865722656,293.94000244140625,291.239990234375,292.6400146484375,100360600,0.008103679438498324,0.008071020945612776,0.5318087329245016
2018-09-21,261.0719299316406,291.989990234375,293.2200012207031,291.8099975585937,293.0899963378906,105479700,-0.0009135046989667828,-0.0009139221986622874,0.5304094184490566
2018-09-24,260.20458984375,291.0199890136719,291.5,290.3699951171875,291.3399963378906,53409600,-0.0033222265148066255,-0.003327757362531186,0.5253250517005754
2018-09-25,259.9631652832031,290.75,291.6499938964844,290.4800109863281,291.5299987792969,44370000,-0.0009278259107260434,-0.0009282566076147812,0.5239098155953281
2018-09-26,259.1853332519531,289.8800048828125,292.239990234375,289.4100036621094,290.9100036621094,79739700,-0.002992085553361501,-0.002996570790383785,0.5193501470514597
2018-09-27,259.9095458984375,290.69000244140625,291.9100036621094,290.1000061035156,290.4100036621094,59249500,0.002794188380174978,0.0027902918924825296,0.5235954975777679
2018-09-28,259.9363708496094,290.7200012207031,291.2799987792969,289.95001220703125,289.989990234375,70091400,0.00010320879550285156,0.00010320346984155056,0.5237527460339064
2018-10-01,260.83941650390625,291.7300109863281,292.92999267578125,290.9800109863281,292.1099853515625,62078900,0.003474102725006256,0.003468081970584288,0.5290464196011386
2018-10-02,260.6875305175781,291.5599975585937,292.3599853515625,291.1400146484375,291.5599975585937,47258200,-0.0005822969103514986,-0.0005824665110392345,0.5281560605952209
2018-10-03,260.8304748535156,291.7200012207031,293.2099914550781,291.32000732421875,292.739990234375,64694600,0.0005483359163889201,0.0005481856351841975,0.5289940034490928
2018-10-04,258.7918701171875,289.44000244140625,291.239990234375,287.6600036621094,291.17999267578125,111545900,-0.007815822662106564,-0.007846526291433537,0.5170436574667103
2018-10-05,257.34344482421875,287.82000732421875,290.2699890136719,286.2200012207031,289.69000244140625,105951700,-0.005596873241469513,-0.0056125944235936006,0.5085529564140938
2018-10-08,257.34344482421875,287.82000732421875,288.2200012207031,285.5,287.04998779296875,87742200,0.0,0.0,0.5085529564140938
2018-10-09,256.9678955078125,287.3999938964844,288.8599853515625,286.7699890136719,287.3900146484375,74339000,-0.001459331193233937,-0.0014603970540885758,0.5063514780281535
2018-10-10,248.8315887451172,278.29998779296875,286.9100036621094,277.8800048828125,286.8299865722656,214731000,-0.03166273649327511,-0.03217483967361633,0.45865626811309257
2018-10-11,243.3505859375,272.1700134277344,278.8999938964844,270.3599853515625,277.0799865722656,274840500,-0.022026957410264614,-0.02227317314138512,0.42652650861914987
2018-10-12,246.73033142089844,275.95001220703125,277.0899963378906,272.3699951171875,276.7699890136719,183186500,0.013888380298646474,0.013792820508957212,0.44633865127695294
2018-10-15,245.34445190429688,274.3999938964844,277.0400085449219,274.29998779296875,275.54998779296875,102263700,-0.005616980727989107,-0.005632815287018672,0.43821459494658455
2018-10-16,250.70919799804688,280.3999938964844,280.82000732421875,276.07000732421875,276.6000061035156,118255800,0.02186618059674994,0.021630544457552168,0.46966285501656824
2018-10-17,250.7538146972656,280.45001220703125,281.1499938964844,277.5599975585937,280.44000244140625,110626000,0.00017796195582375773,0.0001779461224733589,0.4699243990926485
2018-10-18,247.13267517089844,276.3999938964844,280.07000732421875,274.9700012207031,279.3999938964844,134557500,-0.014441014708944544,-0.014546301018588134,0.44869719922431517
2018-10-19,246.9986114501953,276.25,279.29998779296875,275.4700012207031,277.1300048828125,139901600,-0.0005424767105782768,-0.0005426239043042228,0.447911314733056
2018-10-22,245.8898468017578,275.010009765625,277.3599853515625,274.4100036621094,277.0,82415800,-0.004488950937528102,-0.004499056531471671,0.4414117118793275
2018-10-23,244.6381683349609,273.6099853515625,274.8699951171875,268.6099853515625,270.95001220703125,146352700,-0.00509040321541232,-0.005103403454264186,0.43407434506644393
2018-10-24,237.2259521484375,265.32000732421875,273.760009765625,264.70001220703125,273.3299865722656,177806700,-0.03029869066209867,-0.030767183422056865,0.390623770098824
2018-10-25,241.4818572998047,270.0799865722656,271.8099975585937,266.2300109863281,267.3800048828125,138061500,0.017940301694749472,0.017781273672776047,0.4155719800782869
2018-10-26,237.23486328125,265.3299865722656,271.0,262.2900085449219,265.9200134277344,201574600,-0.017587217797823906,-0.01774371047462047,0.39067600735615327
2018-10-29,235.9204864501953,263.8599853515625,270.25,259.8500061035156,268.79998779296875,160749100,-0.005540403349133638,-0.00555580830991528,0.3829711013474375
2018-10-30,239.41650390625,267.7699890136719,268.1199951171875,263.1199951171875,263.6700134277344,157116000,0.01481862600682926,0.01470990293681821,0.403464832876558
2018-10-31,241.9736328125,270.6300048828125,273.2300109863281,270.1199951171875,270.6499938964844,128296300,0.010680670983531426,0.010624035530063174,0.4184547789934694
2018-11-01,244.54869079589844,273.510009765625,273.7300109863281,270.3800048828125,271.6000061035156,99495000,0.010641894959662057,0.010585668547447481,0.43354982575654866
2018-11-02,243.10028076171875,271.8900146484375,275.2300109863281,269.5899963378906,274.75,122634100,-0.005922787930148998,-0.0059403972036703055,0.42505921415129055
2018-11-05,244.44143676757807,273.3900146484375,274.010009765625,271.3500061035156,272.44000244140625,65622500,0.005516883821182761,0.005501721557702729,0.43292110027406916
2018-11-06,245.9882049560547,275.1199951171875,275.29998779296875,273.25,273.32000732421875,60085900,0.006327765901438909,0.006307829647885441,0.44198828955183567
2018-11-07,251.25457763671875,281.010009765625,281.1000061035156,277.0799865722656,277.5599975585937,102752100,0.021409045533727467,0.021183091207198544,0.47285988250195277
2018-11-08,250.79855346679688,280.5,281.2200012207031,279.2200012207031,280.1099853515625,65584900,-0.0018149885037367364,-0.0018166375910561945,0.4701866587475967
2018-11-09,248.3486785888672,277.760009765625,279.239990234375,276.17999267578125,279.0299987792969,98812600,-0.00976829748044794,-0.009816320288237385,0.45582543811316434
2018-11-12,243.708251953125,272.57000732421875,277.4599914550781,271.989990234375,277.19000244140625,99673600,-0.018685127145066316,-0.018861899607224786,0.428623154700998
2018-11-13,243.25228881835935,272.0599975585937,275.3299865722656,271.25,273.0899963378906,98176600,-0.001870938431963176,-0.0018726908233566684,0.4259502887360753
2018-11-14,241.5891876220703,270.20001220703125,274.6099853515625,268.45001220703125,274.1600036621094,125335900,-0.006836939559203503,-0.006860418507768302,0.416201152797558
2018-11-15,244.110595703125,273.0199890136719,273.5400085449219,267.010009765625,268.7799987792969,135101400,0.010436758804781565,0.010382671840512954,0.4309817026483598
2018-11-16,244.74542236328125,273.7300109863281,274.75,271.2099914550781,271.7900085449219,126668000,0.0026005698700939384,0.002597194239378469,0.43470307054892277
2018-11-19,240.60568237304688,269.1000061035156,273.3800048828125,268.07000732421875,273.04998779296875,103061700,-0.016914473620224246,-0.017059157146913535,0.4104358233092682
2018-11-20,236.1529693603516,264.1199951171875,267.0,263.1499938964844,265.3599853515625,136021300,-0.018506267053957526,-0.018679650465790166,0.3843339213006385
2018-11-21,236.95770263671875,265.0199890136719,267.1499938964844,265.010009765625,265.8599853515625,75563700,0.00340767799171382,0.0034018850137381602,0.3890512855374375
2018-11-23,235.37510681152344,263.25,264.82000732421875,263.07000732421875,263.17999267578125,42807900,-0.006678811482324298,-0.006701214550026272,0.37977407386205275
2018-11-26,239.17510986328125,267.5,267.75,265.3399963378906,265.7799987792969,79981400,0.016144455984466788,0.016015520136590983,0.40204977566602706
2018-11-27,239.9797515869141,268.3999938964844,268.3999938964844,265.6600036621094,266.3399963378906,75502400,0.0033642368726947147,0.0033585904881330156,0.4067666032186761
2018-11-28,245.50538635253903,274.5799865722656,274.5799865722656,268.3299865722656,269.6000061035156,127629600,0.023025420807737174,0.022764335935176714,0.4391579962360572
2018-11-29,244.96897888183597,273.9800109863281,275.54998779296875,272.42999267578125,273.7099914550781,82346400,-0.0021849112097801493,-0.0021873016107881384,0.4360135637974363
2018-11-30,246.4620361328125,275.6499938964844,276.2799987792969,273.45001220703125,273.8099975585937,98204200,0.0060948829431040075,0.0060763842708338725,0.44476589837349123
2018-12-03,249.7257080078125,279.29998779296875,280.3999938964844,277.510009765625,280.2799987792969,103176300,0.013242087609960596,0.013155177573965868,0.4638976149756364
2018-12-04,241.63389587402344,270.25,278.8500061035156,269.8999938964844,278.3699951171875,177986000,-0.032402799849248654,-0.03293939385240323,0.41646323355778847
2018-12-06,241.26736450195312,269.8399963378906,269.9700012207031,262.44000244140625,265.9200134277344,204185400,-0.0015168872344855089,-0.0015180388726774297,0.4143146185606865
2018-12-07,235.6612548828125,263.57000732421875,271.2200012207031,262.6300048828125,269.4599914550781,161018900,-0.023236087610577938,-0.023510301596389303,0.3814514801748894
2018-12-10,236.1082305908203,264.07000732421875,265.1600036621094,258.6199951171875,263.3699951171875,151445900,0.001896687294778543,0.0018948908545963006,0.38407166164569007
2018-12-11,236.1619415283203,264.1300048828125,267.8699951171875,262.4800109863281,267.6600036621094,121504400,0.0002274843929226389,0.00022745852227149907,0.38438651634740095
2018-12-12,237.35108947753903,265.4599914550781,269.0,265.3699951171875,267.4700012207031,97976700,0.0050353073044842045,0.005022672540190182,0.39135732788539457
2018-12-13,237.27066040039065,265.3699951171875,267.489990234375,264.1199951171875,266.5199890136719,96662700,-0.00033886120904447203,-0.0003389186354773963,0.3908858508590545
2018-12-14,232.8894805908203,260.4700012207031,264.0299987792969,259.8500061035156,262.9599914550781,116961100,-0.018464903339406424,-0.01863750771787595,0.365203278066794
2018-12-17,228.3205718994141,255.3600006103516,260.6499938964844,253.52999877929688,259.3999938964844,165492300,-0.01961835579612825,-0.019813350265721362,0.3384202344236391
2018-12-18,228.0702362060547,255.0800018310547,257.95001220703125,253.27999877929688,257.20001220703125,134515100,-0.0010964219793111463,-0.0010970234896024364,0.3369527610610623
2018-12-19,224.6547088623047,251.25999450683597,259.3999938964844,249.3500061035156,255.1699981689453,214992800,-0.014975769747807788,-0.015089038871800256,0.316930864347716
2018-12-20,220.99777221679688,247.1699981689453,251.6199951171875,244.6499938964844,249.8600006103516,252053400,-0.016278032470484427,-0.016411975179257958,0.2954938209764808
2018-12-21,216.4696502685547,240.6999969482422,249.7100067138672,239.97999572753903,246.7400054931641,255345600,-0.020489446127991418,-0.02070226690111353,0.26894987012243754
2018-12-24,210.7499084472656,234.33999633789065,240.83999633789065,234.2700042724609,239.0399932861328,147311600,-0.026422834860189925,-0.026778191630901657,0.23542061725833285
2018-12-26,221.3979949951172,246.17999267578125,246.17999267578125,233.75999450683597,235.97000122070312,218485400,0.050524750526835804,0.04928980173630252,0.2978399357410195
2018-12-27,223.09771728515625,248.07000732421875,248.2899932861328,238.9600067138672,242.57000732421875,186267300,0.0076772253067447505,0.007647905380709957,0.3078037453397944
2018-12-28,222.8099365234375,247.75,251.3999938964844,246.4499969482422,249.5800018310547,153100200,-0.001289931448966497,-0.0012907641266798188,0.3061167681596044
2018-12-31,224.76144409179688,249.9199981689453,250.19000244140625,247.47000122070312,249.55999755859372,144299400,0.00875862000954375,0.008720485804216237,0.3175565486200078
2019-01-02,224.99534606933597,250.17999267578125,251.2100067138672,245.9499969482422,245.97999572753903,126925200,0.0010406677109777718,0.00104012659171979,0.31892768717754394
2019-01-03,219.6262969970703,244.2100067138672,248.57000732421875,243.6699981689453,248.22999572753903,144140700,-0.023862933905357764,-0.024152265856957504,0.2874542029524798
2019-01-04,226.9828338623047,252.38999938964844,253.1100006103516,247.1699981689453,247.58999633789065,142628800,0.0334957014065238,0.03294694087271376,0.3305783845091501
2019-01-07,228.7725372314453,254.3800048828125,255.9499969482422,251.69000244140625,252.69000244140625,103139100,0.007884752069957424,0.007853829848699891,0.3410696651806493
2019-01-08,230.92193603515625,256.7699890136719,257.3099975585937,254.0,256.82000732421875,102512600,0.00939535326102714,0.009351491447040165,0.353669488432669
2019-01-09,232.0011444091797,257.9700012207031,258.9100036621094,256.19000244140625,257.5599975585937,95006600,0.004673477074343957,0.0046625902866196615,0.359995831753098
2019-01-10,232.8195343017578,258.8800048828125,259.1600036621094,255.5,256.260009765625,96823900,0.00352752523985278,0.003521318115602578,0.36479325137570173
2019-01-11,232.90948486328125,258.9800109863281,259.010009765625,257.0299987792969,257.67999267578125,73858100,0.00038635315457180575,0.0003862785394096988,0.365320543553709
2019-01-14,231.48855590820312,257.3999938964844,258.29998779296875,256.4100036621094,256.8599853515625,70908200,-0.006100777544170044,-0.006119463324782663,0.3569910266410026
2019-01-15,234.14154052734372,260.3500061035156,260.70001220703125,257.8099975585937,257.82000732421875,85208300,0.011460543303024595,0.011395368761045325,0.37254288106363753
2019-01-16,234.7081451416016,260.9800109863281,261.9700012207031,260.6000061035156,260.8299865722656,77636700,0.0024199234914989987,0.002417000191804554,0.37586432982461315
2019-01-17,236.48878479003903,262.9599914550781,263.9200134277344,259.9599914550781,260.010009765625,96118400,0.007586612076726951,0.007557978465535899,0.3863024787651983
2019-01-18,239.63644409179688,266.4599914550781,266.9800109863281,263.0,264.9800109863281,127900300,0.01330997283677715,0.01322217336269185,0.4047541271011199
2019-01-22,236.39892578125,262.8599853515625,265.0599975585937,261.0599975585937,264.82000732421875,115531200,-0.013510124984606686,-0.013602217114567012,0.3857757232713417
2019-01-23,236.89349365234372,263.4100036621094,264.7900085449219,260.6600036621094,264.010009765625,86030300,0.0020920901795948854,0.0020899048064028374,0.3886748910531186
2019-01-24,237.01942443847656,263.54998779296875,264.20001220703125,262.0799865722656,263.2099914550781,59204100,0.0005315924223636692,0.0005314511771662795,0.3894131001023291
2019-01-25,239.0249481201172,265.7799987792969,266.70001220703125,263.6600036621094,265.6099853515625,96883400,0.008461431742954995,0.008425834490909383,0.40116952421161245
2019-01-28,237.2083282470703,263.760009765625,263.8299865722656,261.7900085449219,263.3900146484375,85613700,-0.007600126628346637,-0.007629154762591389,0.3905204583998241
2019-01-29,236.89349365234372,263.4100036621094,264.54998779296875,262.4800109863281,263.9200134277344,66136300,-0.0013272493299588684,-0.0013281309054841608,0.3886748910531188
2019-01-30,240.6437225341797,267.5799865722656,268.5199890136719,264.25,265.1000061035156,92473700,0.015830864849921467,0.015706863693946617,0.4106588155738602
2019-01-31,242.75717163085935,269.92999267578125,270.4700012207031,267.2699890136719,267.510009765625,104012100,0.008782481730349234,0.008744140064132945,0.4230479008493937
2019-02-01,242.8740997314453,270.0599975585937,271.20001220703125,269.17999267578125,270.1499938964844,85782500,0.00048166692584383775,0.00048155096156605564,0.42373333595712426
2019-02-04,244.5827789306641,271.9599914550781,272.0299987792969,269.3599853515625,270.1099853515625,60744800,0.007035246661163619,0.0070106147734981025,0.43374965115530406
2019-02-05,245.60812377929688,273.1000061035156,273.44000244140625,271.8800048828125,272.44000244140625,79552800,0.004192220127335444,0.004183457254594991,0.43976024530043745
2019-02-06,245.2843170166016,272.739990234375,273.3399963378906,271.9200134277344,272.7900085449219,58347800,-0.0013183878355190748,-0.001319257673367977,0.4378620829069695
2019-02-07,242.946044921875,270.1400146484375,271.54998779296875,268.2900085449219,270.94000244140625,95482000,-0.009532905010671056,-0.00957863400178016,0.42415508025217163
2019-02-08,243.24285888671875,270.4700012207031,270.5799865722656,267.8299865722656,268.75,75788900,0.0012217279146866655,0.0012209822124396082,0.4258950102685586
2019-02-11,243.3777313232422,270.6199951171875,271.489990234375,270.0299987792969,271.20001220703125,68021400,0.0005544764485203579,0.0005543227832542662,0.4266856354698152
2019-02-12,246.50738525390625,274.1000061035156,274.5199890136719,272.3399963378906,272.4200134277344,72270200,0.012859245230236072,0.012777267172274166,0.4450317359227767
2019-02-13,247.30780029296875,274.989990234375,275.92999267578125,274.5599975585937,275.0299987792969,65277200,0.0032470225516287865,0.0032417623574736917,0.4497237865571373
2019-02-14,246.75927734375,274.3800048828125,275.6400146484375,272.8699951171875,273.7799987792969,83234400,-0.0022179767422173535,-0.002220440095746454,0.4465083329159143
2019-02-15,249.44818115234372,277.3699951171875,277.4100036621094,276.1300048828125,276.3599853515625,97088700,0.010896870170550521,0.010837927090927985,0.4622707464203184
2019-02-19,249.87991333007807,277.8500061035156,278.5799865722656,276.4700012207031,276.4800109863281,59120800,0.0017307489505031803,0.0017292529304463761,0.46480156998003697
2019-02-20,250.38352966308597,278.4100036621094,278.9200134277344,277.25,277.8099975585937,76610800,0.002015433438792069,0.002013405177578733,0.46775378004536994
2019-02-21,249.49319458007807,277.4200134277344,278.1000061035156,276.3500061035156,277.70001220703125,64214700,-0.00355588518224792,-0.0035622223692956946,0.4625346161277182
2019-02-22,251.04000854492188,279.1400146484375,279.3599853515625,277.3999938964844,278.1099853515625,78114600,0.006199824277560939,0.006180684435392779,0.47160207374756014
2019-02-25,251.3819122314453,279.5199890136719,281.3099975585937,279.42999267578125,280.7300109863281,69030700,0.0013619489917371386,0.0013610223804452165,0.4736063207081389
2019-02-26,251.2019195556641,279.32000732421875,280.29998779296875,278.8999938964844,279.1300048828125,56844100,-0.0007160128355436779,-0.000716269295160235,0.47255119966797365
2019-02-27,251.09397888183597,279.20001220703125,279.5899963378906,277.4800109863281,278.5199890136719,56921600,-0.00042969685111904354,-0.00042978919726582084,0.47191844905436486
2019-02-28,250.6263732910156,278.67999267578125,279.45001220703125,278.32000732421875,278.9599914550781,69268300,-0.0018622732130124664,-0.0018640093996097908,0.46917733475495216
2019-03-01,252.1911773681641,280.4200134277344,280.8800048828125,278.82000732421875,280.44000244140625,78880500,0.006243573078925424,0.006224162727928951,0.4783502508103956
2019-03-04,251.2738800048828,279.3999938964844,281.8699951171875,276.8399963378906,281.6000061035156,106494600,-0.0036373094921641203,-0.003643940586780614,0.47297303341037966
2019-03-05,250.93214416503903,279.0199890136719,279.760009765625,278.4100036621094,279.5400085449219,59114600,-0.0013600133839503092,-0.0013609390415188802,0.4709697703707436
2019-03-06,249.41221618652344,277.3299865722656,279.1600036621094,276.9700012207031,279.1499938964844,75039800,-0.006057127450024624,-0.006075546260884981,0.4620599189964745
2019-03-07,247.32574462890625,275.010009765625,276.989990234375,274.07000732421875,276.8299865722656,94885100,-0.008365554781233353,-0.008400742414769874,0.4498289766506638
2019-03-08,246.83120727539065,274.4599914550781,274.6499938964844,272.4200134277344,272.94000244140625,85795800,-0.001999538520575772,-0.002001540266547293,0.44692998776360393
2019-03-11,250.4104461669922,278.44000244140625,278.6199951171875,275.2300109863281,275.260009765625,65098900,0.014500755115653519,0.01439662460642582,0.4679115651856596
2019-03-12,251.354736328125,279.489990234375,280.07000732421875,278.8500061035156,279.0599975585937,79667500,0.003770969524582446,0.0037638772432641776,0.47344701496275676
2019-03-13,253.0185546875,281.3399963378906,282.3800048828125,280.29998779296875,280.4800109863281,80639200,0.006619403253269152,0.006597591205803765,0.4832003549271209
2019-03-14,252.85671997070312,281.1600036621094,281.8399963378906,280.6700134277344,281.3699951171875,67518400,-0.0006396160036434839,-0.000639820645225549,0.48225167624349985
2019-03-15,254.1059417724609,281.3099975585937,282.2099914550781,280.3299865722656,280.5400085449219,81309000,0.004940433467232053,0.004928269572633783,0.489574642031674
2019-03-18,255.0272979736328,282.3299865722656,282.6600036621094,281.29998779296875,281.54998779296875,62199800,0.0036258742898540586,0.0036193166543321362,0.4949756524290352
2019-03-19,255.0905303955078,282.3999938964844,284.3599853515625,281.4100036621094,283.510009765625,90268100,0.0002479437392679529,0.00024791300629895837,0.49534632228241304
2019-03-20,254.32269287109372,281.54998779296875,283.5,280.32000732421875,282.1600036621094,84609200,-0.003010058912118696,-0.003014598250852506,0.4908452417583229
2019-03-21,257.1952209472656,284.7300109863281,285.17999267578125,280.5899963378906,280.6400146484375,79550400,0.011294816218495596,0.011231506053556042,0.5076840647742018
2019-03-22,252.2451171875,279.25,283.79998779296875,279.17999267578125,283.2200012207031,122659300,-0.019246484213563897,-0.019434109105185345,0.4786664472224833
2019-03-25,252.05548095703125,279.0400085449219,280.19000244140625,277.6400146484375,278.8699951171875,85575200,-0.0007517934641636526,-0.000752076202586179,0.47755479545178336
2019-03-26,253.93426513671875,281.1199951171875,282.17999267578125,279.5599975585937,280.989990234375,68125900,0.0074538517177009656,0.007426209042932757,0.48856826980185897
2019-03-27,252.6064453125,279.6499938964844,281.760009765625,277.92999267578125,281.1099853515625,72224700,-0.005228990358996488,-0.0052427093743809385,0.4807845606703569
2019-03-28,253.5640411376953,280.7099914550781,281.2099914550781,279.07000732421875,280.3500061035156,56238500,0.0037908606172367687,0.003783693412665614,0.4863980085440145
2019-03-29,255.16278076171875,282.4800109863281,282.8399963378906,281.1400146484375,282.3900146484375,82186800,0.006305072347207341,0.006285278535927755,0.4957698555246295
2019-04-01,258.1888427734375,285.8299865722656,286.1600036621094,284.3999938964844,284.70001220703125,77617900,0.011859339370284605,0.011789568487780865,0.5135086978611376
2019-04-02,258.3153686523437,285.9700012207031,286.2300109863281,285.0899963378906,286.0400085449219,40070400,0.0004900516906427566,0.0004899316545273388,0.514250395357327
2019-04-03,258.7218322753906,286.4200134277344,287.760009765625,285.75,287.32000732421875,68243200,0.0015735169965591655,0.0015722803158120852,0.5166330940914681
2019-04-04,259.4082336425781,287.17999267578125,287.4599914550781,286.010009765625,286.7799987792969,48997500,0.002653047719826329,0.0026495346010006,0.5206567940635607
2019-04-05,260.6638488769531,288.57000732421875,288.6300048828125,287.6000061035156,287.9200134277344,58621700,0.004840306017830587,0.0048286294004327495,0.5280172382949215
2019-04-08,260.8626708984375,288.7900085449219,288.9100036621094,287.3699951171875,288.1000061035156,53566300,0.0007627525732509799,0.0007624618253433955,0.5291827373754028
2019-04-09,259.5258178710937,287.3099975585937,288.0799865722656,286.70001220703125,287.7200012207031,66142300,-0.005124738709220256,-0.005137915219364815,0.5213460754077037
2019-04-10,260.4110107421875,288.2900085449219,288.3900146484375,287.3099975585937,287.7699890136719,52601500,0.0034108085213067074,0.0034050049068564754,0.5265350955655608
2019-04-11,260.3387145996094,288.2099914550781,288.8399963378906,287.5799865722656,288.8299865722656,55093100,-0.0002776232171292081,-0.000277661761588609,0.5261112939812693
2019-04-12,262.10009765625,290.1600036621094,290.4700012207031,288.260009765625,290.0,69727800,0.006765736165478042,0.00674295128580197,0.5364365603555028
2019-04-15,261.92852783203125,289.9700012207031,290.3500061035156,289.0799865722656,290.239990234375,49596700,-0.0006545965673151466,-0.0006548109091915256,0.5354308142571966
2019-04-16,262.10009765625,290.1600036621094,291.010009765625,289.5,290.95001220703125,52153200,0.000655025344657334,0.0006548109091915958,0.536436560355503
2019-04-17,261.458740234375,289.45001220703125,291.42999267578125,288.989990234375,291.3999938964844,58268300,-0.002446994211792175,-0.0024499929951309583,0.5326769089855272
2019-04-18,261.9736328125,290.0199890136719,290.32000732421875,288.6600036621094,290.1000061035156,68708500,0.0019693071941808693,0.0019673706507841067,0.5356952206487473
2019-04-22,262.199462890625,290.2699890136719,290.44000244140625,289.07000732421875,289.1700134277344,40160100,0.0008620336165152676,0.0008616622789256002,0.5370190415536684
2019-04-23,264.5570678710937,292.8800048828125,293.1400146484375,290.4200134277344,290.67999267578125,52246600,0.008991646872488657,0.008951462717271985,0.55083937401161
2019-04-24,263.9699401855469,292.2300109863281,293.1600036621094,292.07000732421875,292.7900085449219,50392900,-0.002219285578992314,-0.0022217518428043117,0.5473976185535325
2019-04-25,263.80731201171875,292.04998779296875,292.7799987792969,290.7300109863281,292.1199951171875,57770900,-0.0006160859593096202,-0.0006162758182478716,0.5464442886072725
2019-04-26,265.035888671875,293.4100036621094,293.489990234375,291.239990234375,292.1000061035156,50916400,0.004657098587554254,0.004646287855363748,0.5536462321194768
2019-04-29,265.4512634277344,293.8699951171875,294.45001220703125,293.4100036621094,293.510009765625,57197700,0.0015672396592811833,0.0015660128208723062,0.5560811681109472
2019-04-30,265.5868225097656,294.0199890136719,294.3399963378906,291.9200134277344,293.489990234375,81111700,0.000510674088647356,0.0005105437390105147,0.5568758184433336
2019-05-01,263.590576171875,291.8099975585937,294.95001220703125,291.79998779296875,294.7200012207031,71671900,-0.007516360635013153,-0.007544750823674368,0.5451737783279822
2019-05-02,263.021484375,291.17999267578125,292.70001220703125,289.5199890136719,291.67999267578125,65030200,-0.002158999024699293,-0.002161333023098907,0.5418377496475812
2019-05-03,265.5958557128906,294.0299987792969,294.3399963378906,291.29998779296875,292.82000732421875,56543700,0.009787684622067694,0.009740095509789362,0.5569287712795303
2019-05-06,264.5028991699219,292.82000732421875,293.3099975585937,288.8999938964844,289.25,107198100,-0.004115111435135654,-0.004123601806752864,0.5505218358891462
2019-05-07,260.085693359375,287.92999267578125,290.8099975585937,285.8099975585937,290.1499938964844,144729900,-0.016700027955872,-0.016841045626691,0.5246280778836074
2019-05-08,259.7244567871094,287.5299987792969,289.42999267578125,286.8699951171875,287.5299987792969,91568300,-0.0013889136599547491,-0.0013898790945725827,0.5225105011198843
2019-05-09,258.9386291503906,286.6600036621094,287.3299865722656,283.29998779296875,285.2300109863281,103471100,-0.003025620484261471,-0.0030302069274795586,0.5179039621601929
2019-05-10,260.23931884765625,288.1000061035156,288.94000244140625,282.29998779296875,285.6199951171875,112429300,0.005023158195953004,0.005010584226601429,0.5255286338883873
2019-05-13,253.6994781494141,280.8599853515625,283.489990234375,279.92999267578125,282.4200134277344,127290500,-0.025130102273556054,-0.025451255117250722,0.487191943297534
2019-05-14,255.99375915527344,283.3999938964844,285.1000061035156,281.8500061035156,281.989990234375,77003200,0.009043302030397271,0.009002656238918355,0.500641069217947
2019-05-15,257.4933166503906,285.0599975585937,285.7699890136719,281.3599853515625,281.5899963378906,73956400,0.005857789268243874,0.005840699128501932,0.509431508368698
2019-05-16,259.8780212402344,287.70001220703125,289.2099914550781,285.760009765625,285.8399963378906,76749600,0.009261229071360955,0.009218606843450402,0.5234106993352303
2019-05-17,258.1978454589844,285.8399963378906,288.6000061035156,285.1199951171875,285.1400146484375,100353000,-0.0064652477082578486,-0.006486237942510447,0.5135614718026178
2019-05-20,256.4906311035156,283.95001220703125,285.9599914550781,283.1199951171875,284.0599975585937,62877600,-0.00661203950960132,-0.006633995880618666,0.5035537435508486
2019-05-21,258.8030700683594,286.510009765625,286.92999267578125,285.54998779296875,285.8299865722656,46847100,0.009015685894236292,0.008975287231046982,0.5171093118278061
2019-05-22,258.0081787109375,285.6300048828125,286.69000244140625,285.1000061035156,285.45001220703125,49482500,-0.0030714139411557317,-0.003076140413404352,0.512449641137201
2019-05-23,254.85580444335935,282.1400146484375,283.2099914550781,280.57000732421875,283.1600036621094,98733800,-0.012218117593512212,-0.012293372401898152,0.4939703535675213
2019-05-24,255.43380737304688,282.7799987792969,284.20001220703125,282.0899963378906,283.739990234375,55268100,0.0022679606256170715,0.0022653926848435154,0.49735861950525173
2019-05-28,253.0580596923828,280.1499938964844,284.1499938964844,280.1300048828125,283.0899963378906,70029400,-0.009300834940750069,-0.009344357782098594,0.4834319341381239
2019-05-29,251.35989379882807,278.2699890136719,279.3599853515625,276.7099914550781,278.9100036621094,104972900,-0.0067105781796439334,-0.006733195349038453,0.47347724816990966
2019-05-30,252.0464324951172,279.0299987792969,280.0400085449219,277.8099975585937,279.1099853515625,62523800,0.002731297686012546,0.0027275744704203385,0.4775017531682282
2019-05-31,248.6501007080078,275.2699890136719,277.1199951171875,275.239990234375,276.20001220703125,86862800,-0.013475024238540523,-0.013566636291588365,0.4575923812318001
2019-06-03,248.0177459716797,274.57000732421875,276.54998779296875,273.0899963378906,275.3099975585937,96428000,-0.0025431509359037374,-0.0025463902374324426,0.4538855038033043
2019-06-04,253.4013214111328,280.5299987792969,280.67999267578125,276.6199951171875,277.1199951171875,77231900,0.021706412250306784,0.021474182655355473,0.48544414191360374
2019-06-05,255.59640502929688,282.9599914550781,282.989990234375,280.32000732421875,282.3299865722656,71169700,0.008662478971854348,0.008625174976139021,0.49831177055679454
2019-06-06,257.2584533691406,284.79998779296875,285.54998779296875,282.57000732421875,283.2900085449219,69430400,0.006502627999221078,0.006481577121842451,0.5080547346275797
2019-06-07,259.8328552246094,287.6499938964844,288.8500061035156,285.739990234375,285.92999267578125,74272200,0.01000706418682662,0.009957325073091262,0.5231459351542456
2019-06-10,261.0252380371094,288.9700012207031,290.82000732421875,288.8699951171875,289.3699951171875,60799100,0.004589037870015522,0.004578540339188594,0.5301357095322285
2019-06-11,260.9619445800781,288.8999938964844,291.3999938964844,288.17999267578125,290.989990234375,58641300,-0.00024248021956496668,-0.00024250962264661335,0.529764681889417
2019-06-12,260.501220703125,288.3900146484375,289.260009765625,287.82000732421875,288.6400146484375,47096300,-0.0017654830005749966,-0.0017670433024156809,0.5270639083486612
2019-06-13,261.57623291015625,289.5799865722656,289.9800109863281,288.6199951171875,289.3999938964844,48945200,0.0041267069848258675,0.00411821548283415,0.5333656536455191
2019-06-14,261.2871398925781,289.260009765625,289.92999267578125,288.4100036621094,289.260009765625,52324700,-0.001105196043087786,-0.001105807222591559,0.5316709839925033
2019-06-17,261.3865051269531,289.3699951171875,290.2200012207031,289.17999267578125,289.5199890136719,39205700,0.00038029133165862206,0.0003802190392376947,0.5322534651906687
2019-06-18,264.1234741210937,292.3999938964844,293.57000732421875,290.989990234375,291.3900146484375,85434800,0.010470965181661684,0.010416524328162325,0.5482976378741606
2019-06-19,264.7196960449219,293.0599975585937,293.6499938964844,291.4700012207031,292.54998779296875,78674400,0.0022573605992886048,0.002254816588631283,0.5517927039578694
2019-06-20,267.24884033203125,295.8599853515625,296.3099975585937,293.1300048828125,296.0400085449219,116570000,0.009554046506158764,0.009508695233798506,0.5666186036194008
2019-06-21,266.86041259765625,294.0,295.5199890136719,293.760009765625,294.1300048828125,83309500,-0.0014534309443304805,-0.0014544881996413472,0.5643416316629366
2019-06-24,266.5335998535156,293.6400146484375,294.5799865722656,293.4700012207031,294.2300109863281,47582700,-0.001224658018622482,-0.001225408525058828,0.5624258481398556
2019-06-25,263.9194641113281,290.760009765625,293.7300109863281,290.6400146484375,293.70001220703125,82028700,-0.009807903182278754,-0.009856317486664658,0.5471017266918101
2019-06-26,263.65631103515625,290.4700012207031,292.3099975585937,290.3500061035156,291.75,51584900,-0.0009970961295255876,-0.0009975935605565382,0.5455591175481433
2019-06-27,264.5911865234375,291.5,292.0599975585937,290.8900146484375,291.3099975585937,40355200,0.0035458111532047365,0.0035395395856613896,0.5510393783050829
2019-06-28,265.9527282714844,293.0,293.54998779296875,292.010009765625,292.5799865722656,59350900,0.005145831824319824,0.005132637276994841,0.5590207660987383
2019-07-01,268.3670959472656,295.6600036621094,296.9200134277344,294.3299865722656,296.67999267578125,78705600,0.009078183523339112,0.009037224517582456,0.5731738427300794
2019-07-02,269.06610107421875,296.42999267578125,296.489990234375,294.67999267578125,295.6099853515625,61504500,0.0026046603235236887,0.0026012740745675693,0.5772714262202439
2019-07-03,271.2173156738281,298.79998779296875,298.82000732421875,297.0199890136719,297.17999267578125,40898900,0.00799511566496447,0.007963324066965302,0.5898818937079182
2019-07-05,270.9087219238281,298.4599914550781,298.6400146484375,296.010009765625,297.44000244140625,51677300,-0.0011378099117060891,-0.0011384577088302897,0.5880729103308153
2019-07-08,269.42010498046875,296.82000732421875,298.260009765625,296.2200012207031,297.010009765625,45841800,-0.005494902241567345,-0.005510054750083748,0.579346604936066
2019-07-09,269.75592041015625,297.19000244140625,297.5199890136719,295.4800109863281,295.5400085449219,41101300,0.0012464378993239933,0.0012456617404944647,0.581315162400627
2019-07-10,271.0448303222656,298.6099853515625,299.6600036621094,297.7799987792969,298.3699951171875,58448500,0.004778059773997256,0.0047666810773950965,0.5888707807681053
2019-07-11,271.68023681640625,299.3099975585937,299.5799865722656,298.20001220703125,299.32000732421875,50826100,0.002344285605392793,0.0023415420548337537,0.5925955476682891
2019-07-12,272.896484375,300.6499938964844,300.7300109863281,299.510009765625,299.8500061035156,40326000,0.004476761257447226,0.0044667703685545386,0.5997252177148735
2019-07-15,272.9872436523437,300.75,301.1300048828125,300.19000244140625,301.1300048828125,33900000,0.0003325776715357165,0.0003325223798407635,0.600257250602878
2019-07-16,272.1068115234375,299.7799987792969,300.8800048828125,299.44000244140625,300.6499938964844,36650100,-0.0032251768145893367,-0.003230388906962137,0.5950961380208553
2019-07-17,270.25518798828125,297.739990234375,299.92999267578125,297.739990234375,299.75,36036300,-0.0068047673073291515,-0.006828025306613828,0.5842418799688041
2019-07-18,271.2445068359375,298.8299865722656,299.25,296.70001220703125,297.19000244140625,51392600,0.0036606840187620726,0.0036540000220530214,0.5900412889006594
2019-07-19,269.7378234863281,297.1700134277344,300.07000732421875,296.9800109863281,300.0400085449219,58678600,-0.005554705483936995,-0.0055701902291987225,0.5812090778335166
2019-07-22,270.4004211425781,297.8999938964844,298.5,297.0400085449219,297.6099853515625,43638100,0.002456450666376675,0.0024534385232174425,0.5850932399264417
2019-07-23,272.33380126953125,300.0299987792969,300.0299987792969,298.2200012207031,299.1400146484375,44564500,0.007150063297918008,0.007124622790844913,0.5964267569250177
2019-07-24,273.61358642578125,301.44000244140625,301.44000244140625,299.0899963378906,299.19000244140625,47213200,0.004699325424475598,0.004688318066055038,0.6039288857721485
2019-07-25,272.30645751953125,300.0,301.0,299.1099853515625,300.94000244140625,55394100,-0.004777280702047859,-0.004788728381237265,0.5962664672586921
2019-07-26,274.1309509277344,302.010009765625,302.2300109863281,300.6199951171875,300.760009765625,45084100,0.00670014741781233,0.006677801189916377,0.606961687907436
2019-07-29,273.6317138671875,301.4599914550781,302.010009765625,300.8500061035156,301.8800048828125,38126500,-0.0018211626919810708,-0.0018228230248868583,0.6040351492339759
2019-07-30,272.9600524902344,300.7200012207031,301.1700134277344,299.489990234375,299.9100036621094,45849000,-0.002454618170754652,-0.002457635684844741,0.600097855410137
2019-07-31,269.9737548828125,297.42999267578125,301.20001220703125,295.20001220703125,300.989990234375,104245200,-0.010940419963205827,-0.011000706467377507,0.5825921128897251
2019-08-01,267.6228942871094,294.8399963378906,300.8699951171875,293.9599914550781,297.6000061035156,142646600,-0.00870773752331433,-0.008745871404307992,0.5688113161642139
2019-08-02,265.6078186035156,292.6199951171875,294.1199951171875,290.8999938964844,293.8500061035156,116749700,-0.007529534007026828,-0.007558024049466651,0.556998898008547
2019-08-05,257.6201171875,283.82000732421875,288.2099914550781,281.7200012207031,288.0899963378906,178745400,-0.030073291735207563,-0.030534768829299747,0.5101748159173392
2019-08-06,261.23272705078125,287.79998779296875,288.0400085449219,284.2799987792969,285.9100036621094,120711700,0.014023011489634252,0.013925598688251183,0.5313520147123043
2019-08-07,261.38702392578125,287.9700012207031,288.82000732421875,282.0400085449219,284.3999938964844,140572300,0.0005906490995288838,0.000590474735004951,0.532256506400856
2019-08-08,266.5154724121094,293.6199951171875,293.6199951171875,289.010009765625,289.6199951171875,87713900,0.01962013419527775,0.019430140475966782,0.5623195846780282
2019-08-09,264.7000732421875,291.6199951171875,293.239990234375,289.6499938964844,292.5799865722656,93730000,-0.0068116089227072685,-0.006834913820288905,0.551677674654915
2019-08-12,261.4779052734375,288.07000732421875,291.6099853515625,287.0199890136719,289.9599914550781,65527600,-0.012172901689384452,-0.012247598258758508,0.532789254867728
2019-08-13,265.5443115234375,292.54998779296875,294.1499938964844,287.3599853515625,287.739990234375,94299800,0.015551624699408517,0.015431937476251642,0.5566266181027169
2019-08-14,257.6927795410156,283.8999938964844,288.739990234375,283.760009765625,288.07000732421875,135622100,-0.029567690369179278,-0.03001362673878125,0.5106007642382331
2019-08-15,258.3734741210937,284.6499938964844,285.6400146484375,282.3900146484375,284.8800048828125,99556600,0.002641496518802189,0.002638013898411092,0.5145910108982683
2019-08-16,262.18585205078125,288.8500061035156,289.3299865722656,284.7099914550781,286.4800109863281,83018300,0.01475529925297514,0.014647498948388406,0.5369392545099383
2019-08-19,265.344482421875,292.3299865722656,293.0799865722656,291.44000244140625,292.19000244140625,53571800,0.012047295254062673,0.01197530421402724,0.5554552154965784
2019-08-20,263.31134033203125,290.0899963378906,292.3599853515625,289.95001220703125,291.7699890136719,51596400,-0.007662273853545676,-0.007691779892718857,0.5435368916685177
2019-08-21,265.4534606933594,292.45001220703125,292.8599853515625,291.7200012207031,292.4800109863281,49524700,0.00813531372643106,0.00810240044778744,0.5560940485305614
2019-08-22,265.37176513671875,292.3599853515625,293.92999267578125,290.3999938964844,293.2300109863281,51666400,-0.0003077584915534004,-0.00030780585891668346,0.5556151473734705
2019-08-23,258.5550842285156,284.8500061035156,292.760009765625,283.4700012207031,290.9200134277344,149161500,-0.02568728781184082,-0.02602296712681532,0.5156556133584289
2019-08-26,261.414306640625,288.0,288.0,285.5799865722656,287.2699890136719,72423800,0.011058465242100413,0.010997767488056205,0.5324164382777474
2019-08-27,260.388671875,286.8699951171875,289.95001220703125,286.0299987792969,289.5400085449219,66668900,-0.003923407172335747,-0.003931123924843478,0.5264041446328034
2019-08-28,262.2221984863281,288.8900146484375,289.07000732421875,285.25,286.1400146484375,59696700,0.007041499148658481,0.007016823561229643,0.537152318117744
2019-08-29,265.57147216796875,292.5799865722656,293.1600036621094,290.6099853515625,291.7200012207031,57899400,0.012772655026821678,0.0126917726621846,0.5567858344007413
2019-08-30,265.4534606933594,292.45001220703125,294.239990234375,291.4200134277344,294.2200012207031,62901200,-0.0004443680401587935,-0.0004444668008948443,0.5560940485305617
2019-09-03,263.9012756347656,290.739990234375,291.5799865722656,289.2699890136719,290.57000732421875,69101400,-0.0058472963755660246,-0.005864458748038639,0.5469951054405491
2019-09-04,266.896728515625,294.0400085449219,294.0599975585937,292.3099975585937,293.1400146484375,46887300,0.011350657073007309,0.011286721715680981,0.5645545163760255
2019-09-05,270.3278503417969,297.82000732421875,298.8299865722656,294.0,296.7900085449219,83258100,0.012855615897783501,0.012773683911350114,0.5846678282896982
2019-09-06,270.5365295410156,298.04998779296875,298.760009765625,297.4200134277344,298.1700134277344,49584300,0.0007719485763486578,0.0007716507772935773,0.5858911103637319
2019-09-09,270.6727294921875,298.20001220703125,299.239990234375,297.1600036621094,299.1400146484375,51260300,0.0005034438469471159,0.00050331716161112,0.5866895174851727
2019-09-10,270.6092224121094,298.1300048828125,298.20001220703125,295.9700012207031,297.3599853515625,57947100,-0.00023462681370700622,-0.00023465434288400097,0.5863172375793428
2019-09-11,272.533447265625,300.25,300.3399963378906,297.75,298.4700012207031,68821100,0.007110714248257377,0.007085552328763461,0.5975970861628546
2019-09-12,273.4774475097656,301.2900085449219,302.4599914550781,300.4100036621094,301.25,72908700,0.0034637959252779016,0.0034578108010225625,0.6031308364401413
2019-09-13,273.2959899902344,301.0899963378906,302.1700134277344,300.67999267578125,301.7799987792969,62104800,-0.0006635191354298353,-0.0006637393616729821,0.6020671284535657
2019-09-16,272.4517822265625,300.1600036621094,301.1400146484375,299.45001220703125,299.8399963378906,58191200,-0.0030889870125867525,-0.0030937677806608574,0.5971183639004805
2019-09-17,273.14166259765625,300.9200134277344,301.0199890136719,299.75,299.94000244140625,41475500,0.0025321191348275374,0.0025289187225826593,0.6011624578702972
2019-09-18,273.3050842285156,301.1000061035156,301.2200012207031,298.239990234375,300.489990234375,73375800,0.0005983035663807978,0.0005981246541610151,0.6021204390791961
2019-09-19,273.28692626953125,301.0799865722656,302.6300048828125,300.7099914550781,301.5299987792969,76560500,-6.64384236964688e-05,-6.644063082629979e-05,0.6020139967226519
2019-09-20,271.99560546875,298.2799987792969,300.6700134277344,297.4100036621094,300.3599853515625,89565000,-0.0047251466376685425,-0.00473634543427234,0.5944442456725398
2019-09-23,271.9317626953125,298.2099914550781,299.0,297.2699890136719,297.54998779296875,43476800,-0.00023471987103418357,-0.00023474742205437834,0.5940699979248243
2019-09-24,269.7979431152344,295.8699951171875,299.8399963378906,294.8099975585937,299.4100036621094,94869400,-0.007846893496104679,-0.007877842372881643,0.5815615004257724
2019-09-25,271.393798828125,297.6199951171875,298.1099853515625,294.3299865722656,295.9599914550781,71854000,0.00591500325934291,0.005897578306237085,0.5909164418556421
2019-09-26,270.828369140625,297.0,297.8599853515625,295.45001220703125,297.6300048828125,56179700,-0.002083428913783325,-0.0020856022710176057,0.5876018805412668
2019-09-27,269.36944580078125,295.3999938964844,297.95001220703125,293.69000244140625,297.8299865722656,84746600,-0.005386892608308047,-0.005401454232441507,0.5790496397060432
2019-09-30,270.61865234375,296.7699890136719,297.54998779296875,295.9200134277344,295.9700012207031,51662400,0.004637521301850356,0.004626801130509436,0.5863725160468591
2019-10-01,267.39971923828125,293.239990234375,298.4599914550781,293.0,297.739990234375,88242400,-0.011894720033488126,-0.011966028240682512,0.5675030590996617
2019-10-02,262.6762390136719,288.0599975585937,291.510009765625,286.6400146484375,291.5,122539500,-0.017664492087219652,-0.017822371227068378,0.5398139137155031
2019-10-03,264.8282775878906,290.4200134277344,290.45001220703125,284.82000732421875,287.8099975585937,85278800,0.00819274168953954,0.008159363364084472,0.5524292113605331
2019-10-04,268.4119567871094,294.3500061035156,294.6300048828125,291.0799865722656,291.1400146484375,65091200,0.01353208664822203,0.013441345657143297,0.5734368179638949
2019-10-07,267.2538146972656,293.0799865722656,295.260009765625,292.7699890136719,293.4700012207031,59610500,-0.004314793214529988,-0.0043241287985264845,0.5666477634582525
2019-10-08,263.1047668457031,288.5299987792969,291.8500061035156,288.489990234375,291.0400085449219,95708100,-0.01552474697606232,-0.015646517812144094,0.5423259533299492
2019-10-09,265.6033630371094,291.2699890136719,292.29998779296875,290.0599975585937,290.75,62359400,0.00949658275431986,0.009451773677675402,0.5569727793798822
2019-10-10,267.39971923828125,293.239990234375,294.2099914550781,291.0,291.17999267578125,55296300,0.006763303674437671,0.006740535138835879,0.5675030590996617
2019-10-11,270.1718444824219,296.2799987792969,298.739990234375,296.1400146484375,296.2699890136719,98720400,0.010366971409085046,0.01031360289068785,0.5837533184970012
2019-10-14,269.8709411621094,295.95001220703125,296.6700134277344,295.57000732421875,295.92999267578125,40394800,-0.0011137478847543791,-0.001114368562825167,0.5819894165885524
2019-10-15,272.5426940917969,298.8800048828125,299.70001220703125,296.9700012207031,297.1000061035156,46754500,0.009900113432674384,0.009851428371067334,0.5976512912620695
2019-10-16,272.1050109863281,298.3999938964844,299.1600036621094,297.9200134277344,298.3699951171875,48928200,-0.0016059249246334062,-0.0016072158042875057,0.595085583232559
2019-10-17,272.9075012207031,299.2799987792969,300.239990234375,298.5199890136719,299.67999267578125,45736600,0.002949193149608398,0.0029448528110620283,0.5997897987076677
2019-10-18,271.7130126953125,297.9700012207031,299.3999938964844,297.0299987792969,298.69000244140625,64304000,-0.0043768988395251895,-0.004386505503095553,0.5927876805942198
2019-10-21,273.5549011230469,299.989990234375,300.2099914550781,298.94000244140625,299.4200134277344,39048600,0.006778800946864338,0.006755928184147826,0.6035848712315859
2019-10-22,272.6612548828125,299.010009765625,300.8999938964844,298.9100036621094,300.5799865722656,48594700,-0.0032667893595238473,-0.00327213696539428,0.5983462972371532
2019-10-23,273.4546813964844,299.8800048828125,299.94000244140625,298.5,298.7300109863281,34352200,0.002909934944782977,0.0029057092797137134,0.602997380981348
2019-10-24,273.9014587402344,300.3699951171875,301.07000732421875,299.4599914550781,300.9100036621094,35453100,0.001633825910269282,0.001632492668708939,0.6056163996364892
2019-10-25,275.0230712890625,301.6000061035156,302.20001220703125,299.67999267578125,299.739990234375,45205400,0.004094949161595585,0.00408658767607713,0.6121913171660247
2019-10-28,276.5732727050781,303.29998779296875,303.8500061035156,302.9100036621094,302.94000244140625,42147000,0.005636623170375055,0.005620796853464603,0.6212786320994401
2019-10-29,276.4911193847656,303.2099914550781,304.2300109863281,302.8599853515625,303.0,44284900,-0.000297039983325198,-0.00029708410843921,0.6207970475215958
2019-10-30,277.3392639160156,304.1400146484375,304.54998779296875,301.989990234375,303.42999267578125,49643900,0.003067529015533088,0.0030628337478652195,0.6257688894931586
2019-10-31,276.6006164550781,303.3299865722656,304.1300048828125,301.7300109863281,304.1300048828125,69053800,-0.0026633353334389875,-0.002666888320921698,0.6214389217657657
2019-11-01,279.1629943847656,306.1400146484375,306.19000244140625,304.739990234375,304.9200134277344,71141500,0.009263818579029248,0.009221172585868421,0.6364596377739804
2019-11-04,280.2845764160156,307.3699951171875,308.0,306.9599914550781,307.8500061035156,60606900,0.004017660126198974,0.004009610881969766,0.6430343764087989
2019-11-05,279.974609375,307.0299987792969,307.9200134277344,306.7099914550781,307.5899963378906,42933200,-0.0011059011700863541,-0.0011065131300050845,0.6412173427694363
2019-11-06,280.0383605957031,307.1000061035156,307.3999938964844,306.0599975585937,307.0299987792969,46487100,0.00022770357942625274,0.00022767765890093392,0.6415910538330014
2019-11-07,281.02325439453125,308.17999267578125,309.6499938964844,307.6600036621094,308.57000732421875,54272300,0.0035169960170207126,0.003510825849267031,0.6473645230309089
2019-11-08,281.71630859375,308.94000244140625,309.0,307.0299987792969,307.79998779296875,49032100,0.0024661809596930873,0.0024631449260112473,0.6514272220512816
2019-11-11,281.17828369140625,308.3500061035156,308.5400085449219,307.2699890136719,307.4200134277344,35797300,-0.0019098109904585048,-0.001911637004733283,0.6482733081926657
2019-11-12,281.7709045410156,309.0,309.989990234375,308.1499938964844,308.75,46484600,0.002107633782485685,0.0021054158382678486,0.651747264699782
2019-11-13,281.8621826171875,309.1000061035156,309.5400085449219,307.6600036621094,307.9100036621094,53917700,0.000323944291979128,0.00032389183335578367,0.6522823387979735
2019-11-14,282.2724609375,309.54998779296875,309.6400146484375,308.0899963378906,308.7900085449219,51219900,0.0014555990324878199,0.0014545406751209544,0.6546873993717246
2019-11-15,284.3151550292969,311.7900085449219,311.8399963378906,310.260009765625,311.0199890136719,62023600,0.00723660425467143,0.007210545675662066,0.6666617172461693
2019-11-18,284.52490234375,312.0199890136719,312.2799987792969,311.0299987792969,311.5299987792969,49228000,0.0007377282242710947,0.0007374562365651027,0.667891260635294
2019-11-19,284.4427795410156,311.92999267578125,312.69000244140625,311.2200012207031,312.67999267578125,67804700,-0.0002886313361604165,-0.0002886729982013632,0.6674098549521665
2019-11-20,283.385009765625,310.7699890136719,311.8500061035156,309.0599975585937,311.2799987792969,79406200,-0.0037187436330691215,-0.0037256753503624946,0.6612091851703465
2019-11-21,282.9289855957031,310.2699890136719,311.010009765625,309.3900146484375,310.8900146484375,54664700,-0.001609203571843909,-0.0016104997306205784,0.6585359614159905
2019-11-22,283.5582580566406,310.9599914550781,311.239990234375,309.8500061035156,311.0899963378906,44850200,0.002224135712403541,0.002221665983899594,0.6622247704780813
2019-11-25,285.7558898925781,313.3699951171875,313.3699951171875,311.9800109863281,311.9800109863281,48647200,0.007750195148605199,0.007720316662953845,0.6751073368301319
2019-11-26,286.4032897949219,314.0799865722656,314.2799987792969,313.0599975585937,313.4100036621094,37569000,0.0022655697581146494,0.002263007224619295,0.6789024093540503
2019-11-27,287.67999267578125,315.4800109863281,315.4800109863281,314.3699951171875,314.6099853515625,44444600,0.004457710251071223,0.004447804089020026,0.6863864698347761
2019-11-29,286.6130065917969,314.3099975585937,315.1300048828125,314.0599975585937,314.8599853515625,36592700,-0.003708933923628366,-0.0037158290734365896,0.680131773848458
2019-12-02,284.1783752441406,311.6400146484375,314.6600036621094,311.1700134277344,314.5899963378906,75767800,-0.008494490102201602,-0.008530773904294619,0.6658599111251078
2019-12-03,282.2724609375,309.54998779296875,309.6400146484375,307.1300048828125,308.6499938964844,73941700,-0.00670675347835048,-0.006729344815804263,0.6546873993717248
2019-12-04,284.01422119140625,311.4599914550781,312.1199951171875,310.32000732421875,310.70001220703125,49080000,0.006170493034004743,0.006151533495025641,0.6648976364430035
2019-12-05,284.52490234375,312.0199890136719,312.25,310.5799865722656,312.2300109863281,40709000,0.0017980830333126363,0.0017964684172014484,0.667891260635294
2019-12-06,287.1237487792969,314.8699951171875,315.3099975585937,314.1099853515625,314.1199951171875,48927000,0.009133985862534777,0.009092523301383632,0.6831257558301822
2019-12-09,286.2210388183594,313.8800048828125,315.17999267578125,313.79998779296875,314.44000244140625,34838500,-0.0031439752537899546,-0.003148927927434727,0.6778340501048357
2019-12-10,285.9018249511719,313.5299987792969,314.54998779296875,312.8099975585937,313.82000732421875,52649800,-0.0011152704514851841,-0.00111589282836389,0.6759628113662581
2019-12-11,286.7134094238281,314.4200134277344,314.70001220703125,313.44000244140625,314.0299987792969,53429100,0.002838682379151747,0.00283466092894255,0.6807203374669972
2019-12-12,289.18463134765625,317.1300048828125,317.989990234375,314.1700134277344,314.42999267578125,96389600,0.008619136191761134,0.008582203504259159,0.6952066949558879
2019-12-13,289.3578186035156,317.32000732421875,318.6700134277344,316.0199890136719,316.8699951171875,81503900,0.0005988812581507741,0.0005987020003359518,0.6962219224741888
2019-12-16,291.3457946777344,319.5,320.1499938964844,317.25,319.2200012207031,82749700,0.006870303639324504,0.006846810644567315,0.7078754821212652
2019-12-17,291.4096069335937,319.57000732421875,320.25,319.4800109863281,319.9200134277344,61097700,0.00021902583467836578,0.00021900185202205447,0.7082495509742635
2019-12-18,291.4278259277344,319.5899963378906,320.25,319.5299987792969,320.0,48133000,6.252022482167163e-05,6.251827051387118e-05,0.708356351120242
2019-12-19,292.6223449707031,320.8999938964844,320.9800109863281,319.5199890136719,319.79998779296875,85310500,0.0040988503385568364,0.004090472935519947,0.7153586481284069
2019-12-20,293.9052124023437,320.7300109863281,321.9700012207031,319.3900146484375,320.4599914550781,147142100,0.00438403783473551,0.004374455935598838,0.7228788453419426
2019-12-23,294.3542785644531,321.2200012207031,321.6499938964844,321.0599975585937,321.5899963378906,52990000,0.0015279285400855436,0.0015267624449293354,0.7255112811008502
2019-12-24,294.3634338378906,321.2300109863281,321.5199890136719,320.8999938964844,321.4700012207031,20270000,3.110290593411058e-05,3.110242224876113e-05,0.7255649495159144
2019-12-26,295.9303894042969,322.94000244140625,322.95001220703125,321.6400146484375,321.6499938964844,30911200,0.005323200459977029,0.005309082308745312,0.7347504776488978
2019-12-27,295.85711669921875,322.8599853515625,323.79998779296875,322.2799987792969,323.739990234375,42528800,-0.00024760115115451953,-0.00024763180938032513,0.7343209514336662
2019-12-30,294.22589111328125,321.0799865722656,323.1000061035156,320.54998779296875,322.95001220703125,49729100,-0.005513558720968259,-0.005528814487403183,0.7247586710269311
2019-12-31,294.9407043457031,321.8599853515625,322.1300048828125,320.1499938964844,320.5299987792969,57077300,0.002429470872591155,0.0024265244793835287,0.7289489219804401
2020-01-02,297.6990051269531,324.8699951171875,324.8900146484375,322.5299987792969,323.5400085449219,59151200,0.009352051923009475,0.009308592233485156,0.7451181420710324
2020-01-03,295.4447937011719,322.4100036621094,323.6400146484375,321.1000061035156,321.1600036621094,77709700,-0.007572116086917879,-0.007600930105486698,0.7319039049138842
2020-01-06,296.5719299316406,323.6400146484375,323.7300109863281,320.3599853515625,320.489990234375,55653900,0.003815048545444233,0.003807789703773586,0.7385112023871752
2020-01-07,295.73797607421875,322.7300109863281,323.5400085449219,322.239990234375,323.0199890136719,40496400,-0.0028119783878876037,-0.002815939426427081,0.7336225464589619
2020-01-08,297.3141784667969,324.45001220703125,325.7799987792969,322.6700134277344,322.94000244140625,68296000,0.005329726041617855,0.005315573316273103,0.7428622796911601
2020-01-09,299.330078125,326.6499938964844,326.7300109863281,325.5199890136719,326.1600036621094,48473300,0.006780368392112379,0.0067574850743270755,0.7546795280041829
2020-01-10,298.4687194824219,325.7099914550781,327.4599914550781,325.20001220703125,327.2900085449219,53029300,-0.002877621413703735,-0.002881769726297459,0.7496302246202105
2020-01-13,300.5213317871094,327.95001220703125,327.9599914550781,325.9200134277344,326.3900146484375,47086800,0.006877143803367236,0.006853604112190522,0.7616626832776414
2020-01-14,300.0632019042969,327.45001220703125,328.6199951171875,326.8399963378906,327.4700012207031,62832800,-0.001524450461097504,-0.0015256136179686553,0.7589771157878205
2020-01-15,300.7413024902344,328.19000244140625,329.0199890136719,327.260009765625,327.3500061035156,72056600,0.002259859195109737,0.0022573095538165754,0.7629521563969213
2020-01-16,303.2429504394531,330.9200134277344,330.9200134277344,329.45001220703125,329.70001220703125,54050300,0.008318271978289271,0.008283865822103342,0.7776168719185423
2020-01-17,304.1869201660156,331.95001220703125,332.17999267578125,330.8500061035156,331.70001220703125,95846000,0.0031129156512774703,0.0031080805609051735,0.7831504433011125
2020-01-21,303.59112548828125,331.29998779296875,332.17999267578125,330.82000732421875,330.8999938964844,77742400,-0.001958646602586378,-0.001960567259178068,0.7796578817434403
2020-01-22,303.6278076171875,331.3399963378906,332.95001220703125,331.1700134277344,332.239990234375,48914900,0.0001208274084008032,0.0001208201093574365,0.7798729131931315
2020-01-23,303.9760131835937,331.7200012207031,332.1700134277344,329.4100036621094,330.6300048828125,51963000,0.0011468171151345352,0.0011461600227153257,0.7819141019127458
2020-01-24,301.27276611328125,328.7699890136719,332.5299987792969,327.3599853515625,332.44000244140625,87578400,-0.008892961789980891,-0.008932740182098019,0.7660676078914077
2020-01-27,296.4435729980469,323.5,325.1199951171875,322.6600036621094,323.0299987792969,84062500,-0.01602930519587209,-0.0161591640764894,0.7377587712079725
2020-01-28,299.5500183105469,326.8900146484375,327.8500061035156,323.6000061035156,325.0599975585937,63834000,0.010479044227821532,0.010424519623565255,0.7559688222287457
2020-01-29,299.3026428222656,326.6199951171875,328.6300048828125,326.3999938964844,328.3800048828125,53888900,-0.000825823646002255,-0.0008261648261987848,0.7545187016537065
2020-01-30,300.2739562988281,327.67999267578125,327.9100036621094,323.5400085449219,324.3599853515625,75491800,0.003245255262043445,0.0032400007861934197,0.7602125627026017
2020-01-31,294.82159423828125,321.7300109863281,327.1700134277344,320.7300109863281,327.0,113845600,-0.018157958578068456,-0.018324837515208334,0.7282506959004522
2020-02-03,297.01171875,324.1199951171875,326.1600036621094,323.2200012207031,323.3500061035156,69083000,0.007428643472935814,0.0074011869934319675,0.7410892541521499
2020-02-04,301.53857421875,329.0599975585937,330.010009765625,327.7200012207031,328.07000732421875,62573200,0.015241336226737623,0.015126353912534755,0.7676257808754425
2020-02-05,305.0207214355469,332.8599853515625,333.0899963378906,330.6700134277344,332.2699890136719,65951100,0.011547932883275935,0.01148176442506196,0.7880382047557404
2020-02-06,306.0469970703125,333.9800109863281,334.19000244140625,332.79998779296875,333.9100036621094,50359700,0.0033646095581165714,0.003358961923887796,0.7940542551897392
2020-02-07,304.4159240722656,332.20001220703125,333.989990234375,331.6000061035156,332.82000732421875,64139400,-0.005329485385122568,-0.005343737753437362,0.7844928692565885
2020-02-10,306.6885986328125,334.67999267578125,334.75,331.19000244140625,331.2300109863281,42070000,0.007465688818589333,0.00743795849560356,0.7978153377174497
2020-02-11,307.219970703125,335.260009765625,337.0199890136719,334.67999267578125,336.1600036621094,54864500,0.0017326111002538003,0.0017311118611238738,0.8009302525277855
2020-02-12,309.1993713378906,337.4200134277344,337.6499938964844,336.42999267578125,336.8299865722656,43992700,0.006442942593332779,0.006422275562199961,0.8125335427594182
2020-02-13,308.86944580078125,337.0599975585937,338.1199951171875,335.5599975585937,335.8599853515625,54501900,-0.0010670317202838842,-0.0010676014039129869,0.8105995119752154
2020-02-14,309.36431884765625,337.6000061035156,337.7300109863281,336.20001220703125,337.510009765625,64582200,0.001602207837657632,0.0016009256720279537,0.8135004687041612
2020-02-18,308.56707763671875,336.7300109863281,337.6700134277344,335.2099914550781,336.510009765625,57226200,-0.0025770302596858086,-0.0025803565179732253,0.808827023120356
2020-02-19,310.0423889160156,338.3399963378906,339.0799865722656,337.4800109863281,337.7900085449219,48814700,0.004781168783773548,0.004769775297990451,0.8174753304185451
2020-02-20,308.76873779296875,336.95001220703125,338.6400146484375,333.67999267578125,337.739990234375,74163400,-0.004107990289650032,-0.004116451261436449,0.8100091594095074
2020-02-21,305.5888366699219,333.4800109863281,335.8099975585937,332.5799865722656,335.4700012207031,113788200,-0.010298649875555177,-0.01035204790497013,0.7913685088052009
2020-02-24,295.4539489746094,322.4200134277344,333.5599975585937,321.239990234375,323.1400146484375,161088400,-0.03316511102223141,-0.03372754373549087,0.7319575733289474
2020-02-25,286.5009765625,312.6499938964844,324.6099853515625,311.69000244140625,323.94000244140625,218913200,-0.030302429340278603,-0.030771038924108037,0.6794750513427865
2020-02-26,285.4472351074219,311.5,318.1099853515625,310.70001220703125,314.17999267578125,194773800,-0.003677968109292773,-0.003684748464391434,0.6732979956635949
2020-02-27,272.62725830078125,297.510009765625,311.5599975585937,297.510009765625,305.4599914550781,284353500,-0.04491189694591402,-0.04595168824969581,0.5981470085225471
2020-02-28,271.4818725585937,296.260009765625,297.8900146484375,285.5400085449219,288.70001220703125,384975800,-0.004201288416009752,-0.004210138625072236,0.5914327320085606
2020-03-02,283.23876953125,309.0899963378906,309.1600036621094,294.4599914550781,298.2099914550781,238703600,0.043306379397831885,0.042394881107264554,0.6603519216870515
2020-03-03,275.12896728515625,300.239990234375,313.8399963378906,297.57000732421875,309.5,300139100,-0.028632387647761548,-0.029050290832583578,0.612812081833602
2020-03-04,286.69342041015625,312.8599853515625,313.1000061035156,303.3299865722656,306.1199951171875,176613400,0.04203284459325607,0.04117346355730213,0.6806031614274397
2020-03-05,277.1632080078125,302.4599914550781,308.4700012207031,300.010009765625,304.9800109863281,186366800,-0.03324182462474867,-0.03380689197475773,0.6247368458714706
2020-03-06,272.5814514160156,297.4599914550781,298.7799987792969,290.2300109863281,293.1499938964844,228667200,-0.016530897534090205,-0.016669057542893384,0.5978784875525085
2020-03-09,251.2943878173828,274.2300109863281,284.19000244140625,273.45001220703125,275.29998779296875,309417300,-0.07809432185517406,-0.08131236202004456,0.4730932506601242
2020-03-10,264.2975769042969,288.4200134277344,288.5199890136719,273.5,284.6400146484375,276444100,0.0517448447609723,0.05045054189432905,0.5493182322339685
2020-03-11,251.4134521484375,274.3599853515625,281.94000244140625,270.8800048828125,280.70001220703125,255316300,-0.04874855421215141,-0.04997684992529546,0.47379120839803623
2020-03-12,227.3589324951172,248.1100006103516,266.6600036621094,247.67999267578125,256.0,392220700,-0.09567713838604885,-0.10056883454901265,0.33278308299999515
2020-03-13,246.7950439453125,269.32000732421875,271.4800109863281,248.5200042724609,263.0899963378906,329566100,0.08548646511002045,0.08202824145149072,0.4467179975240998
2020-03-16,219.7897491455078,239.8500061035156,256.8999938964844,237.3600006103516,241.17999267578125,297240000,-0.10942397532824366,-0.11588680687935701,0.28841236305609663
2020-03-17,231.65667724609372,252.8000030517578,256.1700134277344,237.07000732421875,245.0399932861328,262070500,0.053992181831599595,0.052585032474581746,0.3579765576363023
2020-03-18,219.9272003173828,240.0,248.3699951171875,228.0200042724609,236.25,327597100,-0.050633018949203135,-0.051959852223878104,0.2892181048609297
2020-03-19,220.39459228515625,240.50999450683597,247.3800048828125,232.22000122070312,239.25,289322000,0.0021252121933936774,0.002122957124395094,0.291957966897324
2020-03-20,210.8968811035156,228.8000030517578,244.47000122070312,228.5,242.52999877929688,347158800,-0.04309412079109498,-0.04405024219979988,0.23628217421483333
2020-03-23,205.50460815429688,222.9499969482422,229.67999267578125,218.25999450683597,228.19000244140625,326025200,-0.025568291579295632,-0.02590084107330656,0.20467255111022298
2020-03-24,224.12396240234372,243.1499938964844,244.1000061035156,233.8000030517578,234.4199981689453,235494500,0.09060309846710135,0.08673084457226672,0.3138196168790768
2020-03-25,227.4791412353516,246.7899932861328,256.3500061035156,239.75,244.8699951171875,299430300,0.014970192374988978,0.014859244944290934,0.33348774928979097
2020-03-26,240.76156616210935,261.20001220703125,262.79998779296875,249.0500030517578,249.5200042724609,257632800,0.05838963895602034,0.056748544424529215,0.41134961752309795
2020-03-27,233.59036254882807,253.4199981689453,260.8099975585937,251.0500030517578,253.2700042724609,224341200,-0.02978549993503854,-0.03023809784365785,0.36931186358204715
2020-03-30,241.1763610839844,261.6499938964844,262.42999267578125,253.52999877929688,255.6999969482422,171369500,0.03247564862000929,0.031959460703261604,0.4137811545149479
2020-03-31,237.58155822753903,257.75,263.3299865722656,256.2200012207031,260.5599975585937,194881100,-0.014905286904107307,-0.015017487005382718,0.39270834078728245
2020-04-01,226.8892364501953,246.1499938964844,257.6600036621094,243.8999938964844,247.97999572753903,189554600,-0.045004847417926985,-0.04604901434457891,0.33002971441247664
2020-04-02,232.124755859375,251.8300018310547,252.67999267578125,244.58999633789065,245.19000244140625,177660400,0.02307522159751696,0.022813014664617,0.3607204448038268
2020-04-03,228.76959228515625,248.19000244140625,253.32000732421875,245.22000122070312,250.75999450683597,135561200,-0.014454139377754971,-0.014559618086767263,0.3410524018404715
2020-04-06,244.1351776123047,264.8599853515625,267.0,248.1699981689453,257.8399963378906,188061200,0.06716620497358572,0.06500672867405057,0.43112580234280795
2020-04-07,244.38414001464844,265.1300048828125,275.0299987792969,264.8900146484375,274.2099914550781,201427200,0.001019772753679593,0.0010192531386744984,0.43258522544312505
2020-04-08,252.5876617431641,274.0299987792969,276.0,265.25,267.9599914550781,153774500,0.033568142875490814,0.033017032049817034,0.48067445097211703
2020-04-09,256.431396484375,278.20001220703125,281.20001220703125,275.4700012207031,277.5799865722656,189999200,0.015217428732205107,0.015102805052596096,0.5032065089053821
2020-04-13,254.0902099609375,275.6600036621094,277.510009765625,271.4100036621094,277.1400146484375,114839100,-0.009129874717116238,-0.009171807445462634,0.48948242180512236
2020-04-14,261.5839538574219,283.7900085449219,284.8999938964844,275.510009765625,280.9800109863281,134143400,0.029492454265106938,0.029065917944622596,0.5334109140088907
2020-04-15,256.0258178710937,277.760009765625,283.94000244140625,275.4599914550781,277.57000732421875,121775000,-0.021248000515190935,-0.02147698878285426,0.5008289981180305
2020-04-16,257.260986328125,279.1000061035156,280.0299987792969,275.760009765625,279.1499938964844,131798300,0.004824390240413923,0.00481279016372164,0.5080695828890813
2020-04-17,264.2109680175781,286.6400146484375,287.29998779296875,282.3999938964844,285.3800048828125,146684800,0.027015295978803033,0.026656824680497317,0.5488105290274599
2020-04-20,259.5561218261719,281.5899963378906,286.7900085449219,281.3500061035156,282.6099853515625,100109300,-0.017617914299063342,-0.017774956994797607,0.521523717861567
2020-04-21,251.67510986328125,273.0400085449219,278.0400085449219,272.0199890136719,276.7300109863281,126385700,-0.03036342162705241,-0.030833939159041084,0.47532505170057604
2020-04-22,257.260986328125,279.1000061035156,281.0,276.9100036621094,278.3500061035156,92951600,0.02219479100606403,0.02195207147334112,0.5080695828890809
2020-04-23,257.2425231933594,279.0799865722656,283.94000244140625,278.75,280.489990234375,104709700,-7.176811000042527e-05,-7.177068545445616e-05,0.5079613515853678
2020-04-24,260.8280944824219,282.9700012207031,283.70001220703125,278.5,280.7300109863281,85063200,0.01393848592585667,0.013842238561410262,0.5289800496611763
2020-04-27,264.5888671875,287.04998779296875,288.2699890136719,284.6199951171875,285.1199951171875,77896600,0.014418587508914227,0.01431562818132602,0.5510257823066
2020-04-28,263.3721618652344,285.7300109863281,291.3999938964844,285.3999938964844,291.0199890136719,105270000,-0.004598475118015477,-0.00460908062999938,0.5438934288392627
2020-04-29,270.2668762207031,293.2099914550781,294.8800048828125,290.4100036621094,291.5299987792969,118745600,0.026178599540055858,0.02584180522530764,0.5843103966453695
2020-04-30,267.75048828125,290.4800109863281,293.32000732421875,288.5899963378906,291.7099914550781,122901700,-0.009310752300249359,-0.009354368297387278,0.5695592749754947
2020-05-01,260.6622009277344,282.7900085449219,290.6600036621094,281.5199890136719,285.3099975585937,125180000,-0.026473480586410525,-0.026830213232662055,0.5280075779802105
2020-05-04,261.3812255859375,283.57000732421875,283.8999938964844,279.1300048828125,280.739990234375,80873200,0.002758453874953881,0.002754656323041982,0.5322225164046488
2020-05-05,263.7962341308594,286.19000244140625,289.25,283.7099914550781,286.6400146484375,79569900,0.009239410900718559,0.009196988648032294,0.5463793498250444
2020-05-06,262.0079040527344,284.25,288.4599914550781,283.7799987792969,288.0400085449219,73632600,-0.006779210036932826,-0.0068022932644773906,0.5358961194158047
2020-05-07,265.1695556640625,287.67999267578125,289.7799987792969,287.1300048828125,287.75,75250400,0.01206700852311604,0.011994782628874864,0.554429790979416
2020-05-08,269.5570983886719,292.44000244140625,292.95001220703125,289.8599853515625,291.0899963378906,76452400,0.016546178212735185,0.01641078169458719,0.5801496633201462
2020-05-11,269.6123962402344,292.5,294.0,289.8800048828125,290.3399963378906,79514200,0.0002051433699690186,0.00020512233094519247,0.5804738205471351
2020-05-12,264.23858642578125,286.6700134277344,294.239990234375,286.5199890136719,293.7900085449219,95870800,-0.01993161252743314,-0.020132926616976857,0.5489724287462376
2020-05-13,259.5653076171875,281.6000061035156,287.19000244140625,278.9599914550781,286.0599975585937,144721100,-0.017685830339189912,-0.017844093422342857,0.5215775651713488
2020-05-14,262.6716613769531,284.9700012207031,285.1099853515625,272.989990234375,278.95001220703125,121977900,0.011967522887715631,0.011896478342128154,0.5397870795079716
2020-05-15,263.87908935546875,286.2799987792969,286.3299865722656,281.3399963378906,282.3699951171875,111146300,0.004596719616368761,0.004586186965514361,0.5468650489813771
2020-05-18,271.91680908203125,295.0,296.75,292.70001220703125,293.04998779296875,119703800,0.03045985851396882,0.030005167182558804,0.5939823395135533
2020-05-19,269.1239318847656,291.9700012207031,296.2099914550781,291.95001220703125,294.3500061035156,95189300,-0.010271072269103732,-0.010324183719237748,0.5776104317087345
2020-05-20,273.6957702636719,296.92999267578125,297.8699951171875,295.57000732421875,295.82000732421875,85861700,0.016987855174707578,0.01684517518067204,0.6044106492447103
2020-05-21,271.8063049316406,294.8800048828125,297.6700134277344,293.69000244140625,296.7900085449219,78293900,-0.006903524048658016,-0.006927463612659679,0.5933345617437265
2020-05-22,272.3223876953125,295.44000244140625,295.6300048828125,293.2200012207031,294.57000732421875,63958200,0.0018987152038347777,0.001896914922576202,0.5963598503009047
2020-05-26,275.6776123046875,299.0799865722656,302.19000244140625,295.4599914550781,301.92999267578125,88951400,0.012320781400936509,0.012245498307375672,0.6160282510536939
2020-05-27,279.77935791015625,303.5299987792969,303.57000732421875,296.8699951171875,302.1199951171875,104817400,0.01487877659407233,0.014769173434167815,0.6400727743708312
2020-05-28,279.2631530761719,302.9700012207031,306.8399963378906,302.239990234375,304.6499938964844,90405200,-0.001845042600141178,-0.001846746787761133,0.6370467702347853
2020-05-29,280.5075378417969,304.32000732421875,304.9599914550781,299.4700012207031,302.4599914550781,119090800,0.004455957586662285,0.004446059201285925,0.644341381210334
2020-06-01,281.64129638671875,305.54998779296875,306.2099914550781,303.0599975585937,303.6199951171875,55758300,0.0040418113311497805,0.004033665154560052,0.6509874988371884
2020-06-02,283.9732360839844,308.0799865722656,308.1300048828125,305.1000061035156,306.54998779296875,74267200,0.008279821628372597,0.008245731946996314,0.6646573808382334
2020-06-03,287.7525329589844,312.17999267578125,313.2200012207031,309.94000244140625,310.239990234375,92567600,0.013308637557245984,0.013220855621381948,0.6868117025768039
2020-06-04,286.99664306640625,311.3599853515625,313.0,309.0799865722656,311.1099853515625,75794400,-0.0026268748525173358,-0.0026303311424169377,0.6823806593343729
2020-06-05,294.35223388671875,319.3399963378906,321.2699890136719,317.1600036621094,317.2300109863281,150524700,0.02562953608697982,0.0253066056063488,0.72549929515482
2020-06-08,297.91021728515625,323.20001220703125,323.4100036621094,319.6300048828125,320.2200012207031,73641200,0.012087502620438118,0.01201503216734631,0.746356272406568
2020-06-09,295.6887512207031,320.7900085449219,323.2799987792969,319.3599853515625,320.29998779296875,77479200,-0.007456830734767217,-0.00748477188534974,0.7333339892806332
2020-06-10,294.0388488769531,319.0,322.3900146484375,318.2200012207031,321.4200134277344,95000800,-0.005579861719252621,-0.0055954873004858355,0.7236622253071667
2020-06-11,277.0878601074219,300.6099853515625,312.1499938964844,300.010009765625,311.4599914550781,209243600,-0.05764880672834072,-0.059377257248047224,0.6242951548154922
2020-06-12,280.4061584472656,304.2099914550781,309.0799865722656,298.6000061035156,308.239990234375,194678900,0.01197561790890922,0.011904477599647263,0.6437470929608551
2020-06-15,283.02392578125,307.04998779296875,308.2799987792969,296.739990234375,298.0199890136719,135782700,0.009335627107764477,0.009292319468345729,0.6590925028802095
2020-06-16,288.4715576171875,312.9599914550781,315.6400146484375,307.6700134277344,315.4800109863281,137627500,0.019247955171634468,0.01906505650636803,0.6910266410012427
2020-06-17,287.27313232421875,311.6600036621094,314.3900146484375,310.8599853515625,314.07000732421875,83398900,-0.004154396720660758,-0.004163050201694916,0.6840014454693171
2020-06-18,287.3838195800781,311.7799987792969,312.29998779296875,309.510009765625,310.010009765625,80828700,0.00038530319547747105,0.00038522898526292506,0.684650296607445
2020-06-19,285.74139404296875,308.6400146484375,314.3800048828125,306.5299987792969,314.1700134277344,135549600,-0.005715093979575037,-0.005731487619807573,0.6750223618396145
2020-06-22,287.5745544433594,310.6199951171875,311.04998779296875,306.75,307.989990234375,74649400,0.006415452708664837,0.00639496128640807,0.6857683885879526
2020-06-23,288.8984375,312.04998779296875,314.5,311.6099853515625,313.489990234375,68471200,0.004603616822785872,0.004593052588908952,0.6935290203009767
2020-06-24,281.52899169921875,304.0899963378906,310.510009765625,302.1000061035156,309.8399963378906,132813500,-0.025508776940966538,-0.02583976668459032,0.6503291662790656
2020-06-25,284.54718017578125,307.3500061035156,307.6400146484375,301.2799987792969,303.4700012207031,89468000,0.010720702185397224,0.0106636429058198,0.6680218537786182
2020-06-26,277.7886962890625,300.04998779296875,306.3900146484375,299.4200134277344,306.1600036621094,127961000,-0.023751716262110367,-0.024038335844752446,0.6284034719886691
2020-06-29,281.87158203125,304.4599914550781,304.6099853515625,298.92999267578125,301.4100036621094,79773300,0.014697810950301982,0.014590844963726719,0.6523374383707738
2020-06-30,285.48211669921875,308.3599853515625,310.20001220703125,303.82000732421875,303.989990234375,113394800,0.012809147491741335,0.012727804250618334,0.6735024723249912
2020-07-01,287.4820251464844,310.5199890136719,311.8900146484375,309.07000732421875,309.57000732421875,72396500,0.007005372071598792,0.006980948450694926,0.6852259798063682
2020-07-02,289.0650939941406,312.2300109863281,315.70001220703125,311.510009765625,314.239990234375,69344200,0.005506670710454298,0.005491564430795352,0.6945059643498646
2020-07-06,293.5274353027344,317.04998779296875,317.67999267578125,315.5599975585937,316.3699951171875,61713800,0.015437150321180537,0.015319209745052789,0.7206643076416703
2020-07-07,290.5000915527344,313.7799987792969,317.5199890136719,313.3699951171875,315.3800048828125,82910000,-0.010313665388305915,-0.010367219781471955,0.7029179517270532
2020-07-08,292.7220153808594,316.17999267578125,316.29998779296875,312.70001220703125,314.6099853515625,54638600,0.0076486166191849225,0.007619514252122621,0.7159429182737411
2020-07-09,291.0555419921875,314.3800048828125,317.1000061035156,310.67999267578125,316.8399963378906,83354200,-0.005693023760114602,-0.0057092907883126605,0.7061740144690083
2020-07-10,294.02740478515625,317.5899963378906,317.8800048828125,312.760009765625,314.3099975585937,57550400,0.010210638054260146,0.010158861638082987,0.7235951397883353
2020-07-13,291.4814453125,314.8399963378906,322.7099914550781,314.1300048828125,320.1300048828125,102997500,-0.00865891896885107,-0.008696625229130941,0.7086706691378026
2020-07-14,295.2587585449219,318.9200134277344,319.760009765625,312.0,313.29998779296875,93657000,0.012959017780264537,0.012875768160177064,0.7308133627197759
2020-07-15,297.97137451171875,321.8500061035156,323.0400085449219,319.2699890136719,322.4100036621094,87196500,0.009187249787830254,0.009145303725398422,0.7467147774191969
2020-07-16,296.989990234375,320.7900085449219,321.2799987792969,319.0899963378906,319.7900085449219,54622500,-0.003293552204307937,-0.003298987885784509,0.7409618811137306
2020-07-17,297.8509826660156,321.7200012207031,322.57000732421875,319.739990234375,321.8800048828125,62774900,0.002899062123141505,0.0028948679467079557,0.7460090377611006
2020-07-20,300.2581481933594,324.32000732421875,325.1300048828125,320.6199951171875,321.42999267578125,56308800,0.008081778028051545,0.008049295354480736,0.7601198952392576
2020-07-21,300.89697265625,325.010009765625,326.92999267578125,323.94000244140625,326.45001220703125,57292200,0.0021275841029939624,0.002125324001073195,0.763864698347732
2020-07-22,302.609619140625,326.8599853515625,327.20001220703125,324.5,324.6199951171875,57792900,0.005691803640482496,0.005675666530028344,0.7739042698591061
2020-07-23,298.9989624023437,322.9599914550781,327.2300109863281,321.4800109863281,326.4700012207031,75738000,-0.011931731544209123,-0.012003485994081624,0.7527385203260208
2020-07-24,297.0733642578125,320.8800048828125,321.989990234375,319.25,320.95001220703125,73766600,-0.0064401499224604475,-0.0064609771564675365,0.7414506214802499
2020-07-27,299.2396850585937,323.2200012207031,323.4100036621094,320.7699890136719,321.6300048828125,48293000,0.007292208125738053,0.007265748530780371,0.7541496418527798
2020-07-28,297.3418273925781,321.1700134277344,323.6400146484375,320.8500061035156,322.42999267578125,57495000,-0.00634226595193732,-0.00636246356501765,0.7430243583046539
2020-07-29,300.99871826171875,325.1199951171875,325.7300109863281,322.0799865722656,322.1199951171875,48454200,0.012298608982154624,0.012223595505408953,0.7644611333338138
2020-07-30,299.9248046875,323.9599914550781,324.4100036621094,319.6400146484375,321.8999938964844,61861700,-0.003567834376241419,-0.00357421427678229,0.7581658282467636
2020-07-31,302.2947692871094,326.5199890136719,326.6300048828125,321.3299865722656,325.8999938964844,84986800,0.007901862608791888,0.007870806386504317,0.7720586130650424
2020-08-03,304.3965148925781,328.7900085449219,329.6199951171875,327.7300109863281,328.32000732421875,53077900,0.006952636363590559,0.0069285782346334085,0.7843790922166523
2020-08-04,305.57232666015625,330.0599975585937,330.0599975585937,327.8599853515625,327.8599853515625,41917900,0.003862763566767846,0.0038553222521184793,0.7912717267633691
2020-08-05,307.4701232910156,332.1099853515625,332.3900146484375,331.17999267578125,331.4700012207031,42697700,0.006210629907498211,0.006191423427445721,0.8023966525220616
2020-08-06,309.52545166015625,334.3299865722656,334.4599914550781,331.1300048828125,331.4800109863281,43679400,0.006684644176615739,0.006662401012800089,0.8144450328092949
2020-08-07,309.7477111816406,334.57000732421875,334.8800048828125,332.29998779296875,333.2799987792969,57308300,0.0007180654136591524,0.000717807728039381,0.815747923032341
2020-08-10,310.6734619140625,335.57000732421875,335.7699890136719,332.9599914550781,335.0599975585937,44282100,0.0029887250139484234,0.0029842676543502342,0.8211746942689326
2020-08-11,308.10894775390625,332.79998779296875,337.5400085449219,332.010009765625,336.8500061035156,69601100,-0.00825469335023421,-0.008288951991367442,0.806141455630536
2020-08-12,312.4047241210937,337.44000244140625,338.2799987792969,335.4100036621094,335.44000244140625,53774400,0.013942394073600761,0.0138460929769064,0.8313233915576037
2020-08-13,311.8399963378906,336.8299865722656,338.25,335.8299865722656,336.6099853515625,41816100,-0.0018076800368235224,-0.001809315862044271,0.8280129448217171
2020-08-14,311.8492431640625,336.8399963378906,337.4200134277344,335.6199951171875,336.4100036621094,47260400,2.96524701144385e-05,2.9652030488637195e-05,0.8280671499209322
2020-08-17,312.83984375,337.9100036621094,338.3399963378906,336.8500061035156,337.94000244140625,35481000,0.0031765367646454656,0.0031715022305079414,0.8338740724308966
2020-08-18,313.5157165527344,338.6400146484375,339.1000061035156,336.6099853515625,338.3399963378906,38733900,0.0021604434864583855,0.0021581130842938203,0.8378360537256648
2020-08-19,312.2102966308594,337.2300109863281,339.6099853515625,336.6199951171875,339.04998779296875,68054200,-0.0041638101471555,-0.0041725029431190445,0.8301836533163538
2020-08-20,313.182373046875,338.2799987792969,338.79998779296875,335.2200012207031,335.3599853515625,42207800,0.003113530932533415,0.003108693932598077,0.8358819867331713
2020-08-21,314.2933654785156,339.4800109863281,339.7200012207031,337.54998779296875,337.9200134277344,55106600,0.0035474296360680224,0.0035411523486665103,0.842394648901232
2020-08-24,317.47808837890625,342.9200134277344,343.0,339.45001220703125,342.1199951171875,48588700,0.010132962544538104,0.01008196827228393,0.8610635648708056
2020-08-25,318.589111328125,344.1199951171875,344.2099914550781,342.2699890136719,343.5299987792969,38463400,0.0034995263921733244,0.0034934172981636656,0.8675764059335831
2020-08-26,321.7831115722656,347.57000732421875,347.8599853515625,344.1700134277344,344.760009765625,50790200,0.01002545325803994,0.009975531781206127,0.8862997058970885
2020-08-27,322.4867858886719,348.3299865722656,349.8999938964844,346.5299987792969,348.510009765625,58034100,0.002186796917240441,0.002184409356967877,0.8904246602789359
2020-08-28,324.56982421875,350.5799865722656,350.7200012207031,348.1499938964844,349.44000244140625,48588900,0.006459298244850364,0.006438526377749885,0.9026354769690974
2020-08-31,323.3940734863281,349.3099975585937,351.29998779296875,349.0599975585937,350.3500061035156,66099200,-0.003622489352643754,-0.0036290664556600113,0.8957432002118146
2020-09-01,326.4399719238281,352.6000061035156,352.7099914550781,349.239990234375,350.2099914550781,54908700,0.009418535116193949,0.009374457264049145,0.9135983241142955
2020-09-02,331.1615295410156,357.70001220703125,358.75,353.42999267578125,354.6700134277344,69540000,0.01446378514665847,0.014360182403257144,0.9412761991312903
2020-09-03,319.7649230957031,345.3900146484375,356.3800048828125,342.5899963378906,355.8699951171875,148011100,-0.03441404097000034,-0.03502015049136658,0.8744690404802995
2020-09-04,317.1541442871094,342.57000732421875,347.8299865722656,334.8699951171875,346.1300048828125,139156300,-0.00816468167714679,-0.008198195233597189,0.8591645974511111
2020-09-08,308.488525390625,333.2099914550781,342.6400146484375,332.8800048828125,336.7099914550781,114465300,-0.027323051117502217,-0.02770326746249452,0.808366548119104
2020-09-09,314.5803527832031,339.7900085449219,342.4599914550781,336.6099853515625,337.54998779296875,91462300,0.019747338689062532,0.01955488944410624,0.8440769748187829
2020-09-10,309.1181335449219,333.8900146484375,342.5299987792969,332.8500061035156,341.82000732421875,90569500,-0.017363510435267404,-0.017516024210731743,0.8120573250230805
2020-09-11,309.2754211425781,334.0599975585937,336.9700012207031,331.0,335.82000732421875,84680200,0.0005088268224593406,0.0005086974139875204,0.8129793483938861
2020-09-14,313.3490295410156,338.4599914550781,340.3800048828125,334.2200012207031,337.489990234375,65605700,0.013171458576915374,0.01308546916404458,0.8368589307820591
2020-09-15,314.9322509765625,340.1700134277344,342.0199890136719,338.4700012207031,341.1199951171875,52920900,0.005052581263346845,0.005039859807434873,0.8461398097991399
2020-09-16,313.6823425292969,338.82000732421875,343.0599975585937,338.5199890136719,341.510009765625,82096000,-0.003968816922972573,-0.003976713577365234,0.8388128188798358
2020-09-17,310.92333984375,335.8399963378906,337.70001220703125,332.989990234375,333.5599975585937,91523300,-0.008795530737562007,-0.008834439736249759,0.8226394842107552
2020-09-18,307.34381103515625,330.6499938964844,335.489990234375,327.9700012207031,335.3699951171875,105877900,-0.011512576734807323,-0.01157935950228509,0.8016562072888893
2020-09-21,303.9232788085937,326.9700012207031,327.1300048828125,321.7300109863281,325.70001220703125,99450800,-0.01112933497844626,-0.01119172939782399,0.7816049718419742
2020-09-22,307.0185852050781,330.29998779296875,330.8999938964844,325.8599853515625,328.57000732421875,63612100,0.010184499221705945,0.010132986667317712,0.7997497262910862
2020-09-23,299.8984680175781,322.6400146484375,331.20001220703125,322.1000061035156,330.8999938964844,93112200,-0.023191160179257597,-0.02346430645105629,0.7580114421060946
2020-09-24,300.6978454589844,323.5,326.79998779296875,319.79998779296875,321.2200012207031,76681300,0.002665493580845446,0.0026619474528871674,0.7626974103200812
2020-09-25,305.5592041015625,328.7300109863281,329.5799865722656,321.6400146484375,322.5799865722656,71069400,0.016166922098020953,0.01603762906517089,0.7911948020351092
2020-09-28,310.63433837890625,334.19000244140625,334.9599914550781,332.1499938964844,333.2200012207031,64584600,0.01660933203523096,0.01647290564152363,0.82094535124189
2020-09-29,308.9425964355469,332.3699951171875,334.7699890136719,331.6199951171875,333.9700012207031,51304000,-0.005446088002337368,-0.005460972003920513,0.8110283226115795
2020-09-30,311.28497314453125,334.8900146484375,338.2900085449219,332.8800048828125,333.0899963378906,104081100,0.007581915656855953,0.0075533173964427965,0.8247593866057978
2020-10-01,313.283447265625,337.0400085449219,338.739990234375,335.010009765625,337.69000244140625,88698700,0.006420079006402402,0.00639955808298154,0.8364744860354814
2020-10-02,310.3089904785156,333.8399963378906,337.010009765625,331.19000244140625,331.70001220703125,89431100,-0.009494458813801954,-0.009539818526824229,0.8190381546652195
2020-10-05,315.811767578125,339.760009765625,339.9599914550781,336.010009765625,336.0599975585937,45713100,0.017733218399904382,0.01757781934327257,0.8512955555396569
2020-10-06,311.3221740722656,334.92999267578125,342.1700134277344,334.3800048828125,339.9100036621094,90128900,-0.014216042487234848,-0.014318058415232296,0.824977459265676
2020-10-07,316.74127197265625,340.760009765625,341.6300048828125,338.0899963378906,338.1199951171875,56999600,0.017406719956711836,0.017256958413918173,0.8567443308264251
2020-10-08,319.54833984375,343.7799987792969,343.8500061035156,341.8599853515625,342.8500061035156,45242500,0.008862336927585757,0.008823296907339209,0.8731994246745935
2020-10-09,322.4019775390625,346.8500061035156,347.3500061035156,344.8900146484375,345.5599975585937,59528600,0.008930222252782949,0.008890583631055129,0.8899275118607228
2020-10-12,327.58868408203125,352.42999267578125,354.0199890136719,349.0599975585937,349.5899963378906,80388500,0.016087700772059677,0.01595966508850194,0.9203321001524214
2020-10-13,325.4508361816406,350.1300048828125,352.4700012207031,349.0899963378906,352.2799987792969,73255500,-0.006526012662437686,-0.006547400184011323,0.9077999885507411
2020-10-14,323.40582275390625,347.92999267578125,351.92999267578125,347.1400146484375,350.75,57727900,-0.006283632427335428,-0.006303457538350514,0.8958120746778135
2020-10-15,323.00616455078125,347.5,348.0199890136719,343.1300048828125,343.7099914550781,60357700,-0.001235779243928814,-0.0012365434487558648,0.8934692694655371
2020-10-16,322.8109130859375,347.2900085449219,350.75,347.1000061035156,348.9599914550781,89501900,-0.0006044821624853203,-0.0006046649354867593,0.8923247010669311
2020-10-19,317.903076171875,342.010009765625,349.3299865722656,341.0400085449219,348.6499938964844,68425600,-0.015203441752156488,-0.015320198992245397,0.863554852698093
2020-10-20,319.17657470703125,343.3800048828125,346.8800048828125,342.6400146484375,343.4599914550781,60051900,0.004005933350791802,0.0039979309640192,0.8710201292335462
2020-10-21,318.5724182128906,342.7300109863281,345.6700134277344,342.3999938964844,343.3299865722656,63575000,-0.0018928597585683438,-0.0018946534814691487,0.8674785505234488
2020-10-22,320.31982421875,344.6099853515625,345.239990234375,340.6499938964844,342.9599914550781,55399300,0.005485113920602025,0.005470125467177653,0.8777218831173506
2020-10-23,321.4073791503906,345.7799987792969,345.989990234375,343.1300048828125,345.92999267578125,49143900,0.003395215810614083,0.003389465078388869,0.8840971541428466
2020-10-26,315.46783447265625,339.3900146484375,342.9800109863281,335.6199951171875,342.1300048828125,91473000,-0.018479801843489074,-0.018652686611840143,0.849279412080405
2020-10-27,314.3803405761719,338.2200012207031,340.1199951171875,337.989990234375,339.760009765625,65994100,-0.003447241771264098,-0.003453197199652186,0.8429044988443428
2020-10-28,303.63507080078125,326.6600036621094,338.25,326.1300048828125,332.1000061035156,127094300,-0.03417920394035301,-0.034776973304390564,0.7799154901357479
2020-10-29,306.7211608886719,329.9800109863281,333.3999938964844,325.0899963378906,326.9100036621094,90597700,0.010163813026445201,0.010112508816903445,0.7980062183803611
2020-10-30,303.5235290527344,326.5400085449219,329.69000244140625,322.6000061035156,328.2799987792969,120287300,-0.010425207790270896,-0.010479930934711444,0.7792616299455466
2020-11-02,306.92559814453125,330.20001220703125,332.3599853515625,327.239990234375,330.20001220703125,86068300,0.011208584396782628,0.011146233690860399,0.7992046340887482
2020-11-03,312.3445739746094,336.0299987792969,338.25,330.2900085449219,333.69000244140625,93294200,0.017655665942618137,0.017501615274438005,0.8309707900706296
2020-11-04,319.3252868652344,343.5400085449219,347.94000244140625,339.5899963378906,340.8599853515625,126959700,0.022349397019435502,0.022103309108185757,0.8718918831889075
2020-11-05,325.55303955078125,350.239990234375,352.19000244140625,348.8599853515625,349.239990234375,82039700,0.019502848479942658,0.01931510502547075,0.9083991069575754
2020-11-06,325.47869873046875,350.1600036621094,351.510009765625,347.6499938964844,349.92999267578125,74973000,-0.0002283524073837251,-0.00022837848376451583,0.9079633194272527
2020-11-09,329.56854248046875,354.5599975585937,364.3800048828125,354.0599975585937,363.9700012207031,172304200,0.012565626463275414,0.012487334158099236,0.9319380738048066
2020-11-10,329.0851745605469,354.0400085449219,355.17999267578125,350.510009765625,353.489990234375,85552000,-0.0014666688643395487,-0.0014677454759355944,0.929104560384125
2020-11-11,331.52978515625,356.6700134277344,357.5599975585937,355.0599975585937,356.3999938964844,58649000,0.00742850418274732,0.007401048730341052,0.9434349216798954
2020-11-12,328.31365966796875,353.2099914550781,356.7200012207031,351.260009765625,355.5799865722656,67546200,-0.009700864393724085,-0.009748224315731625,0.924581923046651
2020-11-13,332.8590087890625,358.1000061035156,358.8999938964844,354.7099914550781,355.2699890136719,62892200,0.013844532468404003,0.013749572377042767,0.9512268599683738
2020-11-16,337.0139465332031,362.5700073242188,362.7799987792969,359.5899963378906,360.9800109863281,74541100,0.012482575608382174,0.012405310574803943,0.9755831967770352
2020-11-17,335.2012939453125,360.6199951171875,361.9200134277344,358.3399963378906,359.9700012207031,66111000,-0.005378568473313972,-0.0053930850483847595,0.9649573872784414
2020-11-18,331.1672058105469,356.2799987792969,361.5,356.239990234375,360.9100036621094,70591300,-0.01203482268008127,-0.012107827483023586,0.9413094735486296
2020-11-19,332.5615234375,357.7799987792969,358.17999267578125,354.1499938964844,355.6000061035156,59940900,0.004210313106155716,0.00420147453800444,0.9494829942682157
2020-11-20,330.2842712402344,355.3299865722656,357.7200012207031,355.25,357.5,70417300,-0.006847611755343652,-0.006871164229096015,0.9361336915998222
2020-11-23,332.2640380859375,357.4599914550781,358.82000732421875,354.8699951171875,357.2799987792969,63230600,0.005994129960439798,0.005976236631139715,0.9477391285680576
2020-11-24,337.6181640625,363.2200012207031,363.80999755859375,359.2900085449219,360.2099914550781,62415900,0.016114070025169847,0.01598561650089669,0.9791251332765667
2020-11-25,337.0976257324219,362.6600036621094,363.1600036621094,361.4800109863281,363.1300048828125,45330900,-0.0015417959857804142,-0.0015429857763113982,0.9760737260907237
2020-11-27,338.0364074707031,363.6700134277344,364.1799926757813,362.5799865722656,363.8399963378906,28514100,0.0027848957293648002,0.0027810250918024956,0.9815768853714237
2020-11-30,336.5399169921875,362.05999755859375,363.1199951171875,359.1700134277344,362.8299865722656,83872700,-0.004427009770080259,-0.004436837994990571,0.9728044251397192
2020-12-01,340.2206726074219,366.0199890136719,367.6799926757813,364.9299926757813,365.5700073242188,74231400,0.010937055099231596,0.010877678059772772,0.9943810958374801
2020-12-02,340.9365539550781,366.7900085449219,366.9599914550781,364.2000122070313,364.8200073242188,45927000,0.0021041676926032427,0.002101957032287468,0.99857760810608
2020-12-03,340.8435363769531,366.6900024414063,368.1900024414063,365.5,366.6799926757813,62882000,-0.00027282958382124356,-0.0002728668085829791,0.998032337009026
2020-12-04,343.7808532714844,369.8500061035156,369.8500061035156,367.2200012207031,367.3200073242188,50749900,0.008617786699885555,0.008580865543546399,1.0152509535088439
2020-12-07,343.0743713378906,369.0899963378906,369.6199951171875,367.7200012207031,369.0199890136719,48944300,-0.002055035720781806,-0.0020571502040777657,1.0111095408130435
2020-12-08,344.0782775878906,370.1700134277344,370.7799987792969,367.6700134277344,367.7200012207031,42458900,0.002926205901318202,0.0029219328945985445,1.0169944614195678
2020-12-09,340.9922790527344,366.8500061035156,371.0499877929688,365.9500122070313,370.8800048828125,74098300,-0.00896888509437499,-0.009009347662067957,0.9989042698591051
2020-12-10,340.8807373046875,366.7300109863281,367.8599853515625,364.4299926757813,365.3699951171875,57735400,-0.00032710930686385975,-0.00032716281878299424,0.9982504096689042
2020-12-11,340.4809875488281,366.2999877929688,366.739990234375,363.260009765625,364.8999938964844,57698600,-0.0011726968177203645,-0.0011733849646779497,0.9959070677724771
2020-12-14,338.9566650390625,364.6600036621094,369.7999877929688,364.4700012207031,368.6400146484375,69216200,-0.004476968070198151,-0.004487019703529354,0.9869714555589768
2020-12-15,343.5391540527344,369.5899963378906,369.5899963378906,365.9200134277344,367.3999938964844,63865300,0.013519394914815352,0.013428823297921264,1.013834107351144
2020-12-16,344.0782775878906,370.1700134277344,371.1600036621094,368.8699951171875,369.8200073242188,58420500,0.0015693219500489963,0.0015680918511368637,1.0169944614195674
2020-12-17,346.0023193359375,372.239990234375,372.4599914550781,371.0499877929688,371.9400024414063,64119500,0.005591872179595558,0.005576295703157368,1.028273236634778
2020-12-18,344.6208190917969,369.1799926757813,371.1499938964844,367.0199890136719,370.9700012207031,136542300,-0.003992748507559263,-0.004000740809142028,1.0201748516962823
2020-12-21,343.3885498046875,367.8599853515625,378.4599914550781,362.0299987792969,364.9700012207031,96386700,-0.0035757250254261352,-0.003582133210654304,1.0129512619233352
2020-12-22,342.809814453125,367.239990234375,368.3299865722656,366.0299987792969,368.2099914550781,47949000,-0.0016853658978777109,-0.0016867877247394832,1.0095587025123995
2020-12-23,343.117919921875,367.5700073242188,369.6199951171875,367.2200012207031,368.2799987792969,46201400,0.0008987650171028427,0.0008983613696628853,1.0113648235740325
2020-12-24,344.4527587890625,369.0,369.0299987792969,367.4500122070313,368.0799865722656,26457900,0.0038903210519911635,0.00388277332210927,1.019189678490417
2020-12-28,347.4118957519531,372.1700134277344,372.5899963378906,371.0700073242188,371.739990234375,39000400,0.008590835426296461,0.008554144188803932,1.0365362047128048
2020-12-29,346.7491455078125,371.4599914550781,374.0,370.8299865722656,373.80999755859375,53680500,-0.001907678615051811,-0.0019095005513823586,1.0326511481462952
2020-12-30,347.243896484375,371.989990234375,373.1000061035156,371.5700073242188,372.3399963378906,49455300,0.0014268268082908708,0.0014258098581466628,1.0355513892963737
2020-12-31,349.0080871582031,373.8800048828125,374.6600036621094,371.2300109863281,371.7799987792969,78520700,0.005080552003043026,0.005067689545908498,1.0458931139845604
2021-01-04,344.2567138671875,368.7900085449219,375.4500122070313,364.8200073242188,375.30999755859375,110210800,-0.013613934650350545,-0.01370745400626985,1.0180404588291725
2021-01-05,346.6277160644531,371.3299865722656,372.5,368.0499877929688,368.1000061035156,66426200,0.006887308516458912,0.006863699347589133,1.0319393260678251
2021-01-06,348.7001342773437,373.5499877929688,376.9800109863281,369.1199951171875,369.7099914550781,107997700,0.005978801223457841,0.0059609991130353005,1.0440878873965116
2021-01-07,353.88092041015625,379.1000061035156,379.8999938964844,375.9100036621094,376.1000061035156,68766800,0.014857425115563538,0.014748134760776075,1.0744577701131357
2021-01-08,355.89715576171875,381.260009765625,381.489990234375,377.1000061035156,380.5899963378906,71677200,0.005697496630294729,0.0056813272838282,1.086276986268044
2021-01-11,353.4981994628906,378.6900024414063,380.5799865722656,377.7200012207031,377.8500061035156,51034700,-0.006740588566080841,-0.006763408939499281,1.0722142514687278
2021-01-12,353.5728454589844,378.7699890136719,379.8599853515625,376.3599853515625,378.8900146484375,52547700,0.0002111637236261732,0.00021114143170519351,1.0726518279462192
2021-01-13,354.52496337890625,379.7900085449219,380.8599853515625,377.8500061035156,378.6900024414063,45303600,0.0026928479722074794,0.002689228752988919,1.0782331642181964
2021-01-14,353.2834777832031,378.4599914550781,381.1300048828125,378.1000061035156,380.5899963378906,49989100,-0.003501828429430698,-0.00350797418238162,1.0709555482407516
2021-01-15,350.70709228515625,375.7000122070313,377.5799865722656,373.7000122070313,376.7200012207031,107160000,-0.007292686072423393,-0.007319407701729057,1.0558527195574885
2021-01-19,353.4608154296875,378.6499938964844,379.2300109863281,376.75,378.3399963378906,51233300,0.007851917469328562,0.007821251584755056,1.0719951054405485
2021-01-20,358.3522644042969,383.8900146484375,384.7900085449219,380.6900024414063,381.1099853515625,61836100,0.01383873052141027,0.013743849642038095,1.1006688873464214
2021-01-21,358.6788635253906,384.239990234375,384.9500122070313,383.25,384.489990234375,47840100,0.0009113912580869243,0.0009109761932460997,1.1025834186064842
2021-01-22,357.4093322753906,382.8800048828125,384.1300048828125,381.8399963378906,382.25,52860500,-0.003539464906077816,-0.003545743631919872,1.0951413983842255
2021-01-25,358.8189392089844,384.3900146484375,384.7699890136719,378.4599914550781,383.6700134277344,70402000,0.003943956708180263,0.003936199699769971,1.1034045453569692
2021-01-26,358.2588806152344,383.7900085449219,385.8500061035156,383.5400085449219,385.4100036621094,42665300,-0.0015608389985898308,-0.0015620583767801206,1.1001214695127648
2021-01-27,349.5028991699219,374.4100036621094,380.3200073242188,372.010009765625,380.2200012207031,123351100,-0.024440375156300265,-0.02474399844580973,1.048793712924072
2021-01-28,352.50860595703125,377.6300048828125,381.9299926757813,375.8900146484375,376.3599853515625,94198100,0.00859994808125486,0.008563179184435447,1.0664132324844204
2021-01-29,345.4515686035156,370.0700073242188,376.6700134277344,368.2699890136719,375.6300048828125,126765100,-0.02001947536672577,-0.020222580338176175,1.0250447236792226
2021-02-01,351.2018127441406,376.2300109863281,377.3399963378906,370.3800048828125,373.7200012207031,75817600,0.0166455870033253,0.016508567641166375,1.0587527818128502
2021-02-02,356.1678771972656,381.5499877929688,383.2200012207031,376.3200073242188,379.6499938964844,64450700,0.014140201653067397,0.014041161541185464,1.0878639613014975
2021-02-03,356.4479675292969,381.8500061035156,383.7000122070313,380.4800109863281,382.4400024414063,52427100,0.0007863997568655634,0.000786090706590858,1.0895058570130334
2021-02-04,360.4991760253906,386.1900024414063,386.239990234375,381.9700012207031,382.9599914550781,47142600,0.01136549753439331,0.011301395510966062,1.1132541306790156
2021-02-05,361.9181213378906,387.7099914550781,388.4700012207031,386.1400146484375,388.2000122070313,48669800,0.003936057020002881,0.00392833101426744,1.1215720194351246
2021-02-08,364.5318908691406,390.510009765625,390.55999755859375,388.3500061035156,389.2699890136719,38365200,0.007221991321097132,0.0071960376251053075,1.1368939941465674
2021-02-09,364.2891540527344,390.25,390.8900146484375,389.1700134277344,389.6099853515625,35551100,-0.0006658863668347337,-0.0006661081676297179,1.135471065568494
2021-02-10,364.1304016113281,390.0799865722656,392.2799987792969,387.5,392.1199951171875,59154400,-0.0004357869007082238,-0.00043588188341545363,1.134540455251278
2021-02-11,364.718505859375,390.7099914550781,391.6900024414063,388.1000061035156,391.239990234375,42913300,0.0016150924104234576,0.0016137895513129495,1.1379879353402962
2021-02-12,366.5201416015625,392.6400146484375,392.8999938964844,389.7699890136719,389.8500061035156,50593300,0.004939797990075601,0.004927637219375608,1.1485491638460958
2021-02-16,366.2027587890625,392.2999877929688,394.1700134277344,391.5299987792969,393.9599914550781,50972400,-0.0008659355284355019,-0.0008663106671848209,1.1466886587905312
2021-02-17,366.2868041992188,392.3900146484375,392.6600036621094,389.3299865722656,390.4200134277344,52290600,0.00022950512561470404,0.00022947879334221297,1.1471813348408224
2021-02-18,364.7278137207031,390.7200012207031,391.5199890136719,387.739990234375,389.5899963378906,59712800,-0.0042562015902374295,-0.004265284999268151,1.1380424982289448
2021-02-19,364.0838012695313,390.0299987792969,392.3800048828125,389.5499877929688,392.0700073242188,83241000,-0.0017657344105513895,-0.0017672951570688418,1.1342672830186005
2021-02-22,361.2832946777344,387.0299987792969,389.6199951171875,386.739990234375,387.05999755859375,67414200,-0.007691928567082007,-0.0077216640298023685,1.1178506515345612
2021-02-23,361.7220764160156,387.5,388.9500122070313,380.2000122070313,384.6600036621094,107284100,0.001214508793363045,0.0012137718741613518,1.1204227997738796
2021-02-24,365.7079772949219,391.7699890136719,392.2300109863281,385.2699890136719,386.3299865722656,72433900,0.011019235868595656,0.010958966433588188,1.1437882387457359
2021-02-25,356.8960266113281,382.3299865722656,391.8800048828125,380.7799987792969,390.4100036621094,146670500,-0.024095593289416906,-0.02439064130994057,1.092132389246283
2021-02-26,355.0570068359375,380.3599853515625,385.5799865722656,378.2300109863281,384.3500061035156,152701600,-0.005152816613992139,-0.005166138155532486,1.0813520147123037
2021-03-01,363.6636962890625,389.5799865722656,390.9200134277344,380.5700073242188,385.5899963378906,105348800,0.02424030307083025,0.023951170053999243,1.1318046183460129
2021-03-02,360.8259887695313,386.5400085449219,390.0700073242188,386.0,389.8200073242188,79595300,-0.007803109159611021,-0.00783371272180259,1.115169914202096
2021-03-03,356.0464782714844,381.4200134277344,386.8299865722656,381.30999755859375,385.7900085449219,119940200,-0.013246026192142546,-0.01333453727945836,1.0871523181177434
2021-03-04,351.6405334472656,376.7000122070313,384.0,371.8800048828125,381.2200012207031,183433000,-0.012374633911865884,-0.01245183726406819,1.061324572262734
2021-03-05,358.1094970703125,383.6300048828125,384.760009765625,372.6400146484375,380.4599914550781,152039600,0.01839652431313632,0.018229355365542467,1.0992457798736308
2021-03-08,356.3265686035156,381.7200012207031,387.6799926757813,381.4200134277344,384.6600036621094,123149200,-0.00497872433259372,-0.004991159471840575,1.0887942138292792
2021-03-09,361.4140930175781,387.1700134277344,389.9100036621094,385.30999755859375,385.8500061035156,113633600,0.014277701587061209,0.014176735117010033,1.118617394291114
2021-03-10,363.6636962890625,389.5799865722656,391.3999938964844,388.1700134277344,389.6900024414063,109899400,0.00622444811905809,0.006205156254617116,1.1318046183460129
2021-03-11,367.3509216308594,393.5299987792969,395.6499938964844,391.739990234375,392.2300109863281,86245000,0.010139107585999119,0.010088051652390883,1.153419214723753
2021-03-12,367.84564208984375,394.05999755859375,394.2099914550781,391.2000122070313,392.0700073242188,64653600,0.0013467244257563404,0.0013458184057651532,1.1563192769791146
2021-03-15,370.0393981933594,396.4100036621094,396.6900024414063,392.0299987792969,394.3299865722656,73427200,0.00596379527850921,0.005946082241177227,1.1691791237021212
2021-03-16,369.5726318359375,395.9100036621094,397.8299865722656,395.0799865722656,397.0700073242188,73722500,-0.001261396380225377,-0.0012621926102843065,1.166442929007423
2021-03-17,370.8328552246094,397.260009765625,398.1199951171875,393.2999877929688,394.5299987792969,97959300,0.003409947815701031,0.0034041471266058393,1.1738303863410326
2021-03-18,365.4373168945313,391.4800109863281,396.7200012207031,390.75,394.4800109863281,115349100,-0.01454978504213189,-0.014656671211973355,1.142201621501716
2021-03-19,364.7611999511719,389.4800109863281,391.5700073242188,387.1499938964844,389.8800048828125,113624500,-0.0018501584597463427,-0.0018518721169271924,1.138238209049212
2021-03-22,367.6737365722656,392.5899963378906,394.0700073242188,389.9700012207031,390.0299987792969,73778600,0.0079847764002412,0.007953066757590289,1.1553115630389224
2021-03-23,364.7799377441406,389.5,393.4599914550781,388.6600036621094,391.9100036621094,90686600,-0.0078705616971807,-0.00790169804922077,1.1383480504053773
2021-03-24,362.9255676269531,387.5199890136719,392.75,387.4700012207031,391.0,97588600,-0.005083530987628371,-0.005096496088940046,1.127477691828807
2021-03-25,364.9671936035156,389.7000122070313,390.5499877929688,383.8999938964844,385.9800109863281,116128600,0.005625467475085966,0.005609703624649632,1.139445748388161
2021-03-26,370.84857177734375,395.9800109863281,396.4100036621094,390.2900085449219,390.9299926757813,114409100,0.016114813267894323,0.015986347956620586,1.1739225171202268
2021-03-29,370.6612548828125,395.7799987792969,396.75,392.80999755859375,394.3999938964844,108107600,-0.0005051034540419774,-0.0005052310617634964,1.1728244613480099
2021-03-30,369.6779174804688,394.7300109863281,395.4500122070313,393.0199890136719,394.4200134277344,76262200,-0.002652927408489436,-0.0026564526566053557,1.1670601157806635
2021-03-31,371.1763916015625,396.3299865722656,398.0,395.30999755859375,395.3399963378906,112734200,0.004053458565516976,0.004045265435225945,1.175844204168965
2021-04-01,375.1847229003906,400.6099853515625,400.6700134277344,398.1799926757813,398.3999938964844,99682900,0.010798993118966704,0.010741100408500065,1.199341130757729
2021-04-05,380.5697937011719,406.3599853515625,406.9400024414063,403.3800048828125,403.4599914550781,91684800,0.014353118536254872,0.014251087678826897,1.2309085347091555
2021-04-06,380.3450317382813,406.1199951171875,407.239990234375,405.3999938964844,405.760009765625,62021000,-0.0005905932804195491,-0.0005907677493278125,1.2295909751193257
2021-04-07,380.78521728515625,406.5899963378906,406.9599914550781,405.4500122070313,405.9400024414063,55836300,0.0011573321856293006,0.001156662993004364,1.23217135251562
2021-04-08,382.59271240234375,408.5199890136719,408.5799865722656,406.9299926757813,407.9299926757813,57863100,0.004746757581804761,0.004735527252446355,1.2427669288070606
2021-04-09,385.3742065429688,411.489990234375,411.6700134277344,408.260009765625,408.3900146484375,61104600,0.007270117936015286,0.007243818020676137,1.2590721088824828
2021-04-12,385.5147705078125,411.6400146484375,411.9299926757813,410.2000122070313,410.8500061035156,56704900,0.00036474668635610996,0.0003646801824543998,1.2598960979484373
2021-04-13,386.6572570800781,412.8599853515625,413.5299987792969,411.1199951171875,411.5299987792969,56551000,0.0029635351474619487,0.0029591525337283988,1.2665933794643194
2021-04-14,385.3367614746094,411.4500122070313,413.9599914550781,410.8699951171875,412.8299865722656,61659900,-0.003415157950068637,-0.003421002913423532,1.258852605064869
2021-04-15,389.4761962890625,415.8699951171875,416.1600036621094,413.6900024414063,413.739990234375,60229800,0.010742382321926147,0.010685092851352728,1.2831180633573545
2021-04-16,390.7781066894531,417.260009765625,417.9100036621094,415.7300109863281,417.25,82037300,0.003342721359598455,0.003337146885708836,1.290749890874224
2021-04-19,388.858154296875,415.2099914550781,416.739990234375,413.7900085449219,416.260009765625,78498500,-0.004913152399563359,-0.0049252616120334216,1.279495087551076
2021-04-20,386.0111083984375,412.1700134277344,415.0899963378906,410.5899963378906,413.9100036621094,81851800,-0.007321553803045444,-0.007348487925032637,1.262805641623793
2021-04-21,389.66357421875,416.0700073242188,416.2900085449219,411.3599853515625,411.510009765625,66793000,0.009462074382953878,0.009417589350772667,1.284216476919005
2021-04-22,386.1047668457031,412.2699890136719,416.7799987792969,411.1300048828125,415.8900146484375,97582800,-0.009133025534095784,-0.009174987299117239,1.2633546695099014
2021-04-23,390.291015625,416.739990234375,418.25,412.7900085449219,412.8699951171875,73209200,0.010842261320668456,0.010783905432995226,1.287894552298083
2021-04-26,391.1058654785156,417.6099853515625,418.2200012207031,416.80999755859375,417.4400024414063,52182400,0.002087800694593911,0.0020856242674946158,1.2926712201335286
2021-04-27,391.021484375,417.5199890136719,418.1400146484375,416.2999877929688,417.9299926757813,51303100,-0.00021575003333784704,-0.0002157733107244145,1.292176576241352
2021-04-28,390.9091491699219,417.3999938964844,419.010009765625,416.8999938964844,417.80999755859375,51238900,-0.0002872865291728699,-0.0002873278038530877,1.2915180647885123
2021-04-29,393.400390625,420.05999755859375,420.7200012207031,416.4400024414063,420.3200073242188,78544300,0.006372942307357521,0.006352720977969389,1.3061217772116769
2021-04-30,390.8155517578125,417.2999877929688,418.5400085449219,416.3399963378906,417.6300048828125,85527000,-0.006570504068592609,-0.006592184851748841,1.2909693946918375
2021-05-03,391.6583862304688,418.2000122070313,419.8399963378906,417.6700134277344,419.4299926757813,68128300,0.002156604231498438,0.002154282098607875,1.2959101089826635
2021-05-04,389.2420959472656,415.6199951171875,416.6000061035156,411.6700134277344,416.0700073242188,101591200,-0.00616938221713792,-0.006188491491092104,1.2817457619841588
2021-05-05,389.3638916015625,415.75,417.6300048828125,415.1499938964844,417.3800048828125,60162200,0.00031290463072974894,0.00031285568628547887,1.2824597307992316
2021-05-06,392.4731750488281,419.0700073242188,419.2099914550781,413.6799926757813,415.8299865722656,74321400,0.007985546462658144,0.007953830719646882,1.300686419028675
2021-05-07,395.32958984375,422.1199951171875,422.8200073242188,419.1600036621094,419.8900146484375,67733800,0.007277987328857538,0.00725163058451785,1.3174307856340404
2021-05-10,391.4148864746094,417.9400024414063,422.739990234375,417.80999755859375,422.5,81852400,-0.009902378849728555,-0.00995173349237762,1.2944827080366679
2021-05-11,387.9217224121094,414.2099914550781,415.2699890136719,410.05999755859375,413.1000061035156,116888000,-0.008924453778348052,-0.008964515245220005,1.2740057031635756
2021-05-12,379.6800537109375,405.4100036621094,412.5899963378906,404.0,411.2300109863281,134811000,-0.021245700421015146,-0.02147463875805292,1.2256928592384826
2021-05-13,384.2410583496094,410.2799987792969,412.3500061035156,407.0199890136719,407.0700073242188,106394000,0.012012758094857245,0.011941177598908646,1.2524295691499656
2021-05-14,390.1411743164063,416.5799865722656,417.489990234375,413.1799926757813,413.2099914550781,82201600,0.0153552459805808,0.015238547299405169,1.2870161792381971
2021-05-17,389.1484375,415.5199890136719,416.3900146484375,413.3599853515625,415.3900146484375,65129200,-0.0025445579235408022,-0.002547800813369353,1.2811967340980503
2021-05-18,385.7957153320313,411.9400024414063,416.05999755859375,411.7699890136719,415.7999877929688,59810200,-0.008615535474091884,-0.008652863756582887,1.2615430027120462
2021-05-19,384.7842102050781,410.8599853515625,411.0499877929688,405.3299865722656,406.9200134277344,106467100,-0.0026218671871008903,-0.0026253103004483243,1.2556135373210178
2021-05-20,388.9237365722656,415.2799987792969,416.6300048828125,411.6700134277344,411.7999877929688,78022200,0.010758046347539185,0.010700590276325982,1.2798795322976542
2021-05-21,388.6053161621094,414.9400024414063,418.2000122070313,414.4500122070313,416.8699951171875,76578700,-0.0008187219760938946,-0.0008190573119746939,1.2780129448217155
2021-05-24,392.56689453125,419.1700134277344,420.3200073242188,417.0799865722656,417.3399963378906,51376700,0.010194349393532365,0.010142737483936338,1.3012358047042176
2021-05-25,391.6958923339844,418.239990234375,420.7099914550781,417.6199951171875,420.3299865722656,57451400,-0.0022187357349774395,-0.002221200775966251,1.296129970589711
2021-05-26,392.4731750488281,419.0700073242188,419.6099853515625,417.760009765625,418.8699951171875,43088600,0.001984403538704882,0.0019824372108981896,1.3006864190286755
2021-05-27,392.6792297363281,419.2900085449219,420.7200012207031,418.989990234375,420.1700134277344,56707700,0.0005250159771412743,0.0005248782044729398,1.3018943161570578
2021-05-28,393.3816223144531,420.0400085449219,421.25,419.7900085449219,420.9700012207031,58520200,0.0017887184371749854,0.0017871205854720258,1.306011756960796
2021-06-01,393.0350646972656,419.6700134277344,422.7200012207031,419.2000122070313,422.5700073242188,54216600,-0.0008809705322494477,-0.0008813588148492288,1.303980228555893
2021-06-02,393.6531982421875,420.3299865722656,421.2300109863281,419.2900085449219,420.3699951171875,49097100,0.0015727185700289414,0.0015714831433280719,1.3076037410463224
2021-06-03,392.192138671875,418.7699890136719,419.989990234375,416.2799987792969,417.8500061035156,58138800,-0.0037115399464215937,-0.003718444801199577,1.299038977580917
2021-06-04,395.7791748046875,422.6000061035156,422.9200134277344,418.8399963378906,420.75,55938800,0.009146119412183351,0.009104546954212601,1.3200662626031359
2021-06-07,395.3951110839844,422.1900024414063,422.7799987792969,421.1900024414063,422.5899963378906,51555000,-0.0009703990132695628,-0.0009708701552138193,1.3178148725911858
2021-06-08,395.4794616699219,422.2799987792969,423.2099914550781,420.3200073242188,423.1099853515625,47134300,0.00021333239479437438,0.00021330964267482526,1.3183093375886457
2021-06-09,394.8894653320313,421.6499938964844,423.260009765625,421.4100036621094,423.1799926757813,48436300,-0.0014918507661543234,-0.001492964683512044,1.314850766027181
2021-06-10,396.72503662109375,423.6099853515625,424.6300048828125,421.5499877929688,422.9599914550781,51020100,0.004648316681527653,0.004637546619750765,1.3256109254581525
2021-06-11,397.3806457519531,424.30999755859375,424.4299926757813,422.8200073242188,424.2000122070313,45570800,0.001652552953156583,0.0016511889899992293,1.3294541206609116
2021-06-14,398.2703247070313,425.260009765625,425.3699951171875,423.1000061035156,424.4299926757813,42358500,0.002238858295160906,0.0022363557864069424,1.33466943834215
2021-06-15,397.5398559570313,424.4800109863281,425.4599914550781,423.5400085449219,425.4200134277344,51508500,-0.001834102881095534,-0.0018357869072178918,1.330387414398881
2021-06-16,395.3202209472656,422.1099853515625,424.8699951171875,419.9200134277344,424.6300048828125,80386100,-0.005583427614879399,-0.00559907321139311,1.317375864955959
2021-06-17,395.1891479492188,421.9700012207031,423.0199890136719,419.3200073242188,421.6700134277344,90949700,-0.000331561582488038,-0.00033161656118241344,1.3166075121469545
2021-06-18,389.85791015625,414.9200134277344,417.8299865722656,414.7000122070313,417.0899963378906,118676300,-0.0134903446125344,-0.013582166048392748,1.285355678476106
2021-06-21,395.4390563964844,420.8599853515625,421.05999755859375,415.9299926757813,416.7999877929688,72822000,0.01431584711978151,0.014214342978623428,1.3180724809834943
2021-06-22,397.55316162109375,423.1099853515625,424.0,420.0799865722656,420.8500061035156,57700300,0.005346222611075868,0.005331982295024192,1.3304654124954411
2021-06-23,397.0739440917969,422.6000061035156,424.0499877929688,422.510009765625,423.1900024414063,49445400,-0.0012054174776092719,-0.0012061445776217089,1.3276562287562554
2021-06-24,399.42291259765625,425.1000061035156,425.5499877929688,424.6199951171875,424.8900146484375,45110300,0.005915695403363896,0.0058982663800610366,1.3414259340093202
2021-06-25,400.8416748046875,426.6099853515625,427.0899963378906,425.5499877929688,425.8999938964844,58129500,0.0035520300971325636,0.003545736537100461,1.349742749397128
2021-06-28,401.6498718261719,427.4700012207031,427.6499938964844,425.8900146484375,427.1700134277344,53159600,0.0020162499866764882,0.0020142200827433297,1.354480418184293
2021-06-29,401.8658752441406,427.7000122070313,428.55999755859375,427.1300048828125,427.8800048828125,35970500,0.0005377903321284183,0.000537645774733144,1.3557466349903784
2021-06-30,402.20416259765625,428.05999755859375,428.7799987792969,427.1799926757813,427.2099914550781,64827900,0.0008417916881100496,0.0008414375801964289,1.3577296829270065
2021-07-01,404.4310302734375,430.4299926757813,430.6000061035156,428.7999877929688,428.8699951171875,53441000,0.005536659942549926,0.0055213889817045695,1.3707836304178294
2021-07-02,407.5222473144531,433.7200012207031,434.1000061035156,430.5199890136719,431.6700134277344,57697700,0.0076433725644782236,0.007614309989182207,1.3889044129748789
2021-07-06,406.7800598144531,432.9299926757813,434.010009765625,430.010009765625,433.7799987792969,68710400,-0.001821219589583034,-0.001822880026299289,1.3845536934603278
2021-07-07,408.2175903320313,434.4599914550781,434.760009765625,431.510009765625,433.6600036621094,63549500,0.0035339257244662026,0.0035276960813697637,1.392980529099018
2021-07-08,404.8914184570313,430.9200134277344,431.7300109863281,427.5199890136719,428.7799987792969,97595200,-0.008148036620113763,-0.008181413297062182,1.3734824361167002
2021-07-09,409.2135925292969,435.5199890136719,435.8399963378906,430.7099914550781,432.5299987792969,76238600,0.010674896713634086,0.01061832226517338,1.3988191159738705
2021-07-12,410.6793518066406,437.0799865722656,437.3500061035156,434.9700012207031,435.4299926757813,52889600,0.0035818929383162335,0.0035754932372818933,1.4074114292256752
2021-07-13,409.2793273925781,435.5899963378906,437.8399963378906,435.30999755859375,436.239990234375,52911300,-0.0034090450564498997,-0.003414869090578626,1.3992044551940324
2021-07-14,409.89007568359375,436.239990234375,437.9200134277344,434.9100036621094,437.3999938964844,64130400,0.0014922529679339824,0.0014911406648946736,1.4027846751629762
2021-07-15,408.4901428222656,434.75,435.5299987792969,432.7200012207031,434.80999755859375,55126400,-0.003415386086119243,-0.0034212318312909253,1.3945782378154838
2021-07-16,405.28607177734375,431.3399963378906,436.05999755859375,430.9200134277344,436.010009765625,75874700,-0.007843692439638561,-0.00787461600461122,1.3757959025954074
2021-07-19,399.3009033203125,424.9700012207031,431.4100036621094,421.9700012207031,426.1900024414063,147987000,-0.014767762511018079,-0.014877891499904065,1.3407107129312288
2021-07-20,405.02294921875,431.05999755859375,432.4200134277344,424.8299865722656,425.6799926757813,99608200,0.014330160164569783,0.01422845391245527,1.3742534723464574
2021-07-21,408.30218505859375,434.5499877929688,434.7000122070313,431.010009765625,432.3399963378906,64724400,0.008096419835392332,0.00806381967317098,1.3934764252542124
2021-07-22,409.15716552734375,435.4599914550781,435.7200012207031,433.6900024414063,434.739990234375,47878500,0.0020939894520213276,0.0020918001118794545,1.3984883396423564
2021-07-23,413.3666076660156,439.9400024414063,440.2999877929688,436.7900085449219,437.5199890136719,63766600,0.010288081190626297,0.01023551908474845,1.4231641824153676
2021-07-26,414.38134765625,441.0199890136719,441.0299987792969,439.260009765625,439.30999755859375,43719200,0.0024548184865824663,0.0024518103416422067,1.4291126106463854
2021-07-27,412.4927978515625,439.010009765625,439.9400024414063,435.989990234375,439.9100036621094,67397100,-0.004557516440759635,-0.004567933581724422,1.4180418899869078
2021-07-28,412.3236083984375,438.8299865722656,440.2999877929688,437.30999755859375,439.6799926757813,52472400,-0.00041016341135213796,-0.000410247551372369,1.4170500976765186
2021-07-29,414.03369140625,440.6499938964844,441.7999877929688,439.80999755859375,439.8200073242188,47435300,0.004147429283651416,0.004138852405306086,1.4270746420316747
2021-07-30,412.0230102539063,438.510009765625,440.05999755859375,437.7699890136719,437.9100036621094,68951200,-0.004856322550743419,-0.0048681528016518046,1.4152879847152389
2021-08-02,411.1585083007813,437.5899963378906,440.9299926757813,437.2099914550781,440.3399963378906,58783300,-0.0020981885273646528,-0.0021003928087845476,1.4102202551754277
2021-08-03,414.5035095214844,441.1499938964844,441.2799987792969,436.1000061035156,438.4400024414063,58053900,0.008135551504277805,0.008102636306818928,1.429828726198061
2021-08-04,412.4645690917969,438.9800109863281,441.1199951171875,438.7300109863281,439.7799987792969,46732200,-0.00491899437001464,-0.004931132443925129,1.4178764123737926
2021-08-05,415.07666015625,441.760009765625,441.8500061035156,439.8800048828125,440.2200012207031,38969700,0.006332885925704357,0.006312917464612827,1.4331885478758073
2021-08-06,415.7625122070313,442.489990234375,442.9400024414063,441.7999877929688,442.1000061035156,46930000,0.0016523503165009057,0.001650986687638419,1.437209027742996
2021-08-09,415.42425537109375,442.1300048828125,442.7999877929688,441.30999755859375,442.4599914550781,41222600,-0.000813581855040213,-0.0008139129923747051,1.4352261587010844
2021-08-10,415.9411010742188,442.6799926757813,443.4400024414063,441.8800048828125,442.6099853515625,43339300,0.0012441394464639544,0.001243366146311858,1.4382559196261853
2021-08-11,416.974609375,443.7799987792969,443.8800048828125,442.6199951171875,443.8200073242188,44034300,0.0024847467540765056,0.002481664874931014,1.4443143681080843
2021-08-12,418.2242126464844,445.1099853515625,445.260009765625,442.6600036621094,443.6199951171875,38909400,0.0029968330046699077,0.0029923514520516863,1.4516395700802196
2021-08-13,418.98541259765625,445.9200134277344,445.9400024414063,445.0700073242188,445.5899963378906,39470300,0.001820076236990431,0.0018184219052719377,1.4561017410033879
2021-08-16,419.9719848632813,446.9700012207031,447.1099853515625,442.8699951171875,444.5299987792969,73740000,0.002354669723483749,0.0023519018328577264,1.461885049410724
2021-08-17,417.218994140625,444.0400085449219,444.9599914550781,440.8500061035156,444.239990234375,92673900,-0.006555177063899964,-0.006576756593859147,1.4457469570008685
2021-08-18,412.6524658203125,439.1799926757813,444.6300048828125,438.9200134277344,442.9599914550781,89351900,-0.010945159219604816,-0.011005498158241417,1.41897786714563
2021-08-19,413.2914123535156,439.8599853515625,441.1400146484375,436.1199951171875,436.2699890136719,92812200,0.0015483889861969136,0.001547191467960619,1.4227233858329722
2021-08-20,416.5799865722656,443.3599853515625,443.7099914550781,439.7099914550781,440.2300109863281,72008700,0.00795703496480371,0.007925544697893083,1.4420010805240926
2021-08-23,420.2444458007813,447.260009765625,448.2300109863281,443.4400024414063,445.1600036621094,54973000,0.00879653211059872,0.008758068024478809,1.4634822214430394
2021-08-24,420.9115905761719,447.9700012207031,448.5400085449219,447.4200134277344,447.9700012207031,38744700,0.0015875159851770348,0.0015862572137125596,1.4673930388487797
2021-08-25,421.7947998046875,448.9100036621094,449.4599914550781,447.7699890136719,448.1700134277344,40529700,0.0020983247985797426,0.0020961263898794207,1.472570430850039
2021-08-26,419.3047790527344,446.260009765625,448.8599853515625,446.1600036621094,448.6099853515625,57829600,-0.005903393671771506,-0.005920887583134478,1.4579738742155492
2021-08-27,423.0537414550781,450.25,450.6499938964844,447.05999755859375,447.1199951171875,77235100,0.00894090072336673,0.008901167528571964,1.4799503746055396
2021-08-30,424.9142150878906,452.2300109863281,453.0700073242188,450.7099914550781,450.9700012207031,48357400,0.0043977240962660424,0.0043880823650996595,1.4908565121254864
2021-08-31,424.28466796875,451.55999755859375,452.489990234375,450.9200134277344,452.1300048828125,59300200,-0.0014815863927037931,-0.0014826850271052532,1.4871660930109436
2021-09-01,424.5101623535156,451.7999877929688,453.1099853515625,451.5499877929688,452.55999755859375,48721400,0.0005314695575617812,0.0005313283776361474,1.4884879460739788
2021-09-02,425.8162231445313,453.1900024414063,454.0499877929688,451.9100036621094,453.3200073242188,42501000,0.003076630212513143,0.0030719070708746877,1.4961441032723446
2021-09-03,425.7128601074219,453.0799865722656,453.6300048828125,451.5499877929688,451.9800109863281,47170500,-0.00024274095605403279,-0.00024277042240846298,1.4955381868662676
2021-09-07,424.1907348632813,451.4599914550781,452.80999755859375,450.739990234375,452.7099914550781,51671500,-0.0035754739562166016,-0.0035818812405004163,1.4866154550723834
2021-09-08,423.6739807128906,450.9100036621094,451.6700134277344,448.8599853515625,450.8900146484375,56181900,-0.0012182117805029646,-0.0012189544036501536,1.4835862308314334
2021-09-09,421.860595703125,448.9800109863281,452.5700073242188,448.7200012207031,450.7000122070313,57970400,-0.0042801424971020685,-0.004289328528051327,1.4729561278596344
2021-09-10,418.5343322753906,445.4400024414063,451.489990234375,445.30999755859375,451.0400085449219,89948200,-0.00788474548610163,-0.007915994460316156,1.4534574981931656
2021-09-13,419.60546875,446.5799865722656,448.9200134277344,444.1099853515625,448.6400146484375,83738600,0.0025592559367497714,0.0025559866181023056,1.4597365238609799
2021-09-14,417.3411560058594,444.1700134277344,448.3399963378906,443.2200012207031,448.1199951171875,78197100,-0.0053962898788855185,-0.005410902443913288,1.4464630725525436
2021-09-15,420.8269958496094,447.8800048828125,448.4100036621094,443.4400024414063,444.6199951171875,78792200,0.008352494820091705,0.00831780576150163,1.4668971426935844
2021-09-16,420.1599426269531,447.1700134277344,448.3599853515625,444.0199890136719,447.3200073242188,77786700,-0.001585100835343356,-0.0015863584367982288,1.4629868619719946
2021-09-17,416.0670471191406,441.3999938964844,445.3699951171875,441.0199890136719,444.9200134277344,118425000,-0.009741279671314218,-0.009789036329856468,1.4389942181227529
2021-09-20,409.1295471191406,434.0400085449219,436.55999755859375,428.8599853515625,434.8800048828125,166445500,-0.01667399532848235,-0.016814571220576783,1.3983264399235784
2021-09-21,408.7430114746094,433.6300048828125,437.9100036621094,433.0700073242188,436.5299987792969,92526100,-0.0009447756761959969,-0.0009452222580370933,1.3960605594395608
2021-09-22,412.7301940917969,437.8599853515625,440.0299987792969,433.75,436.0499877929688,102350100,0.009754741990090743,0.009707471652478145,1.419433511989526
2021-09-23,417.7449340820313,443.1799926757813,444.8900146484375,439.6000061035156,439.8500061035156,76396000,0.012150165076410868,0.012076944320244901,1.4488300285515994
2021-09-24,418.43310546875,443.9100036621094,444.6700134277344,441.2099914550781,441.4400024414063,62094800,0.001647348251465619,0.0016459928616633312,1.4528641044172703
2021-09-27,417.2359619140625,442.6400146484375,444.0499877929688,441.8999938964844,442.80999755859375,61371100,-0.0028610153906115654,-0.002865115918126655,1.445846422463454
2021-09-28,408.8278503417969,433.7200012207031,440.0400085449219,432.9400024414063,439.6900024414063,130436300,-0.02015193401281512,-0.020357754043596105,1.3965578867524906
2021-09-29,409.5159912109375,434.4500122070313,437.0400085449219,433.8500061035156,435.1900024414063,82329200,0.0016832044797470136,0.0016817894786882543,1.4005917837234456
2021-09-30,404.5107116699219,429.1400146484375,436.7699890136719,428.7799987792969,436.0199890136719,140506000,-0.012222427569226313,-0.01229773569828344,1.3712507245236059
2021-10-01,409.3179931640625,434.239990234375,436.0299987792969,427.2300109863281,430.9800109863281,129240100,0.011884188367459858,0.011814125944628452,1.3994311148003202
2021-10-04,404.0394592285156,428.6400146484375,433.9599914550781,426.3599853515625,433.0,128570000,-0.012895924498073863,-0.012979798803849652,1.368488232305526
2021-10-05,408.2434387207031,433.1000061035156,435.489990234375,429.3900146484375,430.239990234375,90682500,0.010404873574018536,0.010351115453060522,1.3931320529242157
2021-10-06,409.9401550292969,434.8999938964844,435.1199951171875,427.5400085449219,429.2699890136719,113032200,0.004156138587090741,0.00414752569910361,1.4030782413933776
2021-10-07,413.48431396484375,438.6600036621094,441.6799926757813,438.2000122070313,438.3900146484375,72437500,0.008645552020376313,0.008608393253944512,1.4238541793383783
2021-10-08,412.7301940917969,437.8599853515625,439.8900146484375,437.1900024414063,439.4800109863281,74557400,-0.0018238173676183855,-0.0018254825474775802,1.4194335119895265
2021-10-11,409.74224853515625,434.6900024414063,440.260009765625,434.6199951171875,437.1600036621094,65233300,-0.007239464423521302,-0.007265796509859965,1.401918109154403
2021-10-12,408.7335510253906,433.6199951171875,436.1000061035156,432.7799987792969,435.6700134277344,71181200,-0.002461785459936694,-0.0024648206360870003,1.396005102077328
2021-10-13,410.2040100097656,435.1799926757813,436.0499877929688,431.5400085449219,434.7099914550781,72974000,0.0035975979478222175,0.003591142071457028,1.404624965115533
2021-10-14,417.10394287109375,442.5,442.6600036621094,438.5799865722656,439.0799865722656,70236800,0.016820734787950764,0.01668083288419662,1.4450725239182267
2021-10-15,420.2805480957031,445.8699951171875,446.260009765625,444.0899963378906,444.75,66260200,0.0076158599766367185,0.00758700572241696,1.4636938538931097
2021-10-18,421.5247192382813,447.1900024414063,447.5499877929688,443.2699890136719,443.9700012207031,62213200,0.0029603348244775507,0.0029559616618989055,1.4709872126056407
2021-10-19,424.77679443359375,450.6400146484375,450.7099914550781,448.2699890136719,448.9200134277344,46996800,0.007715028435791638,0.007685419794076507,1.4900509492153708
2021-10-20,426.4451904296875,452.4100036621094,452.7300109863281,451.010009765625,451.1300048828125,49571600,0.003927700425157221,0.003920007147854968,1.499831123387267
2021-10-21,427.5574951171875,453.5899963378906,453.8299865722656,451.30999755859375,451.7699890136719,41305400,0.0026083180499216763,0.0026049222919264643,1.506351478028154
2021-10-22,427.1144409179688,453.1199951171875,454.6700134277344,451.0499877929688,453.1300048828125,58845100,-0.001036244725629798,-0.0010367819983916086,1.503754284528473
2021-10-25,429.4049682617188,455.5499877929688,455.8999938964844,452.3900146484375,454.2799987792969,45214500,0.0053627953642285675,0.005348466781844431,1.5171814063987097
2021-10-26,429.7914733886719,455.9599914550781,458.489990234375,455.55999755859375,457.2000122070313,56075100,0.0009000946787312003,0.0008996898364285821,1.51944710798801
2021-10-27,427.8873596191406,453.9400024414063,457.1600036621094,453.8599853515625,456.4500122070313,72438000,-0.004430320021284628,-0.004440162971401252,1.508285151022923
2021-10-28,432.0160217285156,458.3200073242188,458.3999938964844,455.4500122070313,455.4599914550781,51437900,0.009648946192404306,0.009602692406602402,1.53248745948035
2021-10-29,432.8927001953125,459.25,459.55999755859375,455.55999755859375,455.8699951171875,70162400,0.00202927304244227,0.002027216849150393,1.5376265680121963
2021-11-01,433.6372985839844,460.0400085449219,460.7000122070313,458.2000122070313,460.2999877929688,48433600,0.0017200530023626648,0.0017185754053180412,1.541991420209381
2021-11-02,435.39056396484375,461.8999938964844,462.2300109863281,460.0799865722656,460.2200012207031,48908400,0.004043160924082301,0.004035009313747703,1.5522691005889242
2021-11-03,438.0487060546875,464.7200012207031,465.1499938964844,460.8299865722656,461.2999877929688,52509800,0.006105189937139821,0.00608662877303305,1.5678511882187127
2021-11-04,440.1130676269531,466.9100036621094,467.0,464.989990234375,465.3599853515625,52847100,0.004712630225205849,0.0047015605479592965,1.5799525213421428
2021-11-05,441.64007568359375,468.5299987792969,470.6499938964844,466.9200134277344,469.2799987792969,66390600,0.0034695812711813545,0.0034635761602210334,1.5889038762907286
2021-11-08,442.0170593261719,468.9299926757813,470.2300109863281,468.2000122070313,469.7000122070313,50405200,0.0008535992617848542,0.000853235153122186,1.5911137627283622
2021-11-09,440.5559997558594,467.3800048828125,469.5700073242188,465.8800048828125,469.3200073242188,51149100,-0.003305437062858574,-0.0033109120881770907,1.582548999262957
2021-11-10,437.0118408203125,463.6199951171875,467.3800048828125,462.0400085449219,465.5799865722656,69429700,-0.00804474104883579,-0.008077274578129656,1.5617730613179566
2021-11-11,437.1531982421875,463.7699890136719,465.2900085449219,463.75,465.2099914550781,34848500,0.0003234635967979127,0.00032341129372714163,1.5626017016465505
2021-11-12,440.4523315429688,467.2699890136719,467.8599853515625,464.1099853515625,465.1199951171875,53466700,0.007546858433261638,0.007518523368340369,1.5819412939097126
2021-11-15,440.6031188964844,467.4299926757813,468.80999755859375,466.2300109863281,468.6400146484375,46980500,0.0003423465894420996,0.0003422880022194908,1.5828252127058224
2021-11-16,442.3470153808594,469.2799987792969,470.489990234375,467.0700073242188,467.1499938964844,48857500,0.003957975805397584,0.003950163625986228,1.593047972407283
2021-11-17,441.2724609375,468.1400146484375,469.1900024414063,467.4800109863281,469.0,47858300,-0.0024292114697195277,-0.002432166790938759,1.5867489105311785
2021-11-18,442.7712097167969,469.7300109863281,470.010009765625,466.3399963378906,469.239990234375,50625600,0.0033964249119755596,0.0033906700877550052,1.5955346089719322
2021-11-19,441.9794006347656,468.8900146484375,470.9400024414063,468.5,469.6099853515625,57315600,-0.0017883029986021093,-0.0017899039213174802,1.590893006647732
2021-11-22,440.7351379394531,467.5700073242188,473.5400085449219,467.3500061035156,470.8900146484375,72762000,-0.002815205173647195,-0.0028191753166608405,1.583599111251051
2021-11-23,441.3195495605469,468.1900024414063,469.1000061035156,464.4500122070313,467.2200012207031,73206500,0.0013259928033557689,0.0013251144512717837,1.5870249450793263
2021-11-24,442.4977722167969,469.4400024414063,469.5700073242188,465.1900024414063,466.05999755859375,61858800,0.0026697721807775743,0.002666214669452084,1.593931712308677
2021-11-26,432.6286926269531,458.9700012207031,463.8999938964844,457.7699890136719,462.3399963378906,112669600,-0.022303117008707796,-0.022555592579007442,1.5360789498164586
2021-11-29,437.9355773925781,464.6000061035156,466.55999755859375,461.7300109863281,464.0700073242188,86268800,0.012266603801521336,0.012191978662015749,1.5671880255032353
2021-11-30,429.4143981933594,455.55999755859375,464.0299987792969,455.2999877929688,462.0,148559600,-0.019457608924931202,-0.019649400139489927,1.5172366848662269
2021-12-01,424.644775390625,450.5,464.6700134277344,450.2900085449219,461.6400146484375,131939200,-0.011107272655041855,-0.011169419020869424,1.489277050670144
2021-12-02,431.1488342285156,457.3999938964844,459.0700073242188,450.30999755859375,450.7300109863281,127637800,0.015316469705550118,0.015200356709822555,1.5274039872054543
2021-12-03,427.3972778320313,453.4200134277344,460.2999877929688,448.9200134277344,459.1700134277344,137331600,-0.008701302424248047,-0.00873937979893304,1.5054122807645292
2021-12-06,432.4590759277344,458.7900085449219,460.7900085449219,453.55999755859375,456.1300048828125,98977500,0.011843309160458393,0.011773726032034526,1.5350846529800326
2021-12-07,441.4043273925781,468.2799987792969,468.8800048828125,458.6499938964844,464.4100036621094,95484700,0.020684619569271145,0.02047359780126479,1.5875219146028225
2021-12-08,442.5732116699219,469.5199890136719,470.0,466.8299865722656,468.7000122070313,72238800,0.0026481033483483074,0.0026446033003075364,1.5943739400488068
2021-12-09,439.5851745605469,466.3500061035156,469.6300048828125,466.1400146484375,468.1499938964844,61272600,-0.006751509197993499,-0.006774403742893193,1.5768580005295325
2021-12-10,443.7231750488281,470.739990234375,470.8999938964844,466.510009765625,469.2300109863281,77159800,0.009413421397612032,0.009369391246973845,1.601115050770325
2021-12-13,439.7925720214844,466.5700073242188,470.55999755859375,466.2699890136719,470.1900024414063,87724700,-0.008858232448443193,-0.008897699836566915,1.5780737690254574
2021-12-14,436.7667541503906,463.3599853515625,465.739990234375,460.25,463.0899963378906,97264100,-0.006880102265451438,-0.006903879290711714,1.5603363578466842
2021-12-15,443.5912170410156,470.6000061035156,470.8599853515625,460.739990234375,463.4200134277344,116899300,0.015624959605499589,0.015504146762917904,1.6003415100145304
2021-12-16,439.6794128417969,466.4500122070313,472.8699951171875,464.7999877929688,472.5700073242188,116568600,-0.0088184888450058,-0.008857601832503068,1.5774104274152618
2021-12-17,434.9999694824219,459.8699951171875,464.739990234375,458.05999755859375,461.5499877929688,135511600,-0.010642853003123731,-0.01069989323803111,1.549979427107563
2021-12-20,430.3743896484375,454.9800109863281,455.3999938964844,451.1400146484375,454.4800109863281,107134800,-0.01063351760573239,-0.010690457461096176,1.5228641759751596
2021-12-21,438.0174255371094,463.05999755859375,463.2099914550781,456.30999755859375,458.6099853515625,69806300,0.017759039739598137,0.017603190444137128,1.5676678211339108
2021-12-22,442.3970336914063,467.6900024414063,467.80999755859375,462.5799865722656,462.7900085449219,58890200,0.009998707583212196,0.009949051231767383,1.5933411808482525
2021-12-23,445.1496276855469,470.6000061035156,472.1900024414063,468.6400146484375,468.75,56439700,0.006221999210014317,0.0062027224914260265,1.609476947626788
2021-12-27,451.4494934082031,477.260009765625,477.30999755859375,472.010009765625,472.05999755859375,56808600,0.014152243045582047,0.014053034969542666,1.646406899611446
2021-12-28,451.0805969238281,476.8699951171875,478.80999755859375,476.05999755859375,477.7200012207031,47274600,-0.0008171378853258915,-0.0008174719244707992,1.6442444202737856
2021-12-29,451.6575317382813,477.4800109863281,478.55999755859375,475.9200134277344,476.9800109863281,54503000,0.001279006054322851,0.0012781888228344813,1.647626424896425
2021-12-30,450.408935546875,476.1600036621094,479.0,475.6700134277344,477.9299926757813,55329000,-0.002764475523303833,-0.002768303742737015,1.6403071264499465
2021-12-31,449.27386474609375,474.9599914550781,476.8599853515625,474.6700134277344,475.6400146484375,65237400,-0.0025200894369536986,-0.0025232702073465,1.6336533163502662
2022-01-03,451.8751831054688,477.7099914550781,477.8500061035156,473.8500061035156,476.2999877929688,72668200,0.00579005048701231,0.005773352568215905,1.6489023020172215
2022-01-04,451.7237548828125,477.5499877929688,479.9800109863281,475.5799865722656,479.2200012207031,71178700,-0.0003351107303916079,-0.0003351668925397958,1.6480146264320568
2022-01-05,443.0497741699219,468.3800048828125,477.9800109863281,468.2799987792969,477.1600036621094,104538900,-0.019201958318842083,-0.019388710456794023,1.597167559947624
2022-01-06,442.6335144042969,467.9400024414063,470.8200073242188,465.4299926757813,467.8900146484375,86858900,-0.0009395327340023796,-0.0009399743715251188,1.594727436009364
2022-01-07,440.883544921875,466.0899963378906,469.2000122070313,464.6499938964844,467.9500122070313,85111600,-0.003953540401876232,-0.003961376302582986,1.5844690762592442
2022-01-10,440.3349609375,465.510009765625,465.739990234375,456.6000061035156,462.7000122070313,119362000,-0.0012442831915449037,-0.0012450579546250872,1.5812532648285873
2022-01-11,444.3456115722656,469.75,469.8500061035156,462.0499877929688,465.2300109863281,74303100,0.009108181249625646,0.009066951927114448,1.604763787415834
2022-01-12,445.54693603515625,471.0199890136719,473.2000122070313,468.9400024414063,471.5899963378906,67605400,0.0027035812475786347,0.0026999331456116125,1.6118059779458633
2022-01-13,439.407958984375,464.5299987792969,472.8800048828125,463.4400024414063,472.1900024414063,91173100,-0.013778519285557067,-0.013874324132987987,1.5758191589086028
2022-01-14,439.5876159667969,464.7200012207031,465.0899963378906,459.8999938964844,461.1900024414063,95890900,0.0004088614663173562,0.00040877790524386276,1.5768723121068824
2022-01-18,431.8027648925781,456.489990234375,459.9599914550781,455.30999755859375,459.739990234375,109709100,-0.017709441284184724,-0.017868129753575206,1.531237343198784
2022-01-19,427.319091796875,451.75,459.6099853515625,451.4599914550781,458.1300048828125,109357600,-0.010383613677922066,-0.01043789951015163,1.504953952499878
2022-01-20,422.5894775390625,446.75,458.739990234375,444.5,453.75,122379700,-0.011068108934530585,-0.011129816196481623,1.4772288492776267
2022-01-21,414.2937622070313,437.9800109863281,448.05999755859375,437.9500122070313,445.55999755859375,202271200,-0.019630671781846187,-0.01982591278476771,1.428599182808937
2022-01-24,416.0531921386719,439.8399963378906,440.3800048828125,420.760009765625,432.0299987792969,251783900,0.004246817336248876,0.0042378250575588585,1.43891299992129
2022-01-25,410.9736328125,434.4700012207031,439.7200012207031,427.1499938964844,433.05999755859375,167997300,-0.012208918047380002,-0.012284059107680987,1.4091365109805611
2022-01-26,409.9425048828125,433.3800048828125,444.0400085449219,428.8599853515625,440.7200012207031,186391100,-0.0025089880405002596,-0.002512140825631486,1.4030920162865783
2022-01-27,407.9182739257813,431.239990234375,441.5899963378906,429.4500122070313,438.260009765625,149878300,-0.0049378411189877625,-0.004950072537592528,1.3912259297158474
2022-01-28,418.0491027832031,441.9500122070313,442.0,427.8200073242188,432.6799926757813,164457400,0.024835437647652503,0.024532051064622994,1.4506130721947552
2022-01-31,425.5785827636719,449.9100036621094,450.2799987792969,439.80999755859375,441.239990234375,152251400,0.018010994235702293,0.017850717908620525,1.4947510501119918
2022-02-01,428.4542846679688,452.9500122070313,453.6300048828125,446.9400024414063,450.6799926757813,123155400,0.006757158420948706,0.006734431149723607,1.511608478178427
2022-02-02,432.6162414550781,457.3500061035156,458.1199951171875,453.0499877929688,455.5,117361000,0.009713887656263243,0.009667011173683555,1.5360059607719703
2022-02-03,422.4476318359375,446.6000061035156,452.9700012207031,445.7099914550781,450.9500122070313,118024400,-0.02350491878191885,-0.02378556583315276,1.4763973466335631
2022-02-04,424.4340515136719,448.7000122070313,452.7799987792969,443.8299865722656,446.3500061035156,118454400,0.004702167861851958,0.004691147204368968,1.488041782650079
2022-02-07,423.0719299316406,447.260009765625,450.989990234375,445.8500061035156,449.510009765625,84472900,-0.0032092655553283,-0.003214426292439152,1.4800569958568026
2022-02-08,426.5529174804688,450.9400024414063,451.9200134277344,445.2200012207031,446.7300109863281,81012000,0.008227885857118089,0.008194221336773302,1.5004626217378596
2022-02-09,432.79595947265625,457.5400085449219,457.8800048828125,455.010009765625,455.2200012207031,92589900,0.014636031630174795,0.01452995865823081,1.5370594717596848
2022-02-10,425.0205078125,449.3200073242188,457.7099914550781,447.2000122070313,451.3399963378906,140103700,-0.017965629045221032,-0.018128970267910893,1.491479602424386
2022-02-11,416.6396179199219,440.4599914550781,451.6099853515625,438.9400024414063,449.4100036621094,153214600,-0.019718789419628235,-0.019915798907865784,1.4423506408008806
2022-02-14,415.277587890625,439.0199890136719,441.6000061035156,435.3399963378906,439.9200134277344,123006300,-0.003269084289431734,-0.003274439419576978,1.4343663906917548
2022-02-15,421.97467041015625,446.1000061035156,446.2799987792969,443.1799926757813,443.7300109863281,88482700,0.01612676126720114,0.01599810640055429,1.473624836311339
2022-02-16,422.4476318359375,446.6000061035156,448.05999755859375,441.9400024414063,443.9299926757813,84863600,0.0011208289476747346,0.0011202012878655046,1.476397346633564
2022-02-17,413.4234619140625,437.05999755859375,446.5700073242188,436.4200134277344,443.2200012207031,102259100,-0.021361629801678328,-0.021593091618931286,1.4234974632729194
2022-02-18,410.7466430664063,434.2300109863281,438.6600036621094,431.8200073242188,437.3299865722656,132642900,-0.0064747627898598115,-0.0064958149876447715,1.4078058920764
2022-02-22,406.3386535644531,429.5700073242188,435.5,425.8599853515625,431.8900146484375,124391800,-0.010731650705762541,-0.010789650195944444,1.381966160275359
2022-02-23,399.1306762695313,421.9500122070313,433.260009765625,421.3500061035156,432.6600036621094,132578000,-0.017738842297410184,-0.0178980612773747,1.3397128382004668
2022-02-24,405.13720703125,428.2999877929688,428.760009765625,410.6400146484375,411.0199890136719,213942900,0.015049033108300858,0.014936919808018149,1.3749232541664624
2022-02-25,414.076171875,437.75,437.8399963378906,427.8599853515625,429.6099853515625,121804500,0.022064043214526263,0.021824154411639,1.4273236634775746
2022-02-28,413.0167846679688,436.6300048828125,438.2000122070313,430.7000122070313,432.0299987792969,145615000,-0.0025584355705234874,-0.0025617139596998653,1.42111351227576
2022-03-01,406.7263488769531,429.9800109863281,437.1700134277344,427.1099853515625,435.0400085449219,137785900,-0.015230460418388714,-0.01534763515319851,1.384238838758618
2022-03-02,414.2086181640625,437.8900146484375,439.7200012207031,431.5700073242188,432.3699951171875,117726500,0.018396323001372616,0.018229157690296337,1.428100066548839
2022-03-03,412.1465148925781,435.7099914550781,441.1099853515625,433.7999877929688,440.4700012207031,105501700,-0.004978417109292477,-0.00499085071135341,1.416011971634458
2022-03-04,408.7980041503906,432.1700134277344,433.3699951171875,427.8800048828125,431.75,113978200,-0.008124564011078084,-0.008157748141210381,1.3963829277193827
2022-03-07,396.74700927734375,419.4299926757813,432.2999877929688,419.3599853515625,431.5499877929688,137896600,-0.029479094199817757,-0.02992233533750615,1.325739729654308
2022-03-08,393.7389526367188,416.25,427.2099914550781,415.1199951171875,419.6199951171875,164772700,-0.00758180041761114,-0.007610688374174498,1.3081064352007603
2022-03-09,404.2953796386719,427.4100036621094,429.510009765625,422.8200073242188,425.1400146484375,116990800,0.026810725561341453,0.026457615579051914,1.369988443401294
2022-03-10,402.4697570800781,425.4800109863281,426.4299926757813,420.4400024414063,422.5199890136719,93972700,-0.004515566218504241,-0.00452579218326703,1.3592866036480258
2022-03-11,397.3523864746094,420.0700073242188,428.7699890136719,419.5299987792969,428.1199951171875,95636300,-0.012714919606867658,-0.012796446002125782,1.3292884641530813
2022-03-14,394.4483947753906,417.0,424.5499877929688,415.7900085449219,420.8900146484375,95729200,-0.007308353486897512,-0.007335190337649211,1.3122652006840978
2022-03-15,403.1225280761719,426.1700134277344,426.8399963378906,418.4200134277344,419.7699890136719,106219100,0.021990540247275092,0.021752235620548434,1.363113161642115
2022-03-16,412.0614013671875,435.6199951171875,435.6799926757813,424.7999877929688,429.8900146484375,144954800,0.02217408521839448,0.021931815062757824,1.4155130342690767
2022-03-17,417.2167053222656,441.0700073242188,441.0700073242188,433.1900024414063,433.5899963378906,102676900,0.012511009131098483,0.012433393155343905,1.4457335398971045
2022-03-18,421.786376953125,444.5199890136719,444.8599853515625,437.2200012207031,438.0,106345500,0.010952753263629988,0.010893206269404947,1.472521055908182
2022-03-21,421.6629638671875,444.3900146484375,446.4599914550781,440.6799926757813,444.3399963378906,88349800,-0.0002925961877408012,-0.00029263900235714077,1.4717976056731144
2022-03-22,426.59710693359375,449.5899963378906,450.5799865722656,445.8599853515625,445.8599853515625,74650400,0.01170162781467421,0.011633693217910324,1.500721661287904
2022-03-23,421.1032104492188,443.7999877929688,448.489990234375,443.7099914550781,446.9100036621094,79426100,-0.012878419462019841,-0.0129620652322076,1.468516318776079
2022-03-24,427.45111083984375,450.489990234375,450.5,444.760009765625,445.9400024414063,64736900,0.015074452611874456,0.014961962130570178,1.505727851045108
2022-03-25,429.53851318359375,452.6900024414063,452.9800109863281,448.4299926757813,451.1600036621094,77101300,0.004883370965275358,0.0048714859860863645,1.5179642496797836
2022-03-28,432.59381103515625,455.9100036621094,455.9100036621094,450.05999755859375,452.05999755859375,68529800,0.007112977667398601,0.007087799764488013,1.5358744731550642
2022-03-29,437.94537353515625,461.5499877929688,462.0700073242188,457.1799926757813,460.0199890136719,86581500,0.012370871620179358,0.012294977663087271,1.5672454507073557
2022-03-30,435.2412109375,458.7000122070313,461.2000122070313,456.4700012207031,460.3399963378906,79666900,-0.006174657299899966,-0.00619379933396525,1.5513935898445106
2022-03-31,428.5422973632813,451.6400146484375,458.760009765625,451.1600036621094,457.8900146484375,121699900,-0.015391266741008658,-0.015510941842619206,1.5121244105419143
2022-04-01,429.7568054199219,452.9200134277344,453.4599914550781,449.1400146484375,453.30999755859375,89048800,0.0028340447701735716,0.0028300364367056987,1.519243883589636
2022-04-04,433.4383239746094,456.7999877929688,456.9100036621094,452.260009765625,453.1300048828125,59601000,0.008566516011515368,0.00853003162786273,1.5408250266553187
2022-04-05,427.9634399414063,451.0299987792969,457.8299865722656,449.8200073242188,455.2200012207031,74214500,-0.01263128738363195,-0.012711740294642494,1.508731135552111
2022-04-06,423.68402099609375,446.5199890136719,448.9299926757813,443.4700012207031,446.8900146484375,106898000,-0.009999496559562338,-0.010049827327936132,1.4836450871932905
2022-04-07,425.8190002441406,448.7699890136719,450.6900024414063,443.5299987792969,445.5899963378906,78097200,0.005039083709193148,0.005026430017750049,1.496160382691584
2022-04-08,424.680419921875,447.5700073242188,450.6300048828125,445.9400024414063,447.9700012207031,79272700,-0.0026738598362515686,-0.002677440984547041,1.4894859996994625
2022-04-11,417.421630859375,439.9200134277344,445.0,439.3900146484375,444.1099853515625,89770500,-0.0170923563272245,-0.017240116786240177,1.4469348179209627
2022-04-12,415.875,438.2900085449219,445.75,436.6499938964844,443.0799865722656,84363600,-0.0037052005575054503,-0.0037120818159783043,1.4378684336694225
2022-04-13,420.6383056640625,443.30999755859375,444.1099853515625,437.8399963378906,438.0299987792969,74070400,0.011453695615419202,0.01138859863953085,1.4657910366591107
2022-04-14,415.4005737304688,437.7900085449219,444.7300109863281,437.6799926757813,443.5499877929688,97869500,-0.01245186627814332,-0.012530040385286885,1.435087336400787
2022-04-18,415.57135009765625,437.9700012207031,439.75,435.6099853515625,436.80999755859375,66002500,0.00041111249715863885,0.0004110280135700251,1.436088431236454
2022-04-19,422.2797546386719,445.0400085449219,445.7999877929688,437.6799926757813,437.8599853515625,77821000,0.01614260593142247,0.01601369947544622,1.475413246796001
2022-04-20,421.9667053222656,444.7099914550781,447.5700073242188,443.4800109863281,446.9200134277344,65224400,-0.0007413315769165818,-0.000741606499050752,1.4735781447902334
2022-04-21,415.6567077636719,438.05999755859375,450.010009765625,437.1000061035156,448.5400085449219,85417300,-0.014953780663274463,-0.015066715726413424,1.436588799759571
2022-04-22,404.2515258789063,426.0400085449219,438.0799865722656,425.4400024414063,436.9100036621094,132471800,-0.02743894582172879,-0.027822424814120738,1.369731371693137
2022-04-25,406.5951232910156,428.510009765625,428.6900024414063,418.8399963378906,423.6700134277344,119647700,0.005797374312970005,0.005780634206455869,1.3834695914760298
2022-04-26,394.8198852539063,416.1000061035156,426.0400085449219,416.0700073242188,425.8299865722656,103996300,-0.028960598301818075,-0.02938823304017037,1.314442886072694
2022-04-27,395.9299621582031,417.2699890136719,422.9200134277344,415.010009765625,417.239990234375,122030000,0.0028116033304221855,0.0028076581668716677,1.320950181399248
2022-04-28,405.9309997558594,427.80999755859375,429.6400146484375,417.6000061035156,422.2900085449219,105449100,0.02525961294553425,0.02494586144264616,1.3795764846472602
2022-04-29,390.9295043945313,412.0,425.8699951171875,411.2099914550781,423.5899963378906,145491100,-0.03695577664763339,-0.03765594575413133,1.2916373875646756
2022-05-02,393.2826843261719,414.4800109863281,415.9200134277344,405.0199890136719,412.0700073242188,158312500,0.006019448276960215,0.0060014037739419355,1.3054317802886692
2022-05-03,395.0854797363281,416.3800048828125,418.9299926757813,413.3599853515625,415.010009765625,100028200,0.004583968432897212,0.004573494046905732,1.3159998067937106
2022-05-04,407.1170654296875,429.05999755859375,429.6600036621094,413.7099914550781,417.0799865722656,144247900,0.030453120426974456,0.029998628248539525,1.386529227818849
2022-05-05,392.64697265625,413.80999755859375,425.0,409.4400024414063,424.5499877929688,172929100,-0.03554283031138772,-0.03618985437341224,1.3017052244413163
2022-05-06,390.3032531738281,411.3399963378906,414.7999877929688,405.7300109863281,411.1000061035156,151770800,-0.005969024710840487,-0.00598691054836031,1.2879662890795553
2022-05-09,377.8068237304688,398.1700134277344,406.4100036621094,396.5,405.1000061035156,155586100,-0.03201723106774579,-0.03254099255381422,1.2147119437268823
2022-05-10,378.67974853515625,399.0899963378906,406.0799865722656,394.8200073242188,404.489990234375,132497200,0.0023105056601895324,0.0023078405463709106,1.2198290482085525
2022-05-11,372.66400146484375,392.75,404.0400085449219,391.9599914550781,398.0700073242188,142361000,-0.01588610717521377,-0.016013643887152883,1.1845646060380588
2022-05-12,372.2749328613281,392.3399963378906,395.7999877929688,385.1499938964844,389.3699951171875,125090800,-0.001044019819425257,-0.0010445651877335246,1.18228387729254
2022-05-13,381.17523193359375,401.7200012207031,403.1799926757813,395.6099853515625,396.7099914550781,104174400,0.02390786562999936,0.0236265475986218,1.2344576269973642
2022-05-16,379.6286315917969,400.0899963378906,403.9700012207031,397.6000061035156,399.9800109863281,78622400,-0.0040574523532166396,-0.004065706146830853,1.2253914216405408
2022-05-17,387.437744140625,408.3200073242188,408.5700073242188,402.5799865722656,406.5299987792969,83029700,0.020570399329692846,0.02036168602283436,1.2711686118485597
2022-05-18,371.8194885253906,391.8599853515625,403.7999877929688,390.5499877929688,403.5,117674500,-0.04031165226268085,-0.04114668500013032,1.1796140525378052
2022-05-19,369.542236328125,389.4599914550781,394.1400146484375,387.1099853515625,388.6199951171875,98510700,-0.00612461763716865,-0.0061434500413268395,1.1662647498694114
2022-05-20,369.7035827636719,389.6300048828125,397.0299987792969,380.5400085449219,393.25,131432200,0.00043661162293662237,0.0004365163358166145,1.1672105662375625
2022-05-23,376.6207580566406,396.9200134277344,397.7300109863281,390.3800048828125,392.8299865722656,76414900,0.01871005750406929,0.018537177446338066,1.207759200555294
2022-05-24,373.7456359863281,393.8900146484375,395.1499938964844,386.9599914550781,392.55999755859375,91448800,-0.0076339978846309275,-0.007663285998628756,1.1909051714884802
2022-05-25,377.0476989746094,397.3699951171875,399.4500122070313,391.8900146484375,392.30999755859375,91472900,0.008835054299876965,0.008796253577820051,1.210261937644462
2022-05-26,384.5816040039063,405.30999755859375,407.0400085449219,398.4500122070313,398.6700134277344,82168300,0.01998130488472838,0.019784298583825948,1.2544258552956467
2022-05-27,394.0227661132813,415.260009765625,415.3800048828125,407.7000122070313,407.9100036621094,84768700,0.024549177628577112,0.024252689134409106,1.3097701560677564
2022-05-31,391.8118896484375,412.9299926757813,416.4599914550781,410.0299987792969,413.5499877929688,95937000,-0.005611037368861482,-0.0056268383734441405,1.296809949408579
2022-06-01,388.6427612304688,409.5899963378906,416.239990234375,406.9299926757813,415.1700134277344,86585800,-0.008088392674383327,-0.008121281185928397,1.278232448639332
2022-06-02,396.04388427734375,417.3900146484375,417.4400024414063,407.0400085449219,409.4200134277344,79609600,0.019043511896227105,0.018864453914053746,1.3216179953773657
2022-06-03,389.5442199707031,410.5400085449219,414.0400085449219,409.510009765625,412.3999938964844,71874300,-0.016411475002323206,-0.016547635038289172,1.2835168196812865
2022-06-06,390.7302856445313,411.7900085449219,416.6099853515625,410.5499877929688,414.7799987792969,57508900,0.0030447523362491236,0.0030401264652303757,1.2904695628528753
2022-06-07,394.4782104492188,415.739990234375,416.2200012207031,407.6099853515625,408.1000061035156,59272400,0.009592102128723079,0.009546390001554222,1.3124399808224916
2022-06-08,390.1893615722656,411.2200012207031,415.8200073242188,410.3800048828125,413.9299926757813,64350000,-0.010872207293957215,-0.010931741646132018,1.2872986539961548
2022-06-09,380.9095764160156,401.4400024414063,411.739990234375,401.4400024414063,409.3399963378906,86289800,-0.023782773366391008,-0.024070149061547606,1.232900348486913
2022-06-10,369.8648376464844,389.7999877929688,395.7799987792969,389.75,394.8800048828125,132893900,-0.028995697281888777,-0.029424379477034492,1.1681558459215626
2022-06-13,355.8217468261719,375.0,381.80999755859375,373.2999877929688,379.8500061035156,170004900,-0.037968169425542486,-0.038707740948587054,1.0858349374226322
2022-06-14,354.74957275390625,373.8699951171875,377.9400024414063,370.5899963378906,376.8500061035156,104011800,-0.0030132336818340377,-0.0030177826107334943,1.0795498293344439
2022-06-15,359.8069763183594,379.2000122070313,383.8999938964844,372.1199951171875,377.3599853515625,125666800,0.01425626400390767,0.014155599081313345,1.1091964407107167
2022-06-16,347.8988037109375,366.6499938964844,370.9400024414063,364.0799865722656,370.510009765625,134473300,-0.03309600255467382,-0.03365606721084504,1.039390469920646
2022-06-17,348.6487731933594,365.8599853515625,369.3800048828125,362.1700134277344,365.510009765625,111113900,0.0021557115874564214,0.002153391375106381,1.0437868075880021
2022-06-21,357.4255065917969,375.0700073242188,376.5299987792969,371.80999755859375,371.8900146484375,76811900,0.025173567421589604,0.024861932324819702,1.0952362125841741
2022-06-22,356.7775573730469,374.3900146484375,378.7200012207031,370.1799926757813,370.6199951171875,90059400,-0.0018128231108307524,-0.0018144682631938023,1.0914379199553519
2022-06-23,360.2748413085937,378.05999755859375,378.8299865722656,372.8900146484375,376.6400146484375,79292100,0.00980242132183795,0.009754689262974375,1.1119390756152225
2022-06-24,371.7294006347656,390.0799865722656,390.0899963378906,381.3699951171875,381.3999938964844,98050300,0.031793947322456884,0.031298983676739583,1.179085955333571
2022-06-27,370.3094787597656,388.5899963378906,391.3599853515625,387.4400024414063,391.0499877929688,66009600,-0.0038197728578244217,-0.0038270868212271184,1.1707623419465216
2022-06-28,362.7430114746094,380.6499938964844,393.1600036621094,380.5299987792969,390.2300109863281,86548900,-0.020432820975843646,-0.0206444589323814,1.1264075436324252
2022-06-29,362.4475708007813,380.3399963378906,382.2699890136719,378.4200134277344,381.2300109863281,65676000,-0.0008144627587091113,-0.000814794613703031,1.1246756638782984
2022-06-30,359.5028991699219,377.25,380.6600036621094,372.55999755859375,376.239990234375,112508300,-0.008124407136606115,-0.008157589981774356,1.1074139337517122
2022-07-01,363.3052368164063,381.239990234375,381.7000122070313,373.7999877929688,376.55999755859375,74839700,0.010576653638298517,0.010521112122877308,1.1297033210015281
2022-07-05,363.9913024902344,381.9599914550781,381.9800109863281,372.8999938964844,375.8800048828125,81438000,0.0018884001778778359,0.0018866193918006505,1.1337250531317347
2022-07-06,365.2206726074219,383.25,385.8699951171875,379.6000061035156,382.1099853515625,70426200,0.0033774711339991104,0.0033717802885460777,1.1409316479065779
2022-07-07,370.6906433105469,388.989990234375,389.8299865722656,383.2699890136719,385.1199951171875,64525900,0.014977166172093215,0.014866115858529082,1.1729967369603682
2022-07-08,370.3857421875,388.6700134277344,390.6400146484375,385.6600036621094,387.2699890136719,72397800,-0.0008225217672717111,-0.0008228602239052213,1.1712093998440078
2022-07-11,366.1546020507813,384.2300109863281,386.8699951171875,383.5,385.8500061035156,58366900,-0.011423604244940821,-0.011489354830639585,1.1464063629272943
2022-07-12,362.9144592285156,380.8299865722656,386.1600036621094,378.989990234375,383.6499938964844,62219200,-0.008849111288286693,-0.008888497199279484,1.127412574151864
2022-07-13,361.0085754394531,378.8299865722656,381.9200134277344,374.6600036621094,375.1000061035156,84224600,-0.005251606103306106,-0.005265444256252788,1.1162402412931978
2022-07-14,360.1318664550781,377.9100036621094,379.0499877929688,371.0400085449219,373.6099853515625,89704800,-0.0024284990552032593,-0.002431452641857737,1.111100953866634
2022-07-15,367.0122985839844,385.1300048828125,385.25,380.5400085449219,382.5499877929688,79060400,0.01910531327492082,0.018925098532296934,1.1514341989452404
2022-07-18,363.9818115234375,381.9500122070313,389.0899963378906,380.6600036621094,388.3800048828125,63203600,-0.008257181223188303,-0.00829146057503094,1.1336694168747847
2022-07-19,373.8163757324219,392.2699890136719,392.8699951171875,385.3900146484375,386.0799865722656,78506000,0.027019383654974582,0.026660804823785144,1.1913198494422104
2022-07-20,376.1987915039063,394.7699890136719,396.260009765625,391.0299987792969,392.4700012207031,71843800,0.006373224733176919,0.006353001615263871,1.205285623304977
2022-07-21,380.0296630859375,398.7900085449219,398.8399963378906,391.6300048828125,394.1600036621094,64903900,0.010183104434537738,0.010131605941190761,1.2277422771150763
2022-07-22,376.5036926269531,395.0899963378906,400.1799926757813,392.75,398.9200134277344,72197300,-0.009278145369897128,-0.009321455460352264,1.2070729604213368
2022-07-25,376.9610595703125,395.5700073242188,396.4700012207031,393.2099914550781,395.75,53631500,0.0012147741239088017,0.001214036882816609,1.2097540555432356
2022-07-26,372.5013122558594,390.8900146484375,394.05999755859375,389.9500122070313,393.8399963378906,52946400,-0.011830790478827402,-0.01190133120085016,1.1836109183023642
2022-07-27,382.1737976074219,401.0400085449219,402.8800048828125,394.0499877929688,394.3599853515625,82342100,0.02596631215333489,0.025634912050982017,1.2403112410284338
2022-07-28,386.9671630859375,406.0700073242188,406.7999877929688,398.1499938964844,401.8900146484375,73966600,0.012542370797067326,0.012464366823773785,1.2684100553142503
2022-07-29,392.6086730957031,411.989990234375,413.0299987792969,406.7699890136719,407.5799865722656,87003700,0.014578782253192868,0.014473533506388402,1.3014807115716298
2022-08-01,391.4460754394531,410.7699890136719,413.4100036621094,408.3999938964844,409.1499938964844,69997500,-0.0029612123621288733,-0.0029656054261294564,1.294665538437323
2022-08-02,388.8634948730469,408.05999755859375,413.0,406.8200073242188,409.1199951171875,63435400,-0.006597538533262726,-0.006619398491605116,1.2795263941265325
2022-08-03,394.9529724121094,414.4500122070313,415.6799926757813,410.0,410.2999877929688,67820600,0.015659679088803502,0.015538331517379112,1.3152230459330112
2022-08-04,394.6861572265625,414.1700134277344,415.0899963378906,412.4400024414063,414.3699951171875,45656600,-0.0006755619128965273,-0.000675790207669565,1.3136589694233187
2022-08-05,394.0190734863281,413.4700012207031,414.1499938964844,409.6000061035156,409.6600036621094,56814900,-0.0016901624949857696,-0.0016915924310588514,1.309748509807012
2022-08-08,393.56158447265625,412.989990234375,417.6199951171875,411.8299865722656,415.25,53886100,-0.0011610834207186338,-0.001161758000286223,1.3070666991062456
2022-08-09,391.9988098144531,411.3500061035156,412.75,410.2200012207031,412.2200012207031,44931800,-0.003970851627445149,-0.003978756391471267,1.297905679549475
2022-08-10,400.2323303222656,419.989990234375,420.1400146484375,416.7200012207031,418.7799987792969,68665700,0.02100394261837102,0.020786400701391164,1.3461707585851612
2022-08-11,400.2323303222656,419.989990234375,424.9500122070313,419.2099914550781,422.989990234375,59489700,0.0,0.0,1.3461707585851612
2022-08-12,407.0078430175781,427.1000061035156,427.2099914550781,421.0299987792969,422.0299987792969,61694500,0.016928948967857904,0.01678725127075973,1.38588896362713
2022-08-15,408.6850280761719,428.8599853515625,429.4100036621094,424.7099914550781,424.7699890136719,54048300,0.004120768401313812,0.004112301287910607,1.395720659477488
2022-08-16,409.4855651855469,429.7000122070313,431.7300109863281,426.8800048828125,427.7300109863281,59289000,0.001958811931876747,0.0019568959613937556,1.4004134256907164
2022-08-17,406.5789489746094,426.6499938964844,429.5,424.5400085449219,425.9100036621094,63563400,-0.0070982140960705875,-0.00712352626968775,1.3833747772760816
2022-08-18,407.7607116699219,427.8900146484375,428.6099853515625,425.5,426.8599853515625,49023200,0.0029066007925222515,0.002902384795942317,1.3903022962925897
2022-08-19,402.28125,422.1400146484375,425.260009765625,421.2200012207031,424.9800109863281,68016900,-0.013437934340171154,-0.013529040486035843,1.3581815709818494
2022-08-22,393.9046936035156,413.3500061035156,417.2300109863281,412.3999938964844,417.0499877929688,77695600,-0.02082263689019659,-0.02104248523046582,1.3090780124081411
2022-08-23,392.9516906738281,412.3500061035156,415.4200134277344,411.7699890136719,412.8999938964844,49105200,-0.002419374394778684,-0.002422305810091663,1.3034914881893744
2022-08-24,394.2096557617188,413.6700134277344,415.1099853515625,411.3900146484375,412.1099853515625,49177800,0.0032013224977693877,0.003196209174925973,1.3108657073139351
2022-08-25,399.7749633789063,419.510009765625,419.55999755859375,414.0899963378906,415.239990234375,50942300,0.014117633943881547,0.01401890824696349,1.343489663463262
2022-08-26,386.2428894042969,405.30999755859375,419.9599914550781,405.25,419.3900146484375,103087000,-0.03384922822639036,-0.03443537850800194,1.2641643469985073
2022-08-29,383.68896484375,402.6300048828125,405.8399963378906,401.2000122070313,402.2000122070313,65370800,-0.006612224148607071,-0.006634181748608066,1.2491931848268685
2022-08-30,379.4768981933594,398.2099914550781,404.1000061035156,396.0,403.8500061035156,85652400,-0.010977815460775364,-0.011038516327661022,1.2245019571082056
2022-08-31,376.5895080566406,395.1799926757813,401.239990234375,395.0400085449219,399.9299926757813,76029700,-0.007608869342152991,-0.007637964469798507,1.2075760123652057
2022-09-01,377.7711486816406,396.4200134277344,396.7799987792969,390.0400085449219,392.8900146484375,78740100,0.003137741757856638,0.003132829319480032,1.2145028158028466
2022-09-02,373.787841796875,392.239990234375,401.55999755859375,390.3299865722656,400.2799987792969,99632100,-0.010544232662199615,-0.010600216972234223,1.1911525828819252
2022-09-06,372.37744140625,390.760009765625,394.1199951171875,388.4200134277344,393.1300048828125,76637400,-0.0037732644910142277,-0.0037804012116197765,1.182884784646543
2022-09-07,379.0671691894531,397.7799987792969,398.5899963378906,390.2000122070313,390.4299926757813,70964200,0.01796491151005264,0.01780544946951231,1.2221001166393584
2022-09-08,381.5447998046875,400.3800048828125,400.8599853515625,394.1199951171875,395.3900146484375,80821700,0.006536125564585937,0.006514857718461516,1.2366240420187942
2022-09-09,387.4721984863281,406.6000061035156,407.510009765625,402.4599914550781,402.739990234375,76706900,0.015535262660308469,0.015415825867041587,1.271370583983917
2022-09-12,391.6366271972656,410.9700012207031,411.7300109863281,408.4599914550781,408.7799987792969,69256300,0.010747683904047678,0.010690338073389798,1.2957825570495283
2022-09-13,374.6073303222656,393.1000061035156,403.1000061035156,391.9200134277344,401.8299865722656,122947100,-0.043482390799015946,-0.0444560802336716,1.1959564427143365
2022-09-14,376.0367736816406,394.6000061035156,396.2000122070313,391.1199951171875,394.4700012207031,85023700,0.003815844602254037,0.003808582734815817,1.2043358712530532
2022-09-15,371.76751708984375,390.1199951171875,395.9599914550781,388.7799987792969,392.9599914550781,87633800,-0.011353295450330925,-0.011418236103947897,1.1793093948349544
2022-09-16,368.9313354492188,385.55999755859375,386.25,382.1099853515625,384.1400146484375,103084800,-0.007628911914699499,-0.007658160916866994,1.1626836354268817
2022-09-19,371.7923583984375,388.5499877929688,388.5499877929688,382.1799926757813,382.260009765625,73278500,0.007754892778991218,0.00772497815491848,1.1794550151344962
2022-09-20,367.5247497558594,384.0899963378906,386.1199951171875,381.2000122070313,385.05999755859375,77274900,-0.011478473255775445,-0.0115448594267694,1.1544381990311092
2022-09-21,361.1136474609375,377.3900146484375,389.30999755859375,377.3800048828125,386.1099853515625,106746600,-0.01744400152419845,-0.017597940958801864,1.1168561758034192
2022-09-22,358.0804138183594,374.2200012207031,378.2999877929688,373.4400024414063,376.5799865722656,89472600,-0.008399664936247664,-0.008435140919028472,1.0990752932084438
2022-09-23,352.080810546875,367.9500122070313,370.6199951171875,363.2900085449219,370.5799865722656,122346900,-0.01675490487599729,-0.01689685611489767,1.06390548634318
2022-09-26,348.5978698730469,364.30999755859375,370.2099914550781,363.0299987792969,366.4100036621094,92581200,-0.009892446760782492,-0.009941702118786035,1.0434884112002432
2022-09-27,347.7079467773437,363.3800048828125,370.3999938964844,360.8699951171875,368.0199890136719,108294100,-0.0025528644108676612,-0.0025561285256294948,1.0382716623612698
2022-09-28,354.54962158203125,370.5299987792969,372.2999877929688,362.6000061035156,364.3800048828125,110802200,0.01967649824543316,0.01948541840785088,1.0783777111494373
2022-09-29,347.1433410644531,362.7900085449219,367.1099853515625,359.70001220703125,366.80999755859375,112952300,-0.02088926363686605,-0.021110531139250235,1.0349619312042506
2022-09-30,341.7753295898437,357.17999267578125,365.9100036621094,357.0400085449219,361.7999877929688,153711200,-0.01546338598386876,-0.01558419112611384,1.0034945293995605
2022-10-03,350.798583984375,366.6099853515625,368.5499877929688,359.2099914550781,361.0799865722656,89756500,0.026401128499707438,0.026058633792289485,1.0563890459186993
2022-10-04,361.6686706542969,377.9700012207031,378.0,366.5700073242188,372.3999938964844,103602800,0.03098668913214886,0.030516294313408927,1.1201097340193384
2022-10-05,360.8266296386719,377.0899963378906,379.4599914550781,370.9500122070313,373.3900146484375,88065700,-0.002328211105766087,-0.002330925603343331,1.115173670991152
2022-10-06,357.1044311523437,373.2000122070313,378.7200012207031,372.6799926757813,375.6199951171875,82333500,-0.010315753274794504,-0.010369329428354935,1.093354061267866
2022-10-07,347.1433410644531,362.7900085449219,373.2900085449219,360.9400024414063,368.9700012207031,107789500,-0.02789405344466611,-0.028290481947886355,1.0349619312042515
2022-10-10,344.4928283691406,360.0199890136719,364.2099914550781,357.6700134277344,363.9599914550781,76042800,-0.007635211112462015,-0.0076645085602341755,1.0194245672536835
2022-10-11,342.3111267089844,357.739990234375,363.0299987792969,355.7099914550781,358.239990234375,92482800,-0.006333082957008518,-0.006353222000058622,1.0066353839438449
2022-10-12,341.1820678710937,356.5599975585937,359.82000732421875,356.29998779296875,358.1700134277344,76991800,-0.00329834104063631,-0.0033037925580562373,1.0000168161033898
2022-10-13,350.1862487792969,365.9700012207031,367.510009765625,348.1099853515625,349.2099914550781,147254500,0.026391131762543818,0.026048894144145622,1.0527995234244778
2022-10-14,342.2059020996094,357.6300048828125,370.260009765625,356.9599914550781,368.5499877929688,123737000,-0.022788863661854064,-0.023052543492646398,1.0060185549600384
2022-10-17,350.9995422363281,366.8200073242188,367.9800109863281,357.2799987792969,364.010009765625,93168200,0.02569692715048233,0.02537231047072265,1.0575670676293623
2022-10-18,355.1236572265625,371.1300048828125,375.4500122070313,367.5199890136719,375.1300048828125,97162900,0.011749630680309098,0.01168113974318971,1.081742720773974
2022-10-19,352.60711669921875,368.5,371.8500061035156,365.5499877929688,368.989990234375,79746900,-0.0070863781562664485,-0.007111605786285213,1.0669907046305145
2022-10-20,349.6503601074219,365.4100036621094,372.6700134277344,364.6099853515625,368.0299987792969,88283100,-0.008385413826797583,-0.008420769194312486,1.0496581321960439
2022-10-21,358.1473999023437,374.2900085449219,374.7999877929688,363.5400085449219,365.1199951171875,131038400,0.024301533086684923,0.024010949175706377,1.0994679671119987
2022-10-24,362.5298767089844,378.8699951171875,380.05999755859375,373.1099853515625,375.8900146484375,85436900,0.012236517165378435,0.012162256172745646,1.1251581429297266
2022-10-25,368.3189392089844,384.9200134277344,385.25,378.6700134277344,378.7900085449219,78846300,0.015968511485322523,0.015842356043452018,1.1590937551432265
2022-10-26,365.5439453125,382.0199890136719,387.5799865722656,381.3500061035156,381.6199951171875,104087300,-0.0075342145110540715,-0.0075627400739976735,1.1428266796425004
2022-10-27,363.592041015625,379.9800109863281,385.0,379.3299865722656,383.0700073242188,81971800,-0.005339725419898134,-0.005354032707731817,1.1313845735507773
2022-10-28,372.2421569824219,389.0199890136719,389.5199890136719,379.6799926757813,379.8699951171875,100302000,0.023790718692946244,0.023512129453219167,1.182091744366609
2022-10-31,369.5532836914063,386.2099914550781,388.3999938964844,385.260009765625,386.4400024414063,96631300,-0.007223451832572891,-0.007249667281068564,1.1663295097569217
2022-11-01,367.9361877441406,384.5199890136719,390.3900146484375,383.2900085449219,390.1400146484375,85407600,-0.004375812686908898,-0.0043854145761950325,1.1568500576041023
2022-11-02,358.7023620605469,374.8699951171875,388.6300048828125,374.760009765625,383.8999938964844,126990400,-0.02509626938357823,-0.02541655068850124,1.1027211675384834
2022-11-03,355.00885009765625,371.010009765625,374.2000122070313,368.7900085449219,371.4700012207031,87100100,-0.010296871037239419,-0.010350250558005876,1.0810697188490659
2022-11-04,360.1185913085937,376.3500061035156,378.8699951171875,370.0,377.0,103505200,0.014393278391600317,0.014290678487625379,1.1110231346647899
2022-11-07,363.5632934570313,379.9500122070313,380.5700073242188,375.5299987792969,377.7099914550781,68286900,0.009565466020291513,0.009520006613894657,1.1312160547274752
2022-11-08,365.52490234375,382.0,385.1199951171875,377.7200012207031,381.1099853515625,84641100,0.005395508628129875,0.005381005017632632,1.142715049339166
2022-11-09,357.99432373046875,374.1300048828125,381.1400146484375,373.6099853515625,379.9299926757813,78495500,-0.02060209459053297,-0.020817278362861007,1.0985706312121222
2022-11-10,377.6675720214844,394.6900024414063,395.0400085449219,385.6400146484375,388.0499877929688,141455800,0.05495407884128212,0.0534972388160338,1.2138956471337523
2022-11-11,381.3227844238281,398.510009765625,399.3500061035156,393.6099853515625,395.5899963378906,93839900,0.009678385630990327,0.009631850075222203,1.2353225829534837
2022-11-14,378.0791015625,395.1199951171875,400.1799926757813,394.8299865722656,396.6600036621094,71903500,-0.008506396663994997,-0.008542782544857368,1.2163080423908954
2022-11-15,381.3037109375,398.489990234375,402.30999755859375,394.489990234375,401.1499938964844,93194500,0.008528927839897893,0.008492762026430229,1.2352107737554325
2022-11-16,378.3947448730469,395.4500122070313,397.7799987792969,394.7900085449219,396.7799987792969,68508500,-0.0076290001408613195,-0.007658249821276646,1.2181583504475975
2022-11-17,377.2369689941406,394.239990234375,394.9500122070313,390.1400146484375,390.4599914550781,74496300,-0.003059703906021949,-0.0030643943700825126,1.2113714426785576
2022-11-18,378.9497680664063,396.0299987792969,397.80999755859375,393.0400085449219,397.739990234375,92922500,0.004540379689807805,0.004530103260131409,1.2214119086635162
2022-11-21,377.5718994140625,394.5899963378906,395.8200073242188,392.6600036621094,394.6400146484375,51243200,-0.003636019252299283,-0.0036426456376203015,1.213334812196329
2022-11-22,382.6528625488281,399.8999938964844,400.0700073242188,395.1499938964844,396.6300048828125,60429000,0.013456941956354607,0.013367201504568795,1.243119530294034
2022-11-23,385.064208984375,402.4200134277344,402.9299926757813,399.30999755859375,399.5499877929688,68261600,0.006301655290084751,0.006281882882841964,1.257254896348404
2022-11-25,384.9780578613281,402.3299865722656,402.9100036621094,401.5400085449219,401.8299865722656,30545400,-0.00022373183753976456,-0.00022375686924099098,1.2567498765626484
2022-11-28,378.8349609375,395.9100036621094,400.80999755859375,395.1099853515625,399.0899963378906,67881600,-0.01595700533675848,-0.016085689120971476,1.220738906738609
2022-11-29,378.1842651367188,395.2300109863281,397.2999877929688,393.2999877929688,396.0499877929688,52310000,-0.001717623418838965,-0.0017191002252505618,1.2169245135852678
2022-11-30,390.0973510742188,407.6799926757813,407.6799926757813,393.4800109863281,395.489990234375,144566700,0.03150074457273688,0.031014775363845327,1.2867592864247563
2022-12-01,389.8102722167969,407.3800048828125,410.0,404.75,408.7699890136719,76398200,-0.0007359159364487278,-0.0007361868555054094,1.285076423823054
2022-12-02,389.3605041503906,406.9100036621094,407.8599853515625,402.1400146484375,402.25,85342700,-0.0011538127608810012,-0.0011544789152855214,1.2824398734856586
2022-12-05,382.3562316894531,399.5899963378906,404.9299926757813,398.1700134277344,403.9500122070313,77289800,-0.017989170412189726,-0.01815294259498699,1.2413806736459483
2022-12-06,376.84466552734375,393.8299865722656,399.989990234375,391.6400146484375,399.4200134277344,77972200,-0.014414741294411115,-0.014519642985199656,1.2090717510930489
2022-12-07,376.2035217285156,393.1600036621094,395.6400146484375,391.9700012207031,392.9400024414063,65927900,-0.001701347683749077,-0.0017027966193816466,1.2053133519860912
2022-12-08,379.1506652832031,396.239990234375,397.3599853515625,393.2699890136719,395.1400146484375,60737900,0.007833907405083496,0.007803381672665292,1.2225895725847447
2022-12-09,376.3183898925781,393.2799987792969,397.6199951171875,393.1499938964844,394.9400024414063,81447700,-0.007470052541011518,-0.00749809311380536,1.2059867117004321
2022-12-12,381.7438049316406,398.9500122070313,398.9500122070313,393.4100036621094,394.1099853515625,75405800,0.014417087192074796,0.014314149188366522,1.2377906144675754
2022-12-13,384.6336059570313,401.9700012207031,410.489990234375,399.0700073242188,410.2200012207031,123782500,0.007570001105605684,0.007541492430641161,1.2547306918932088
2022-12-14,382.1744384765625,399.3999938964844,405.5,396.30999755859375,401.6099853515625,108111300,-0.00639353255249242,-0.006414058718322269,1.2403149978174857
2022-12-15,372.8258056640625,389.6300048828125,395.25,387.8900146484375,394.2999877929688,117705900,-0.024461690451527462,-0.024765847984833188,1.18551310582696
2022-12-16,368.4241943359375,383.2699890136719,386.5799865722656,381.0400085449219,385.1799926757813,119858000,-0.011806080108336503,-0.01187632529973367,1.1597107630217476
2022-12-19,365.3001098632813,380.0199890136719,383.8200073242188,378.2799987792969,383.4700012207031,79878100,-0.00847958554482875,-0.008515741768617423,1.1413973108546172
2022-12-20,365.7999572753906,380.5400085449219,382.2300109863281,377.8500061035156,379.2300109863281,74427200,0.0013683199063267981,0.0013673846097365194,1.144327427422414
2022-12-21,371.26959228515625,386.2300109863281,387.4100036621094,382.6900024414063,383.25,78167400,0.014952530477328141,0.014841843397461148,1.1763905486343185
2022-12-22,365.9729309082031,380.7200012207031,386.2099914550781,374.7699890136719,383.0499877929688,100120900,-0.01426634846218433,-0.014369091157450232,1.1453414026776967
2022-12-23,368.0780944824219,382.9100036621094,383.05999755859375,378.0299987792969,379.6499938964844,59857300,0.005752238475655869,0.005735757523291053,1.1576819180375968
2022-12-27,366.6266174316406,381.3999938964844,383.1499938964844,379.6499938964844,382.7900085449219,51638200,-0.003943394275669365,-0.003951189955918927,1.1491733275132918
2022-12-28,362.0702209472656,376.6600036621094,383.3900146484375,376.4200134277344,381.3299865722656,70911500,-0.012427893305440585,-0.012505765435120957,1.122463630704058
2022-12-29,368.5876159667969,383.4400024414063,384.3500061035156,379.0799865722656,379.6300048828125,66970900,0.018000361925595953,0.01784027365439349,1.1606687442306454
2022-12-30,367.6167602539063,382.4299926757813,382.5799865722656,378.4299926757813,380.6400146484375,84022200,-0.0026339889644529935,-0.002637464016893247,1.1549775666025033
2023-01-03,366.069091796875,380.8200073242188,386.4299926757813,377.8299865722656,384.3699951171875,74850700,-0.004210005158530761,-0.00421889218196171,1.1459050999305886
2023-01-04,368.8952026367188,383.760009765625,385.8800048828125,380.0,383.1799926757813,85934100,0.007720156940788536,0.00769050902248149,1.1624718240820915
2023-01-05,364.6848754882813,379.3800048828125,381.8399963378906,378.760009765625,381.7200012207031,76970500,-0.01141334210459699,-0.011478974158873565,1.1377907933622908
2023-01-06,373.0478820800781,388.0799865722656,389.25,379.4100036621094,382.6099853515625,104189600,0.022932145405261117,0.022673155742507,1.1868149226817035
2023-01-09,372.83636474609375,387.8599853515625,393.7000122070313,387.6700134277344,390.3699951171875,73978100,-0.000566997814878234,-0.0005671586189258409,1.1855750033989998
2023-01-10,375.4509582519531,390.5799865722656,390.6499938964844,386.2699890136719,387.25,65358100,0.00701271054297492,0.006988235844427393,1.2009018082677985
2023-01-11,380.1996154785156,395.5199890136719,395.6000061035156,391.3800048828125,392.2300109863281,68881100,0.012647876166494765,0.01256855986902578,1.2287385417933838
2023-01-12,381.5838317871094,396.9599914550781,398.489990234375,392.4200134277344,396.6700134277344,90157700,0.0036407619898604082,0.0036341504584093223,1.236852848361682
2023-01-13,383.064208984375,398.5,399.1000061035156,393.3399963378906,393.6199951171875,63903900,0.003879559546148492,0.0038720534622819396,1.2455308521828732
2023-01-17,382.3624877929688,397.7699890136719,400.2300109863281,397.05999755859375,398.4800109863281,62677300,-0.0018318631053176881,-0.0018335430184300582,1.2414173470629066
2023-01-18,376.3257141113281,391.489990234375,400.1199951171875,391.2799987792969,399.010009765625,99632300,-0.0157880908153033,-0.0159140502529167,1.2060296464324813
2023-01-19,373.5862731933594,388.6400146484375,391.0799865722656,387.260009765625,389.3599853515625,86958900,-0.007279441226698435,-0.00730606564492884,1.1899709832769219
2023-01-20,380.5457153320313,395.8800048828125,396.0400085449219,388.3800048828125,390.1000061035156,91806400,0.018628741573355034,0.018457351812237094,1.2307673867775337
2023-01-23,385.1116943359375,400.6300048828125,402.6499938964844,395.7200012207031,396.7200012207031,84178800,0.011998503254523118,0.011927091866673284,1.2575332565278678
2023-01-24,384.6983947753906,400.2000122070313,401.1499938964844,397.6400146484375,398.8800048828125,59524900,-0.0010731940022219444,-0.0010737702872524676,1.2551104853771458
2023-01-25,384.8425598144531,400.3500061035156,400.7000122070313,393.55999755859375,395.9500122070313,84800300,0.0003747482209970343,0.0003746780204202773,1.2559555840196928
2023-01-26,389.0721435546875,404.75,404.9200134277344,400.0299987792969,403.1300048828125,72287400,0.010990426168752343,0.010930470328563414,1.280749497305846
2023-01-27,389.9660949707031,405.6799926757813,408.1600036621094,403.4400024414063,403.6600036621094,68346200,0.002297649499777066,0.0022950139394556884,1.2859898602474473
2023-01-30,385.0732727050781,400.5899963378906,405.1300048828125,400.2799987792969,402.7999877929688,74202000,-0.01254678888428129,-0.01262616447802148,1.257308028079315
2023-01-31,390.735107421875,406.4800109863281,406.5299987792969,400.7699890136719,401.1300048828125,86811800,0.014703265892808792,0.01459622087740792,1.290497828218137
2023-02-01,394.8877868652344,410.7999877929688,413.6700134277344,402.3500061035156,405.2099914550781,101459200,0.01062786364593471,0.010571784884796482,1.314840926817749
2023-02-02,400.6361389160156,416.7799987792969,418.30999755859375,412.8800048828125,414.8599853515625,101654500,0.014556925389903386,0.014451990478775215,1.3485378934789298
2023-02-03,396.3778076171875,412.3500061035156,416.9700012207031,411.0899963378906,411.5899963378906,94736800,-0.0106289245656912,-0.010685815066734147,1.323575461369475
2023-02-06,393.9553833007813,409.8299865722656,411.2900085449219,408.1000061035156,409.7900085449219,60295300,-0.0061114024797920274,-0.0061301535357954386,1.3093751565328775
2023-02-07,399.1077880859375,415.1900024414063,416.489990234375,407.5700073242188,408.8699951171875,90990700,0.013078650536480607,0.0129938634534936,1.3395786671628014
2023-02-08,394.74359130859375,410.6499938964844,414.5299987792969,409.9299926757813,413.1300048828125,76227500,-0.010934882524527567,-0.010995107792344291,1.3139956492804852
2023-02-09,391.3215026855469,407.0899963378906,414.5700073242188,405.80999755859375,414.4100036621094,78694900,-0.008669142953537268,-0.00870693856891241,1.2939352902030095
2023-02-10,392.2347717285156,408.0400085449219,408.4400024414063,405.010009765625,405.8599853515625,70769700,0.002333807461898152,0.00233108836301064,1.2992888935003966
2023-02-13,396.8391723632813,412.8299865722656,412.9700012207031,408.239990234375,408.7200012207031,64913500,0.011738889478041026,0.01167052322408306,1.326279991699285
2023-02-14,396.6565856933594,412.6400146484375,415.0499877929688,408.510009765625,411.239990234375,88389300,-0.00046010243604377443,-0.00046020831564782253,1.3252096646081841
2023-02-15,397.9446411132813,413.9800109863281,414.05999755859375,409.4700012207031,410.3500061035156,61555700,0.003247281064728602,0.0032420200338591663,1.3327602739235904
2023-02-16,392.4653930664063,408.2799987792969,412.9100036621094,408.1400146484375,408.7900085449219,76431500,-0.013768870040682946,-0.013864540126191593,1.3006408008758688
2023-02-17,391.4848937988281,407.260009765625,407.510009765625,404.0499877929688,406.05999755859375,89257800,-0.002498307583039039,-0.002501433560950374,1.2948930925171918
2023-02-21,383.63134765625,399.0899963378906,404.1600036621094,398.8200073242188,403.05999755859375,82655900,-0.020060917463174954,-0.020264869926283516,1.248855431601394
2023-02-22,383.1027221679688,398.5400085449219,401.1300048828125,397.0199890136719,399.5199890136719,83742300,-0.0013779517537103603,-0.0013789020022595521,1.2457566173155779
2023-02-23,385.1405944824219,400.6600036621094,402.2000122070313,396.25,401.55999755859375,96242400,0.005319388760593569,0.005305290785175782,1.2577026698247549
2023-02-24,381.0263366699219,396.3800048828125,397.25,393.6400146484375,395.4200134277344,108194400,-0.010682482894406431,-0.010739950243871406,1.2335847996736962
2023-02-27,382.3240661621094,397.7300109863281,401.2900085449219,396.75,399.8699951171875,80444700,0.0034058787209549912,0.003400091851884324,1.2411921186143533
2023-02-28,380.9109802246094,396.260009765625,399.2799987792969,396.1499938964844,397.2300109863281,96438600,-0.0036960423435673517,-0.003702889585073276,1.2329085776438853
2023-03-01,379.4498901367188,394.739990234375,396.6900024414063,393.3800048828125,395.4100036621094,99706800,-0.0038357783412518165,-0.003843153805465082,1.2243436352837636
2023-03-02,382.4009704589844,397.80999755859375,398.6900024414063,392.3299865722656,392.6799926757813,85127800,0.007777259656610358,0.007747172668256339,1.241642933300894
2023-03-03,388.5338134765625,404.1900024414063,404.4500122070313,399.0299987792969,399.7099914550781,90120000,0.0160377286967055,0.015910483010821517,1.2775937945000608
2023-03-06,388.802978515625,404.4700012207031,407.4500122070313,404.010009765625,405.0499877929688,72795900,0.000692771207360332,0.0006925313521575844,1.2791716459029532
2023-03-07,382.8431091308594,398.2699890136719,404.6700134277344,397.6300048828125,404.4200134277344,108310600,-0.015328764731996847,-0.01544746482560618,1.2442347599590686
2023-03-08,383.4679870605469,398.9200134277344,399.7099914550781,396.5899963378906,398.3900146484375,74746600,0.0016322036750409108,0.0016308730782956704,1.2478978081819285
2023-03-09,376.3930358886719,391.55999755859375,401.4800109863281,390.5299987792969,399.739990234375,111945300,-0.01844991344937985,-0.01862223595060364,1.2064242881779212
2023-03-10,370.9618835449219,385.9100036621094,393.1600036621094,384.3200073242188,390.989990234375,189253000,-0.01442947086129509,-0.014534588091999517,1.1745867532040042
2023-03-13,370.4331970214844,385.3599853515625,390.3900146484375,380.6499938964844,381.80999755859375,157790000,-0.0014251774828868413,-0.0014261940142555767,1.171487581128754
2023-03-14,376.5564880371094,391.7300109863281,393.4500122070313,387.0499877929688,390.5,149752400,0.016530081712060607,0.01639494706900801,1.2073824482815372
2023-03-15,374.2013549804688,389.2799987792969,389.489990234375,383.7099914550781,385.8900146484375,172996900,-0.00625439510793524,-0.006274035773499297,1.1935766062956632
2023-03-16,380.7668151855469,396.1099853515625,396.4700012207031,386.2900085449219,386.8200073242188,143254200,0.017545260373043714,0.017393119284430186,1.2320634790013383
2023-03-17,376.3146362304688,389.989990234375,394.3999938964844,388.5499877929688,393.2200012207031,140553400,-0.011692665372922573,-0.011761562169400091,1.2059647076502542
2023-03-20,379.9331970214844,393.739990234375,394.1700134277344,390.0700073242188,390.7999877929688,93055800,0.009615785416327682,0.009569847999863138,1.2271767909150109
2023-03-21,384.9218444824219,398.9100036621094,399.4100036621094,395.5799865722656,397.239990234375,91524200,0.013130327910396922,0.0130448723814741,1.2564203524941506
2023-03-22,378.3602294921875,392.1099853515625,402.489990234375,392.0700073242188,398.7300109863281,111746600,-0.017046616304817186,-0.017193582446550042,1.2179560205228026
2023-03-23,379.383056640625,393.1700134277344,399.2900085449219,390.3500061035156,395.0899963378906,119351300,0.0027033156994600294,0.0026996683134531017,1.2239518558537936
2023-03-24,381.8726196289063,395.75,395.8399963378906,389.3999938964844,391.8399963378906,107682400,0.0065621354056397685,0.00654069832600617,1.2385457290675301
2023-03-27,382.5867004394531,396.489990234375,398.9200134277344,395.55999755859375,398.1199951171875,74010400,0.0018699450388475203,0.001868198868113358,1.2427316865478333
2023-03-28,381.7278747558594,395.6000061035156,396.489990234375,393.6900024414063,395.7699890136719,62871700,-0.0022447870838355755,-0.002247310395266636,1.2376972314253618
2023-03-29,387.2762756347656,401.3500061035156,401.6000061035156,398.6799926757813,399.9299926757813,77497900,0.014534963899230036,0.014430343858639248,1.2702220799015365
2023-03-30,389.5439147949219,403.7000122070313,404.3500061035156,401.760009765625,404.0899963378906,69840000,0.0058553526327929095,0.005838276680290789,1.2835150307341125
2023-03-31,395.0343627929688,409.3900146484375,409.7000122070313,404.5499877929688,404.6600036621094,112062600,0.014094554656148173,0.013996149989357021,1.3157001581429304
2023-04-03,396.5396423339844,410.9500122070313,411.3699951171875,408.4400024414063,408.8500061035156,67391100,0.0038105027886004006,0.003803261213048989,1.3245241400530965
2023-04-04,394.3396301269531,408.6700134277344,411.9200134277344,407.239990234375,411.6199951171875,66601500,-0.005548025902485376,-0.005563473359949563,1.3116276199131294
2023-04-05,393.3070983886719,407.6000061035156,408.7000122070313,405.8800048828125,407.9100036621094,65200200,-0.0026183818703406914,-0.002621815827734449,1.3055748960621703
2023-04-06,394.8414001464844,409.1900024414063,409.4800109863281,405.6799926757813,406.7699890136719,63743300,0.0039010273755504254,0.003893438099171636,1.3145690068480906
2023-04-10,395.2466735839844,409.6099853515625,409.6900024414063,405.9700012207031,406.6099853515625,63681000,0.0010264208296031363,0.0010258944199245269,1.3169447286882732
2023-04-11,395.352783203125,409.7200012207031,411.1799926757813,408.9200134277344,410.260009765625,59297900,0.0002684642939014825,0.00026842826381131673,1.317566745618869
2023-04-12,393.7413330078125,408.0499877929688,412.1700134277344,407.4400024414063,411.8699951171875,86420400,-0.004075980399724566,-0.004084309849320893,1.308120388988673
2023-04-13,398.9712829589844,413.4700012207031,413.8399963378906,407.989990234375,409.1799926757813,85814800,0.01328270494545225,0.01319526327698446,1.3387784710941921
2023-04-14,397.9967041015625,412.4599914550781,415.0899963378906,410.05999755859375,412.80999755859375,78161500,-0.0024427293367930147,-0.0024457176675468082,1.3330654683105903
2023-04-17,399.4247741699219,413.9400024414063,413.9599914550781,411.0899963378906,412.3699951171875,66436400,0.0035881454636241816,0.0035817234272392385,1.341436846587047
2023-04-18,399.685302734375,414.2099914550781,415.7200012207031,412.7799987792969,415.5799865722656,63560000,0.0006522594022730921,0.0006520467735635247,1.342964070785062
2023-04-19,399.6177978515625,414.1400146484375,415.0799865722656,412.1600036621094,412.2200012207031,55227300,-0.0001688950840841308,-0.00016890934846498982,1.3425683556713208
2023-04-20,397.4369812011719,411.8800048828125,413.7000122070313,410.2699890136719,411.2099914550781,75840400,-0.005457256063456595,-0.0054722012833886835,1.3297843603082722
2023-04-21,397.7457885742188,412.2000122070313,412.6799926757813,410.1700134277344,412.1900024414063,73457400,0.0007769970779105684,0.0007766953719540102,1.3315945959483932
2023-04-24,398.1607666015625,412.6300048828125,413.0700073242188,410.6000061035156,411.989990234375,64332100,0.0010433247548169433,0.0010427808698111908,1.3340272063085434
2023-04-25,391.8403930664063,406.0799865722656,411.1600036621094,406.0199890136719,410.5799865722656,97766700,-0.015873923463385786,-0.016001263575790653,1.2969770370741416
2023-04-26,390.1806945800781,404.3599853515625,407.8399963378906,403.7799987792969,406.7200012207031,80447000,-0.004235649299297539,-0.0042446450727383,1.2872478478965559
2023-04-27,397.9484558105469,412.4100036621094,412.6900024414063,406.739990234375,407.0,92968400,0.01990811267284398,0.019712537623368158,1.3327826357632002
2023-04-28,401.344970703125,415.9299926757813,415.9400024414063,411.4299926757813,411.489990234375,89433100,0.008535062375502944,0.00849884466499284,1.3526930810679292
2023-05-01,400.939697265625,415.510009765625,417.6199951171875,415.2699890136719,415.4700012207031,62122300,-0.0010097882547026593,-0.0010102984343401808,1.3503173592277466
2023-05-02,396.4334716796875,410.8399963378906,414.8200073242188,407.8200073242188,414.7699890136719,103998500,-0.011239160444000862,-0.011302797071870742,1.3239017653330656
2023-05-03,393.71240234375,408.0199890136719,413.8699951171875,407.7699890136719,411.3599853515625,91531800,-0.006863873840945667,-0.006887538572988608,1.3079507967970687
2023-05-04,390.9236755371094,405.1300048828125,407.2699890136719,403.739990234375,406.9299926757813,94901900,-0.007083157121897776,-0.007108361768806484,1.291603218673746
2023-05-05,398.1607666015625,412.6300048828125,413.7200012207031,408.6400146484375,408.9100036621094,87891800,0.018512798066041114,0.018343522208173712,1.334027206308543
2023-05-08,398.2668762207031,412.739990234375,413.239990234375,411.2799987792969,412.9700012207031,50046800,0.00026649943450296476,0.00026646392983651186,1.334649223239139
2023-05-09,396.5203552246094,410.9299926757813,412.0899963378906,410.6900024414063,411.1300048828125,49220100,-0.004385303173256916,-0.004394946819085308,1.3244110785920267
2023-05-10,398.373046875,412.8500061035156,414.5400085449219,408.8699951171875,413.8800048828125,96142900,0.004672374635953158,0.004661492975880587,1.3352715979591685
2023-05-11,397.67822265625,412.1300048828125,412.4299926757813,409.9700012207031,411.9500122070313,70157100,-0.001744154691690314,-0.0017456775004181788,1.331198523045217
2023-05-12,397.1571960449219,411.5899963378906,413.6400146484375,409.0700073242188,413.4200134277344,70481500,-0.0013101713436757256,-0.0013110303685457763,1.328144253543904
2023-05-15,398.5273742675781,413.010009765625,413.4299926757813,410.2300109863281,412.2200012207031,54289400,0.0034499644883716485,0.0034440270130200114,1.3361762685424372
2023-05-16,395.86419677734375,410.25,412.8200073242188,410.239990234375,411.8599853515625,57705500,-0.006682545948390128,-0.006704974132655758,1.320564663284364
2023-05-17,400.6695861816406,415.2300109863281,415.8599853515625,410.6400146484375,412.3500061035156,87287000,0.012138984640229333,0.012065898036483303,1.3487339620886316
2023-05-18,404.52935791015625,419.2300109863281,419.6700134277344,414.6700134277344,414.8999938964844,97177200,0.009633303504014368,0.009587199091200255,1.3713600291956176
2023-05-19,403.940673828125,418.6199951171875,420.7200012207031,417.3500061035156,420.1700134277344,103793300,-0.0014552320382196227,-0.0014562919167330575,1.3679091501069789
2023-05-22,404.104736328125,418.7900085449219,420.3900146484375,417.3500061035156,418.6400146484375,60745400,0.00040615493964790694,0.00040607248105696054,1.3688708881049325
2023-05-23,399.5695495605469,414.0899963378906,418.7200012207031,413.6799926757813,417.0799865722656,86383500,-0.011222800328416938,-0.01128625112912803,1.3422855231239312
2023-05-24,396.6747131347656,411.0899963378906,412.8200073242188,409.8800048828125,412.4200134277344,89213700,-0.007244887476948736,-0.0072712591245038104,1.3253159280700122
2023-05-25,400.1098937988281,414.6499938964844,416.1600036621094,412.4100036621094,414.739990234375,90961600,0.008659943652358448,0.008622661427023157,1.34545303298103
2023-05-26,405.2915954589844,420.0199890136719,420.7699890136719,415.25,415.3299865722656,93830000,0.012950696147397966,0.012867552954129719,1.3758282825391603
2023-05-30,405.4459533691406,420.1799926757813,422.5799865722656,418.739990234375,422.0299987792969,72216000,0.00038085643000185243,0.00038078392260107127,1.3767331320171454
2023-05-31,403.19769287109375,417.8500061035156,419.2200012207031,416.2200012207031,418.2799987792969,110811800,-0.005545154611519609,-0.0055605860542823115,1.3635537793297892
2023-06-01,407.0284729003906,421.8200073242188,422.9200134277344,416.7900085449219,418.0899963378906,88865000,0.009500996898118785,0.009456146286977581,1.3860098964557386
2023-06-02,412.9145812988281,427.9200134277344,428.739990234375,423.9500122070313,424.5,91426200,0.014461171122733596,0.014357605645633065,1.4205143938689209
2023-06-05,412.1233215332031,427.1000061035156,429.6199951171875,426.3699951171875,428.2799987792969,65460200,-0.0019162795441519664,-0.0019181179567814106,1.4158760116496243
2023-06-06,413.0206909179688,428.0299987792969,428.5799865722656,425.989990234375,426.6700134277344,64022200,0.002177429273905851,0.0021750621103824004,1.4211364107995172
2023-06-07,411.5925903320313,426.5499877929688,429.6199951171875,426.1099853515625,428.4400024414063,85373300,-0.003457697440686136,-0.003463689092013808,1.4127648536283437
2023-06-08,414.0821533203125,429.1300048828125,429.6000061035156,425.8200073242188,426.6199951171875,61952800,0.006048609831077911,0.006030390421786401,1.4273587268420793
2023-06-09,414.8251647949219,429.8999938964844,431.989990234375,428.8699951171875,429.9599914550781,85742800,0.001794357638095656,0.0017927497016170194,1.4317142765139867
2023-06-12,418.5884094238281,433.7999877929688,433.8800048828125,430.1700134277344,430.9200134277344,76104300,0.009071881236440094,0.009030978909776489,1.4537744996314776
2023-06-13,421.34814453125,436.6600036621094,437.3299865722656,434.6300048828125,435.3200073242188,95899700,0.006592956339189104,0.006571317858180445,1.4699521277737637
2023-06-14,421.849853515625,437.1799926757813,439.05999755859375,433.5899963378906,437.010009765625,100612100,0.0011907231368804005,0.0011900147883282964,1.472893156919291
2023-06-15,427.0798034667969,442.6000061035156,443.8999938964844,436.2300109863281,436.3299865722656,110303100,0.01239765738351295,0.01232143576232327,1.50355123902481
2023-06-16,425.6251525878906,439.4599914550781,443.6099853515625,438.9700012207031,443.0199890136719,114165800,-0.0034060399651264506,-0.0034118537242662796,1.4950240434499498
2023-06-20,423.4168701171875,437.1799926757813,438.3699951171875,435.0299987792969,437.4500122070313,76160400,-0.005188326999182924,-0.005201833104021334,1.4820790428417077
2023-06-21,421.2473754882813,434.9400024414063,436.989990234375,434.3299865722656,436.1600036621094,76982300,-0.005123779381548399,-0.005136950950529657,1.469361417418622
2023-06-22,422.7679748535156,436.510009765625,436.6199951171875,433.6000061035156,433.9500122070313,70637200,0.003609753920654768,0.0036032543953994282,1.4782752044766627
2023-06-23,419.5718383789063,433.2099914550781,435.05999755859375,432.4700012207031,432.9299926757813,92074500,-0.0075600250367041655,-0.007588746876099621,1.4595393818829758
2023-06-26,417.8576049804688,431.4400024414063,434.6099853515625,431.1900024414063,432.6199951171875,72823600,-0.004085673159239578,-0.004094042325384934,1.449490507846324
2023-06-27,422.4386596679688,436.1700134277344,436.80999755859375,431.8800048828125,432.3500061035156,72813700,0.010963195674550619,0.010903535492957693,1.4763447515867978
2023-06-28,422.6517639160156,436.3900146484375,437.4400024414063,434.4100036621094,435.0499877929688,75636000,0.0005044619926932725,0.0005043347945182019,1.4775939733947787
2023-06-29,424.3175659179688,438.1099853515625,438.2799987792969,435.5400085449219,435.9599914550781,67882300,0.003941310895094752,0.003933564277190601,1.4873589415157404
2023-06-30,429.3248596191406,443.2799987792969,444.2999877929688,441.1099853515625,441.4400024414063,104964000,0.011800816424696103,0.011731729778611017,1.5167118077668942
2023-07-03,429.81878662109375,443.7900085449219,444.0799865722656,442.6300048828125,442.9200134277344,32793400,0.0011504737983056845,0.0011498125104730105,1.5196072187596164
2023-07-05,429.1795043945313,443.1300048828125,443.8900146484375,441.8999938964844,441.9100036621094,58418400,-0.0014873296525449442,-0.0014884368252493195,1.515859732230389
2023-07-06,425.81884765625,439.6600036621094,440.1000061035156,437.05999755859375,439.4200134277344,80658300,-0.007830422244935464,-0.007861240989144761,1.496159488217995
2023-07-07,424.7437438964844,438.5499877929688,442.6400146484375,438.2999877929688,438.6300048828125,86134200,-0.002524791388833769,-0.0025279840496128117,1.4898572062369864
2023-07-10,425.81884765625,439.6600036621094,439.8399963378906,437.5899963378906,438.1799926757813,62443500,0.0025311820955922215,0.0025279840496127428,1.4961594882179945
2023-07-11,428.5306396484375,442.4599914550781,442.9700012207031,439.4400024414063,440.4500122070313,64463800,0.006368417009048555,0.00634822432638718,1.51205607276006
2023-07-12,431.978515625,446.0199890136719,447.4800109863281,444.9100036621094,446.3900146484375,91924500,0.008045809698441042,0.008013614745938617,1.5322675978733007
2023-07-13,435.4071044921875,449.55999755859375,450.3800048828125,447.4500122070313,447.8999938964844,72425200,0.007936943026499721,0.007905611171106447,1.5523660615254724
2023-07-14,435.1359558105469,449.2799987792969,451.3599853515625,448.489990234375,450.4800109863281,69815800,-0.0006227474904362262,-0.0006229414781957564,1.550776581965983
2023-07-17,436.6467895507813,450.8399963378906,451.9299926757813,449.0799865722656,449.1300048828125,52680200,0.003472095835932887,0.0034660820275117642,1.5596331227146223
2023-07-18,439.891357421875,454.1900024414063,454.8599853515625,450.0499877929688,450.5,80668200,0.007430646345600422,0.0074031750952063494,1.5786528512239997
2023-07-19,440.86956787109375,455.2000122070313,456.4299926757813,454.1099853515625,455.010009765625,65891700,0.0022237546446737255,0.002221285761762966,1.58438714247891
2023-07-20,437.9446105957031,452.1799926757813,455.1000061035156,451.4400024414063,454.1700134277344,70591600,-0.006634518434817105,-0.006656624682704431,1.5672409783394294
2023-07-21,437.9446105957031,452.1799926757813,454.1700134277344,452.1700134277344,453.9599914550781,71275600,0.0,0.0,1.5672409783394294
2023-07-24,439.9010620117188,454.2000122070313,455.0400085449219,452.2999877929688,453.3699951171875,54023400,0.004467348995011999,0.0044574000108753365,1.5787097397439678
2023-07-25,441.10198974609375,455.4400024414063,456.739990234375,453.8699951171875,453.9200134277344,55191200,0.0027299950786272564,0.0027262754103088427,1.5857496046426771
2023-07-26,441.1697998046875,455.510009765625,456.989990234375,453.3800048828125,454.4700012207031,71052900,0.00015372875246555395,0.00015371693741174678,1.586147108703587
2023-07-27,438.2448425292969,452.489990234375,459.4400024414063,451.5499877929688,459.0199890136719,92194400,-0.006630003406138729,-0.006652079509249767,1.5690009445641064
2023-07-28,442.5354614257813,456.9200134277344,457.7799987792969,452.489990234375,455.8800048828125,80011800,0.009790460674269363,0.009742844650453355,1.5941526472840222
2023-07-31,443.3780517578125,457.7900085449219,458.1600036621094,456.0499877929688,457.4100036621094,62040400,0.0019040063576294397,0.0019021960350707006,1.5990919304171123
2023-08-01,442.10931396484375,456.4800109863281,457.25,455.489990234375,456.2699890136719,55291500,-0.0028615259324152875,-0.0028656279249203945,1.5916545614574926
2023-08-02,435.9591674804688,450.1300048828125,453.5199890136719,449.3500061035156,453.25,93933400,-0.013910918160082053,-0.014008581766889608,1.555602266953854
2023-08-03,434.7098083496094,448.8399963378906,450.7900085449219,447.3699951171875,448.0400085449219,64276100,-0.0028657709805252063,-0.002869885164267204,1.5482784961394533
2023-08-04,432.74365234375,446.80999755859375,452.8999938964844,446.2699890136719,450.7200012207031,100128900,-0.004522916134153898,-0.004533175465750937,1.536752846214947
2023-08-07,436.5209655761719,450.7099914550781,450.8699951171875,447.989990234375,448.7099914550781,58357500,0.00872875479966928,0.008690879462932961,1.5588955397969202
2023-08-08,434.6226196289063,448.75,450.7000122070313,445.2699890136719,448.0799865722656,71361300,-0.004348808183267661,-0.004358291754383523,1.547767393933324
2023-08-09,431.7170104980469,445.75,449.2000122070313,444.9599914550781,449.0299987792969,78789600,-0.006685361045728144,-0.006707808172584871,1.530734649044346
2023-08-10,431.8720397949219,445.9100036621094,451.7000122070313,444.7000122070313,448.1900024414063,93005500,0.00035909934773270535,0.00035903488699334557,1.5316434342061025
2023-08-11,431.6202392578125,445.6499938964844,446.7000122070313,443.3500061035156,443.9700012207031,68690900,-0.0005830443138410413,-0.0005832143502727211,1.5301673738971155
2023-08-14,434.0027770996094,448.1099853515625,448.1099853515625,444.3800048828125,444.7000122070313,47867400,0.005519986379447284,0.005504807088664889,1.5441338633387494
2023-08-15,428.9471130371094,442.8900146484375,446.6400146484375,442.2999877929688,446.2699890136719,75707500,-0.01164892099605086,-0.011717301232277932,1.5144974489613388
2023-08-16,425.7994689941406,439.6400146484375,444.1799926757813,439.5299987792969,442.4599914550781,80107200,-0.007338070235937133,-0.007365126314189534,1.4960458900727756
2023-08-17,422.554931640625,436.2900085449219,441.4299926757813,435.75,441.1600036621094,95711300,-0.007619871770108477,-0.007649051317117895,1.4770263404581145
2023-08-18,422.7582702636719,436.5,437.5700073242188,433.010009765625,433.3699951171875,98852000,0.00048121228228814594,0.00048109653678844884,1.4782183159566942
2023-08-21,425.5088806152344,439.3399963378906,440.1099853515625,435.3200073242188,437.5499877929688,68719000,0.006506343092583355,0.006485268206597296,1.4943424545786326
2023-08-22,424.3562927246094,438.1499938964844,441.1799926757813,437.5700073242188,441.1799926757813,64994200,-0.002708728167925667,-0.002712403410391665,1.4875859589114624
2023-08-23,429.0826721191406,443.0299987792969,443.6700134277344,439.1000061035156,439.25,68441000,0.011137762006980578,0.011076193868100126,1.5152920992937249
2023-08-24,423.1360473632813,436.8900146484375,445.2200012207031,436.8599853515625,444.6900024414063,88517300,-0.013858925429195978,-0.013955856956117278,1.4804328536569673
2023-08-25,426.1189880371094,439.9700012207031,441.2999877929688,435.0,438.6799926757813,102325100,0.007049601877258782,0.007024869601050004,1.497918917758522
2023-08-28,428.8211975097656,442.760009765625,443.3999938964844,439.9700012207031,442.239990234375,61595400,0.006341443466539198,0.006321421116405789,1.5137593293594862
2023-08-29,435.019775390625,449.1600036621094,449.4500122070313,442.4599914550781,442.6499938964844,83081900,0.014454924142872416,0.014351447697676737,1.5500955297788153
2023-08-30,436.81146240234375,451.010009765625,451.6700134277344,448.7799987792969,449.510009765625,69053900,0.0041186334807650216,0.004110175126510935,1.5605984386069114
2023-08-31,436.1722412109375,450.3500061035156,452.8299865722656,450.1600036621094,451.6499938964844,66084600,-0.00146338007682012,-0.0014644518631928979,1.5568513098671173
2023-09-01,436.9858093261719,451.1900024414063,453.6700134277344,449.6799926757813,453.1700134277344,58944100,0.0018652450531368991,0.0018635076437101832,1.5616204641244535
2023-09-05,435.0971984863281,449.239990234375,451.05999755859375,449.1700134277344,450.7300109863281,55166200,-0.004321904280498168,-0.004331270705740768,1.5505493856755423
2023-09-06,432.1722717285156,446.2200012207031,448.510009765625,443.80999755859375,448.3999938964844,70758500,-0.006722467457818904,-0.006745165021793759,1.5334034004307786
2023-09-07,430.8453979492188,444.8500061035156,445.5499877929688,442.75,443.1099853515625,70355400,-0.0030702427390583154,-0.003074965603667903,1.5256252370355003
2023-09-08,431.4942626953125,445.5199890136719,447.1099853515625,444.5299987792969,444.8999938964844,61659700,0.0015060268699218504,0.001504893948785861,1.5294288965058285
2023-09-11,434.3320617675781,448.4500122070313,448.7699890136719,446.4700012207031,448.239990234375,60180100,0.006576678573984696,0.006555146577904339,1.5460641373338961
2023-09-12,431.9494934082031,445.989990234375,448.5299987792969,445.3900146484375,446.9500122070313,67565400,-0.005485591714502469,-0.0055006928237309365,1.5320974689975455
2023-09-13,432.4531555175781,446.510009765625,447.7099914550781,445.0799865722656,446.2200012207031,60199300,0.0011660208359105528,0.0011653415615963903,1.535049947404953
2023-09-14,436.1819458007813,450.3599853515625,451.0799865722656,447.7200012207031,449.0700073242188,83430800,0.008622414325409222,0.0085854536193951,1.5569081983870854
2023-09-15,430.92669677734375,443.3699951171875,447.4800109863281,442.9200134277344,447.1400146484375,111848900,-0.012048295611569837,-0.01212146462698799,1.5261018125612713
2023-09-18,431.1794128417969,443.6300048828125,444.9700012207031,442.55999755859375,443.0499877929688,55752200,0.0005864479187365212,0.0005862760253568859,1.5275832397117646
2023-09-19,430.2851867675781,442.7099914550781,443.2900085449219,439.9400024414063,442.6799926757813,66514600,-0.0020739071662191355,-0.002076060689673152,1.522341266717711
2023-09-20,426.3294372558594,438.6400146484375,444.4400024414063,438.4299926757813,444.010009765625,82562600,-0.009193320228928714,-0.009235839594067641,1.4991525757261335
2023-09-21,419.2828979492188,431.3900146484375,435.9700012207031,431.2300109863281,435.7000122070313,104095800,-0.016528390232672607,-0.01666650810009421,1.4578456067035432
2023-09-22,418.3401489257813,430.4200134277344,434.1000061035156,429.989990234375,432.4500122070313,100829700,-0.0022484795541355407,-0.0022510111798726075,1.4523191911096482
2023-09-25,420.0993347167969,432.2300109863281,432.2699890136719,428.7200012207031,429.1700134277344,70874500,0.004205156486970729,0.004196339525589859,1.4626315770642657
2023-09-26,413.9275817871094,425.8800048828125,429.8200073242188,425.0199890136719,429.0899963378906,96168400,-0.014691175204664564,-0.014800159238589707,1.4264526251010752
2023-09-27,414.0927429199219,426.0499877929688,427.6700134277344,422.2900085449219,427.0899963378906,104705800,0.0003990097303963047,0.0003989301471827765,1.427420803308836
2023-09-28,416.4934387207031,428.5199890136719,430.25,424.8699951171875,425.4800109863281,92258300,0.005797483394306857,0.005780742659046542,1.4414937351070138
2023-09-29,415.4826965332031,427.4800109863281,431.8500061035156,425.9100036621094,431.6700134277344,115111300,-0.0024267901809079673,-0.0024297396089272704,1.4355687420839076
2023-10-02,415.3174133300781,427.30999755859375,428.6000061035156,424.4599914550781,426.6199951171875,83798600,-0.0003978100760972936,-0.00039788922351673915,1.434599848297279
2023-10-03,409.7579345703125,421.5899963378906,427.3699951171875,420.1799926757813,425.05999755859375,103760600,-0.013386095986654856,-0.013476497424165075,1.4020100610388764
2023-10-04,412.7417907714844,424.6600036621094,425.4299926757813,420.55999755859375,422.0700073242188,87453000,0.007281997368277615,0.007255611641870863,1.4195014919819378
2023-10-05,412.5863037109375,424.5,425.3699951171875,421.1700134277344,424.3599853515625,70142700,-0.000376717512070357,-0.0003767884879381018,1.4185900233994277
2023-10-06,417.4848327636719,429.5400085449219,431.1300048828125,420.6000061035156,421.9700012207031,113273300,0.011872737918528609,0.0118028099127645,1.447305308879617
2023-10-09,420.15765380859375,432.2900085449219,432.8800048828125,427.010009765625,427.5799865722656,80374400,0.006402199158298316,0.00638179213484144,1.4629734448682252
2023-10-10,422.344482421875,434.5400085449219,437.2200012207031,432.5299987792969,432.9400024414063,78607300,0.005204781094568567,0.005191283037477434,1.4757926824904999
2023-10-11,424.0745239257813,436.3200073242188,436.5799865722656,433.1799926757813,435.6400146484375,62451700,0.004096280585899059,0.004087913669621721,1.4859342239904967
2023-10-12,421.4892272949219,433.6600036621094,437.3399963378906,431.2300109863281,436.9500122070313,81154200,-0.0060963261997598606,-0.006114984667045948,1.4707791580499037
2023-10-13,419.3898010253906,431.5,436.4500122070313,429.8800048828125,435.2099914550781,95143100,-0.0049809725458588305,-0.004993418936899232,1.4584722748967769
2023-10-16,423.8023986816406,436.0400085449219,437.1400146484375,433.5700073242188,433.8200073242188,75433200,0.010521471064535604,0.010466505596749599,1.4843390198000663
2023-10-17,423.7829284667969,436.0199890136719,438.1400146484375,432.4500122070313,432.80999755859375,75324700,-4.5941728749832045e-05,-4.594278410337561e-05,1.484224884970696
2023-10-18,418.1360473632813,430.2099914550781,435.1799926757813,429.0899963378906,434.1900024414063,93559800,-0.013324937660762814,-0.013414511240737852,1.451122743243146
2023-10-19,414.4621276855469,426.4299926757813,432.8200073242188,425.7300109863281,430.9500122070313,121323000,-0.008786421789993337,-0.00882525000194488,1.429586144961966
2023-10-20,409.3691101074219,421.1900024414063,426.5400085449219,421.0799865722656,425.9800109863281,123919900,-0.01228825805283007,-0.012364382967037566,1.399730763451093
2023-10-23,408.65966796875,420.4599914550781,424.4500122070313,417.7999877929688,419.6099853515625,92035100,-0.0017330133641145773,-0.0017345167689728962,1.3955719979677554
2023-10-24,411.74066162109375,423.6300048828125,424.8200073242188,420.739990234375,422.6499938964844,78564200,0.007539265295393394,0.007510987077182519,1.41363285079465
2023-10-25,405.8312683105469,417.5499877929688,421.9200134277344,417.0199890136719,421.8900146484375,94223200,-0.0143522218264297,-0.014456211146515217,1.3789918567124873
2023-10-26,400.9716491699219,412.5499877929688,417.3299865722656,411.6000061035156,416.4500122070313,115156800,-0.011974481810766657,-0.012046753441055165,1.3505046619963217
2023-10-27,399.154052734375,410.6799926757813,414.6000061035156,409.2099914550781,414.1900024414063,107367700,-0.004532979923417502,-0.004543285030598852,1.339849871553593
2023-10-30,403.9263305664063,415.5899963378906,416.6799926757813,412.2200012207031,413.55999755859375,86562700,0.011955979901341784,0.011885071797999322,1.3678250695900447
2023-10-31,406.4630737304688,418.2000122070313,418.5299987792969,414.2099914550781,416.1799926757813,79665200,0.00628021243503829,0.00626057408006366,1.3826955140360795
2023-11-01,410.7979431152344,422.6600036621094,423.5,418.6499938964844,419.2000122070313,98068100,0.010664854115727262,0.010608385689293166,1.4081066140954719
2023-11-02,418.6705932617188,430.760009765625,430.9200134277344,426.55999755859375,426.5799865722656,94938900,0.019164288133439067,0.01898296610633518,1.4542562631040377
2023-11-03,422.490234375,434.6900024414063,436.2900085449219,433.010009765625,433.1400146484375,100167800,0.009123261042825348,0.009081895498881274,1.476647083658325
2023-11-06,423.4622192382813,435.6900024414063,436.1499938964844,433.6799926757813,435.4700012207031,67831700,0.00230060906548335,0.002297966716346161,1.4823448803909924
2023-11-07,424.6673889160156,436.9299926757813,437.5899963378906,434.510009765625,435.6900024414063,64256100,0.002845991030562711,0.002841948865583729,1.4894096116553484
2023-11-08,424.9784240722656,437.25,438.0899963378906,434.8699951171875,437.5499877929688,61746000,0.0007324206293399804,0.0007321525402455081,1.491232906609802
2023-11-09,421.66412353515625,433.8399963378906,438.4700012207031,433.3999938964844,438.4299926757813,83174400,-0.007798750123243381,-0.007829319413546343,1.4718044036723508
2023-11-10,428.2441101074219,440.6099853515625,440.9299926757813,433.8299865722656,435.9800109863281,89462200,0.015604805353370388,0.01548430237851832,1.5103764302632614
2023-11-13,427.8359375,440.1900024414063,441.3299865722656,438.4200134277344,439.2300109863281,52236100,-0.0009531306976282572,-0.000953585215524562,1.507983713424975
2023-11-14,436.1362609863281,448.7300109863281,450.05999755859375,446.0899963378906,446.3200073242188,97176900,0.01940071592589887,0.019214921224812206,1.5566403929959138
2023-11-15,437.0596008300781,449.6799926757813,451.3800048828125,448.7999877929688,450.1099853515625,77327600,0.0021170902911440415,0.0021148524134630754,1.5620530315498722
2023-11-16,437.5941467285156,450.2300109863281,450.55999755859375,448.1199951171875,449.2200012207031,66665800,0.0012230503515362479,0.0012223030347303758,1.565186551410764
2023-11-17,438.1383972167969,450.7900085449219,451.4200134277344,449.2900085449219,450.239990234375,83133200,0.0012437334739281436,0.0012429606781526738,1.5683769597916237
2023-11-20,441.5110473632813,454.260009765625,455.1300048828125,450.5199890136719,450.5299987792969,69936200,0.00769768221162237,0.0076682062237957834,1.5881475094277526
2023-11-21,440.548828125,453.2699890136719,454.1300048828125,451.9599914550781,453.1799926757813,49244600,-0.002179377490161838,-0.0021817557893869764,1.5825069590044873
2023-11-22,442.2496948242188,455.0199890136719,456.3800048828125,453.8900146484375,454.9800109863281,59394900,0.0038607904291967365,0.0038533567050518195,1.5924774771551458
2023-11-24,442.5218200683594,455.2999877929688,455.5,454.7300109863281,455.0700073242188,29737400,0.0006153203661309892,0.0006151311341760395,1.5940726813455752
2023-11-27,441.7249145507813,454.4800109863281,455.489990234375,454.0799865722656,454.6499938964844,50506000,-0.0018008276234943166,-0.0018024510628748434,1.5894012036036562
2023-11-28,442.1622619628906,454.9299926757813,456.2699890136719,453.5,454.0799865722656,62115000,0.0009900899806707386,0.0009896001648669781,1.591964943791281
2023-11-29,441.8512268066406,454.6099853515625,458.3200073242188,454.2000122070313,457.1499938964844,63146000,-0.0007034412092729037,-0.0007036887401294326,1.5901416488368274
2023-11-30,443.5910034179688,456.3999938964844,456.760009765625,453.3399963378906,455.4800109863281,79752700,0.003937471496688882,0.003929739944327937,1.6003402577515091
2023-12-01,446.2152099609375,459.1000061035156,459.6499938964844,455.1600036621094,455.7699890136719,89183400,0.005915824538254011,0.0058983947555127925,1.6157234144561254
2023-12-04,443.8728332519531,456.6900024414063,459.1199951171875,454.3399963378906,455.6000061035156,72430900,-0.005249432687849054,-0.005263259369002853,1.6019923504619071
2023-12-05,443.785400390625,456.6000061035156,457.5899963378906,454.8699951171875,455.260009765625,69793500,-0.00019697727542267174,-0.00019699667799414047,1.6014798170980424
2023-12-06,441.9970703125,454.760009765625,458.8399963378906,454.30999755859375,458.80999755859375,69124700,-0.004029718139783034,-0.004037859332427572,1.590996586688803
2023-12-07,445.36962890625,458.2300109863281,458.8999938964844,456.2900085449219,456.9100036621094,66995400,0.007630273638161267,0.007601310338894691,1.6107665996407805
2023-12-08,447.2843017578125,460.2000122070313,460.75,457.2099914550781,457.4599914550781,83194400,0.004299064703322086,0.004289850124600833,1.6219904541779084
2023-12-11,449.0240783691406,461.989990234375,462.1700134277344,459.4700012207031,459.6900024414063,65002200,0.003889643800354392,0.003882098694761028,1.6321890630925902
2023-12-12,451.0748901367188,464.1000061035156,464.2000122070313,460.6000061035156,461.6300048828125,68327600,0.004567264577496122,0.004556866273817245,1.6442109669617255
2023-12-13,457.2952575683594,470.5,470.760009765625,464.1199951171875,464.489990234375,93278000,0.013790099089211472,0.013695880870339914,1.6806748982089075
2023-12-14,458.7629089355469,472.010009765625,473.7300109863281,469.25,472.5,119026000,0.003209417423202021,0.0032042782360325703,1.6892783029331593
2023-12-15,458.0075378417969,469.3299865722656,470.7000122070313,467.4299926757813,469.489990234375,141553700,-0.0016465391578902588,-0.0016478961933020257,1.6848503009009153
2023-12-18,460.5838623046875,471.9700012207031,472.9800109863281,469.8900146484375,470.9800109863281,70375300,0.005625070004372956,0.005609308377309131,1.6999527717947447
2023-12-19,463.3845825195313,474.8399963378906,474.9200134277344,472.4500122070313,472.5299987792969,55761800,0.006080804049081179,0.006062390568281882,1.7163706555418021
2023-12-20,456.96337890625,468.260009765625,475.8999938964844,467.8200073242188,473.9599914550781,102921000,-0.013857180095133259,-0.013954087095228987,1.678729418162824
2023-12-21,461.2962646484375,472.7000122070313,472.9800109863281,468.8399963378906,471.3299865722656,86667500,0.009481910240943803,0.009437239086616388,1.7041288900656197
2023-12-22,462.2232971191406,473.6499938964844,475.3800048828125,471.7000122070313,473.8599853515625,67160400,0.002009624923821285,0.002007608328934988,1.7095631748803206
2023-12-26,464.175048828125,475.6499938964844,476.5799865722656,473.989990234375,474.0700073242188,55387000,0.0042225299355287405,0.004213640072356759,1.7210043864984592
2023-12-27,465.0143432617188,476.510009765625,476.6600036621094,474.8900146484375,475.4400024414063,68000300,0.0018081420699211925,0.0018065093488801494,1.7259243490021272
2023-12-28,465.1899719238281,476.6900024414063,477.5499877929688,476.260009765625,476.8800048828125,77158100,0.00037768439759822137,0.0003776130927993685,1.7269538880977784
2023-12-29,463.84326171875,475.30999755859375,477.0299987792969,473.2999877929688,476.489990234375,122283100,-0.00289496826319946,-0.002899166788845458,1.7190594431365271
2024-01-02,461.2474670410156,472.6499938964844,473.6700134277344,470.489990234375,472.1600036621094,123623700,-0.005596275492104286,-0.005611993310051733,1.7038428374133274
2024-01-03,457.4805908203125,468.7900085449219,471.1900024414063,468.1700134277344,470.4299926757813,103585900,-0.008166714160769972,-0.008200244450506624,1.6817613258245276
2024-01-04,456.0069580078125,467.2799987792969,470.9599914550781,467.0499877929688,468.2999877929688,84232200,-0.003221191985123606,-0.0032263911921243007,1.673122857735767
2024-01-05,456.6316223144531,467.9200134277344,470.4400024414063,466.4299926757813,467.489990234375,86118900,0.0013698569630815616,0.0013689195650017818,1.6767846536956088
2024-01-08,463.1504211425781,474.6000061035156,474.75,468.2999877929688,468.4299926757813,74879100,0.01427583747941985,0.014174897248198133,1.7149979963791724
2024-01-09,462.4477844238281,473.8800048828125,474.9299926757813,471.3500061035156,471.8699951171875,65931400,-0.0015170810317232108,-0.001518232964349118,1.710879124417699
2024-01-10,465.0631408691406,476.55999755859375,477.4500122070313,473.8699951171875,474.1600036621094,67310600,0.005655463240181957,0.00563953114863212,1.72621040165442
2024-01-11,464.8581848144531,476.3500061035156,478.1199951171875,472.260009765625,477.5899963378906,77940700,-0.0004407058669592123,-0.00044080300633077415,1.7250089447358454
2024-01-12,465.1802062988281,476.6799926757813,478.6000061035156,475.2300109863281,477.8399963378906,58026400,0.0006927305894453006,0.0006924907623611709,1.7268966417883762
2024-01-16,463.4724426269531,474.9299926757813,476.6099853515625,473.05999755859375,475.260009765625,85014900,-0.0036711873135417683,-0.003677942660183954,1.7168856934317032
2024-01-17,460.8961486816406,472.2900085449219,472.7900085449219,469.8699951171875,471.8200073242188,68843900,-0.005558677730028827,-0.005574184671172752,1.7017834014325905
2024-01-18,464.9947814941406,476.489990234375,477.05999755859375,472.4200134277344,474.010009765625,91856200,0.008892746932739337,0.008853439321945548,1.7258096774886065
2024-01-19,470.7915344238281,482.4299926757813,482.7200012207031,476.5400085449219,477.6499938964844,110834500,0.012466275236597602,0.012389211035521139,1.759790371170761
2024-01-22,471.7869567871094,483.4500122070313,485.2200012207031,482.7799987792969,484.010009765625,75844900,0.002114359096323737,0.0021121269848992826,1.7656255590459926
2024-01-23,473.1629333496094,484.8599853515625,485.1099853515625,482.8900146484375,484.010009765625,49945300,0.0029165209904709055,0.0029122761944819016,1.7736915640407331
2024-01-24,473.68011474609375,485.3900146484375,488.7699890136719,484.8800048828125,487.80999755859375,81765000,0.001093030243986215,0.0010924333213591405,1.776723292807719
2024-01-25,476.2564392089844,488.0299987792969,488.30999755859375,485.3900146484375,487.5799865722656,72525000,0.0054389542281536585,0.005424216530895471,1.7918257637015484
2024-01-26,475.6513977050781,487.4100036621094,489.1199951171875,486.5400085449219,487.5899963378906,76641600,-0.001270411177875408,-0.001271218834265447,1.7882789970446615
2024-01-29,479.4181823730469,491.2699890136719,491.4200134277344,487.1700134277344,487.7300109863281,61322800,0.007919212865015623,0.007888020470070822,1.8103599719493104
2024-01-30,479.0474243164063,490.8900146484375,491.6199951171875,490.1099853515625,490.55999755859375,58618400,-0.0007733500110600477,-0.0007736492004418705,1.8081865800339205
2024-01-31,471.2306823730469,482.8800048828125,489.0799865722656,482.8599853515625,488.6199951171875,126011100,-0.016317261186643117,-0.016451853823481404,1.7623646661466807
2024-02-01,477.3982543945313,489.2000122070313,489.2300109863281,483.7999877929688,484.6300048828125,91891600,0.013088222503733205,0.013003311803854108,1.7985191095336592
2024-02-02,482.4239501953125,494.3500061035156,496.0499877929688,489.2999877929688,489.6499938964844,99228200,0.010527260530424742,0.01047223476675787,1.8279798492990924
2024-02-05,480.6673583984375,492.5499877929688,494.3800048828125,490.2300109863281,493.7000122070313,75757100,-0.0036411786690189185,-0.003647823895945308,1.8176826693954093
2024-02-06,482.0628662109375,493.9800109863281,494.3200073242188,492.0499877929688,493.5199890136719,55918600,0.00290327143734026,0.0028990650843105327,1.8258631670089538
2024-02-07,486.0835266113281,498.1000061035156,498.5299987792969,495.3599853515625,496.2900085449219,70556500,0.008340531250609295,0.008305941219572947,1.8494323670633377
2024-02-08,486.2981872558594,498.3200073242188,498.7099914550781,497.260009765625,498.1000061035156,52343600,0.0004416126710315993,0.0004415151888545119,1.8506907125018803
2024-02-09,489.1086730957031,501.2000122070313,501.6499938964844,498.489990234375,498.8399963378906,63979400,0.005779346733129076,0.005762710376205898,1.8671658425583395
2024-02-12,488.8940124511719,500.9800109863281,503.5,500.239990234375,501.1700134277344,56502300,-0.0004388812882269999,-0.00043897762480749064,1.8659074971197969
2024-02-13,482.1604309082031,494.0799865722656,497.0899963378906,490.7200012207031,494.5299987792969,113099200,-0.01377309063207488,-0.013868819650833223,1.826435093418823
2024-02-14,486.5421752929688,498.5700073242188,499.0700073242188,494.3999938964844,496.7900085449219,68387800,0.009087731186302905,0.009046686240123973,1.8521209757633463
2024-02-15,489.899169921875,502.010009765625,502.2000122070313,498.7999877929688,499.2900085449219,61683000,0.006899699140952675,0.0068760051420418775,1.8717997524097139
2024-02-16,487.4595031738281,499.510009765625,502.8699951171875,498.75,501.7000122070313,75532900,-0.004979936480471903,-0.004992377685607609,1.8574983720580787
2024-02-20,484.77587890625,496.760009765625,498.4100036621094,494.4500122070313,497.7200012207031,71736700,-0.005505327622305378,-0.0055205377887393185,1.8417669073396947
2024-02-21,485.2149353027344,497.2099914550781,497.3699951171875,493.55999755859375,495.4200134277344,59293400,0.0009056894445222952,0.0009052795553068896,1.844340665631465
2024-02-22,495.2567138671875,507.5,508.489990234375,503.0199890136719,504.010009765625,76402500,0.020695526526173236,0.020484283666827904,1.903205793326514
2024-02-23,495.5982666015625,507.8500061035156,510.1300048828125,507.1000061035156,509.2699890136719,61321800,0.0006896478630404879,0.0006894101652319018,1.9052079829978483
2024-02-26,493.7830810546875,505.989990234375,508.75,505.8599853515625,508.2999877929688,50386700,-0.003662614801545172,-0.003669338597942372,1.894567325237753
2024-02-27,494.700439453125,506.9299926757813,507.1600036621094,504.75,506.7000122070313,48854500,0.0018578165871501184,0.0018560929803477387,1.8999449004272027
2024-02-28,494.0466003417969,506.260009765625,506.8599853515625,504.9599914550781,505.3299865722656,56506600,-0.001321686942609035,-0.0013225611411589377,1.8961120811180225
2024-02-29,495.8227233886719,508.0799865722656,509.739990234375,505.3500061035156,508.0700073242188,83924800,0.003595051652306225,0.003588604900432113,1.90652375364051
2024-03-01,500.4776306152344,512.8499755859375,513.2899780273438,508.55999755859375,508.9800109863281,76844800,0.009388249079729238,0.009344453365999985,1.9338109225958369
2024-03-04,499.9409484863281,512.2999877929688,514.2000122070312,512.0,512.030029296875,49799300,-0.001072339893086749,-0.0010729152608732332,1.930664880104764
2024-03-05,494.9444274902344,507.1799926757813,510.7000122070313,504.9100036621094,510.239990234375,72855600,-0.009994222340101833,-0.01004449985043178,1.901375163688669
2024-03-06,497.452392578125,509.75,512.0700073242188,508.4200134277344,510.5499877929688,68382400,0.005067165016096942,0.005054370139744524,1.916076910416685
2024-03-07,502.3903503417969,514.8099975585938,515.8900146484375,509.80999755859375,513.1400146484375,58652100,0.009926493142550008,0.009877549137861126,1.945023327871085
2024-03-08,499.3749084472656,511.7200012207031,518.219970703125,511.1300048828125,515.4600219726562,86532500,-0.006002189119436174,-0.006020274661424951,1.9273467408960512
2024-03-11,498.9455261230469,511.2799987792969,511.8800048828125,508.5,510.4800109863281,62557200,-0.0008598396053856039,-0.0008602094794959037,1.9248296922295323
2024-03-12,504.3128356933594,516.780029296875,517.3800048828125,510.8599853515625,513.4500122070312,73114400,0.010757305736395883,0.010699857547640504,1.9562929794557342
2024-03-13,503.52239990234375,515.969970703125,517.2899780273438,514.489990234375,517.1099853515625,55104100,-0.001567352117716525,-0.0015685816990061562,1.951659427393794
2024-03-14,502.5270080566406,514.9500122070312,517.1300048828125,511.8200073242188,516.969970703125,110171800,-0.001976857128692111,-0.0019788136897320703,1.9458244184132791
2024-03-15,499.0763244628906,509.8299865722656,511.7000122070313,508.1199951171875,510.2099914550781,107646300,-0.006866662962244363,-0.006890346974718965,1.9255964349860855
2024-03-18,502.04241943359375,512.8599853515625,515.47998046875,512.4400024414062,514.0,88893300,0.005943169061155551,0.005925578094892161,1.942983749203922
2024-03-19,504.8323669433594,515.7100219726562,516.0,511.1199951171875,512.1500244140625,60755300,0.005557194774324481,0.005541810536598296,1.95933848311592
2024-03-20,509.5017395019531,520.47998046875,520.6199951171875,515.0800170898438,515.77001953125,69594600,0.009249352585821047,0.009206839270222924,1.986710448167048
2024-03-21,511.1854248046875,522.2000122070312,524.1099853515625,521.9099731445312,523.3900146484375,60256100,0.003304572236358272,0.003299124136652209,1.9965802485921018
2024-03-22,510.2163391113281,521.2100219726562,522.6099853515625,520.969970703125,522.1099853515625,79070800,-0.0018957615893090418,-0.0018975608196115247,1.9908994468575387
2024-03-25,508.8067321777344,519.77001953125,520.9500122070312,519.6099853515625,519.7999877929688,48512100,-0.002762763215401809,-0.002766586689553554,1.982636299884795
2024-03-26,507.8668823242188,518.8099975585938,521.5800170898438,518.4000244140625,521.22998046875,65463700,-0.0018471647367811483,-0.001848872849331168,1.9771268792890044
2024-03-27,512.135009765625,523.1699829101562,523.2100219726562,519.489990234375,521.7100219726562,82999800,0.008404027885955845,0.00836891065720437,2.002146736602578
2024-03-28,512.0371704101562,523.0700073242188,524.6099853515625,522.780029296875,523.2100219726562,96294900,-0.00019104211507336988,-0.0001910603659427292,2.0015732001402564
2024-04-01,511.1461791992188,522.1599731445312,524.3800048828125,520.969970703125,523.8300170898438,62477500,-0.0017400908809486193,-0.0017416065976640297,1.9963501899861926
2024-04-02,507.8963317871094,518.8400268554688,518.97998046875,516.47998046875,518.239990234375,74230300,-0.006357960881563818,-0.006378258796153631,1.9772995126907942
2024-04-03,508.4542541503906,519.4099731445312,520.9500122070312,517.6699829101562,517.719970703125,59155800,0.0010984965402647262,0.0010978936344264968,1.9805700659048169
2024-04-04,502.2480163574219,513.0700073242188,523.8699951171875,512.760009765625,523.52001953125,96858100,-0.01220608883160823,-0.012281194927418812,1.94418896291155
2024-04-05,507.4949645996094,518.4299926757812,520.4400024414062,514.010009765625,514.4600219726562,74546500,0.010446926759893005,0.010392734720612543,1.9749466893743723
2024-04-08,507.77880859375,518.719970703125,520.1799926757812,517.8900146484375,519.1500244140625,48401800,0.0005593040600206933,0.0005591477078011532,1.9766105891360843
2024-04-09,508.3661804199219,519.3200073242188,520.75,514.3499755859375,520.5,68049200,0.001156747418819215,0.0011560789020108062,1.9800537757518972
2024-04-10,503.27581787109375,514.1199951171875,516.1599731445312,512.0900268554688,513.47998046875,82652800,-0.010013180940996791,-0.010063650023949556,1.9502139580813926
2024-04-11,507.0740051269531,518.0,519.47998046875,512.0800170898438,515.6799926757812,70099000,0.0075469297768488985,0.007518594177538112,1.9724790156497125
2024-04-12,500.0748291015625,510.8500061035156,515.8200073242188,509.0799865722656,514.3699951171875,92561100,-0.01380306612964366,-0.01389921423126161,1.9314496912277215
2024-04-15,493.8098449707031,504.4500122070313,515.2999877929688,503.5799865722656,515.1300048828125,92101400,-0.012528093329782442,-0.012607231553090771,1.8947242159044588
2024-04-16,492.90924072265625,503.5299987792969,506.5,502.2099914550781,504.9400024414063,73484000,-0.0018237875514618418,-0.0018254526768428996,1.889444853914577
2024-04-17,489.9920654296875,500.5499877929688,506.2200012207031,499.1199951171875,506.0499877929688,75910300,-0.005918280794841357,-0.005935863224784867,1.872344307927901
2024-04-18,488.98382568359375,499.5199890136719,504.1300048828125,498.55999755859375,501.9800109863281,74548100,-0.002057665454663238,-0.00205978535675696,1.8664339842715791
2024-04-19,484.7157897949219,495.1600036621094,500.4599914550781,493.8599853515625,499.4400024414063,102212600,-0.008728378454451402,-0.008766693866882003,1.8414146636421558
2024-04-22,489.1795959472656,499.7200012207031,502.3800048828125,495.4299926757813,497.8299865722656,67961000,0.009209120574001473,0.009166975173577011,1.8675815938803724
2024-04-23,494.9845275878906,505.6499938964844,506.0899963378906,499.5299987792969,501.7799987792969,64633600,0.011866667556695853,0.011796810759102374,1.901610231346651
2024-04-24,494.7495727539063,505.4100036621094,507.3699951171875,503.1300048828125,506.55999755859375,55928100,-0.00047467106725396224,-0.0004747837592274968,1.9002329209213826
2024-04-25,492.8700866699219,503.489990234375,504.2699890136719,497.489990234375,499.1799926757813,69122400,-0.003798863480614534,-0.003806097488971743,1.8892153319928182
2024-04-26,497.5394592285156,508.260009765625,509.8800048828125,505.7000122070313,506.3500061035156,64306100,0.00947384043966304,0.009429245051801026,1.9165872970439461
2024-04-29,499.3014831542969,510.05999755859375,510.75,507.25,510.0899963378906,46415400,0.0035414757424736543,0.0035352194838308465,1.926916320207234
2024-04-30,491.3919677734375,501.9800109863281,509.55999755859375,501.9800109863281,508.55999755859375,77483600,-0.015841161397902592,-0.01596797361331191,1.880550566380676
2024-05-01,489.7962646484375,500.3500061035156,508.1900024414063,499.8699951171875,501.3800048828125,80242800,-0.003247312185891693,-0.003252596146321646,1.871196519424391
2024-05-02,494.3775634765625,505.0299987792969,505.8900146484375,499.5499877929688,504.1499938964844,62550200,0.009353478494600775,0.009310005586319241,1.8980521943225996
2024-05-03,500.5055847167969,511.2900085449219,512.5499877929688,508.55999755859375,511.1600036621094,72756700,0.012395427488943733,0.012319233172255301,1.9339747901564999
2024-05-06,505.6742248535156,516.5700073242188,516.6099853515625,513.2999877929688,513.75,47264700,0.010326838090414903,0.01027388057502899,1.964273472775805
2024-05-07,506.2321472167969,517.1400146484375,518.5700073242188,516.4500122070312,517.5599975585938,52561300,0.0011033237128961204,0.001102715498618782,1.9675440259898278
2024-05-08,506.2811279296875,517.1900024414062,517.739990234375,515.1400146484375,515.260009765625,42047200,9.675543751996862e-05,9.675075701453092e-05,1.9678311520104224
2024-05-09,509.1982116699219,520.1699829101562,520.2100219726562,516.7100219726562,517.3800048828125,43643700,0.005761786444940409,0.005745250839436327,1.984931161312948
2024-05-10,509.8541259765625,520.8400268554688,522.6400146484375,519.5900268554688,521.8099975585938,52233200,0.001288131599067377,0.0012873026693298176,1.988776145462876
2024-05-13,509.9225769042969,520.9099731445312,522.6699829101562,519.739990234375,522.5599975585938,36716400,0.00013425590624227546,0.00013424689472465228,1.9891774063128405
2024-05-14,512.26220703125,523.2999877929688,523.8300170898438,520.5599975585938,521.1099853515625,57535900,0.004588206588452826,0.004577712854639892,2.0028923697825394
2024-05-15,518.6056518554688,529.780029296875,530.0800170898438,525.1799926757812,525.8300170898438,59504900,0.012383198949970087,0.012307154282430883,2.0400777834229036
2024-05-16,517.5385131835938,528.6900024414062,531.52001953125,528.5399780273438,529.8800048828125,50244800,-0.002057707369861883,-0.002059827358381778,2.033822192963001
2024-05-17,518.2825317382812,529.4500122070312,529.52001953125,527.3200073242188,528.8099975585938,59187600,0.0014376100246351609,0.001436577652657454,2.038183646160565
2024-05-20,518.879638671875,530.0599975585938,531.5599975585938,529.1699829101562,529.5700073242188,37764200,0.0011520877070487767,0.0011514245632907216,2.0416839001910634
2024-05-21,520.1522216796875,531.3599853515625,531.52001953125,529.0700073242188,529.280029296875,33437000,0.0024525591543151926,0.0024495565395040416,2.04914380988501
2024-05-22,518.6544189453125,529.8300170898438,531.3800048828125,527.5999755859375,530.6500244140625,48390000,-0.002879546932508026,-0.002883700803871091,2.04036365718048
2024-05-23,514.8662109375,525.9600219726562,533.0700073242188,524.719970703125,532.9600219726562,57211200,-0.007303915419280216,-0.0073307196062673274,2.0181570981845804
2024-05-24,518.272705078125,529.4400024414062,530.27001953125,526.8800048828125,527.8499755859375,41291100,0.006616270534479662,0.006594479082538437,2.0381260420617298
2024-05-28,518.6348266601562,529.8099975585938,530.510009765625,527.1099853515625,530.27001953125,36269600,0.0006987085726937181,0.0006984645895010909,2.0402488067722424
2024-05-29,515.003173828125,526.0999755859375,527.3099975585938,525.3699951171875,525.6799926757812,45190300,-0.007002331207524026,-0.007026962580731278,2.0189599776739433
2024-05-30,511.58685302734375,522.6099853515625,525.2000122070312,521.3300170898438,524.52001953125,46377600,-0.0066335917415557555,-0.006655691800652157,1.9989334296979582
2024-05-31,516.246337890625,527.3699951171875,527.5,518.3599853515625,523.5900268554688,90785800,0.00910790579489773,0.00906667895859568,2.0262474328608167
2024-06-03,516.6673583984375,527.7999877929688,529.3099975585938,522.5999755859375,529.02001953125,46835700,0.0008155418778035273,0.0008152095042237412,2.02871546437491
2024-06-04,517.244873046875,528.3900146484375,529.1500244140625,524.9600219726562,526.4600219726562,34632700,0.0011177687907897305,0.0011171445523810693,2.032100867997171
2024-06-05,523.3923950195312,534.6699829101562,534.6900024414062,528.72998046875,530.77001953125,47610400,0.011885128868351469,0.011815055399268958,2.0681377775551577
2024-06-06,523.3826293945312,534.6599731445312,535.4199829101562,532.6799926757812,534.97998046875,30808500,-1.865832421898972e-05,-1.8658498287686272e-05,2.0680805312457555
2024-06-07,522.7463989257812,534.010009765625,536.8900146484375,532.5399780273438,533.6599731445312,43224500,-0.0012156125041559163,-0.0012163519603582622,2.064350934188216
2024-06-10,524.3615112304688,535.6599731445312,535.989990234375,532.5700073242188,533.1799926757812,35686100,0.00308966701254465,0.003084903800058827,2.0738187581844376
2024-06-11,525.624267578125,536.9500122070312,537.010009765625,532.0499877929688,534.0700073242188,36383400,0.002408178938787975,0.0024052839227669026,2.081221063779549
2024-06-12,529.9412841796875,541.3599853515625,544.1199951171875,540.2999877929688,541.6300048828125,63251300,0.008213122695901465,0.008179578546675037,2.1065275104295664
2024-06-13,531.0083618164062,542.4500122070312,543.3300170898438,539.5900268554688,543.1500244140625,44760900,0.002013577104811759,0.0020115525756747247,2.1127827431000354
2024-06-14,531.3313598632812,542.780029296875,542.8099975585938,539.8499755859375,540.8800048828125,40089900,0.0006082729954950405,0.0006080880724618412,2.114676164783506
2024-06-17,535.5602416992188,547.0999755859375,548.530029296875,541.6099853515625,542.0800170898438,55839500,0.007959029252528227,0.00792752324031349,2.1394659634911704
2024-06-18,536.9208984375,548.489990234375,548.6199951171875,546.72998046875,547.1599731445312,41376400,0.0025406231313291894,0.002537401204362439,2.1474421633380367
2024-06-20,535.4622802734375,547.0,550.1199951171875,545.1799926757812,549.4400024414062,70328200,-0.0027166351101386432,-0.0027203318599642646,2.1388917114499817
2024-06-21,534.744384765625,544.510009765625,545.6500244140625,543.02001953125,544.4000244140625,64338600,-0.0013407022945591818,-0.001341601839985471,2.134683392130068
2024-06-24,533.0061645507812,542.739990234375,546.9500122070312,542.6199951171875,544.3300170898438,45528700,-0.0032505628191039637,-0.003255857375062279,2.124493906845947
2024-06-25,535.0587768554688,544.8300170898438,545.2000122070312,542.4400024414062,543.989990234375,37936200,0.003851010440784286,0.003843614282450837,2.1365263655033777
2024-06-26,535.7265625,545.510009765625,546.239990234375,543.030029296875,543.6900024414062,38550600,0.0012480603504083643,0.0012472821704989311,2.140440939698173
2024-06-27,536.5711669921875,546.3699951171875,546.9600219726562,544.6099853515625,545.3699951171875,35041500,0.0015765589226079957,0.0015753174582462952,2.1453920298825775
2024-06-28,534.4595336914062,544.219970703125,550.280029296875,542.9500122070312,547.1599731445312,76144500,-0.003935420743194751,-0.003943184888220466,2.133013588842698
2024-07-01,535.5595703125,545.3400268554688,545.8800048828125,542.52001953125,545.6300048828125,40297800,0.0020582224691474416,0.0020561072312040916,2.1394620278073986
2024-07-02,539.1636962890625,549.010009765625,549.010009765625,543.6500244140625,543.7000122070312,40434800,0.0067296453585163896,0.006707102376192651,2.160589493871071
2024-07-03,541.5698852539062,551.4600219726562,551.8300170898438,548.6500244140625,548.6900024414062,32789900,0.004462817102495853,0.004452888263685082,2.1746946267182876
2024-07-05,544.6928100585938,554.6400146484375,555.0499877929688,551.1199951171875,551.77001953125,41488400,0.005766429946937324,0.0057498677291812315,2.1930012808861767
2024-07-08,545.3213500976562,555.280029296875,556.25,554.1900024414062,555.4400024414062,36110500,0.0011539348922100512,0.0011532696210795176,2.196685796475063
2024-07-09,545.8516235351562,555.8200073242188,557.1799926757812,555.52001953125,556.260009765625,27289700,0.0009724054218764877,0.0009719329419940992,2.1997942710755907
2024-07-10,551.2529907226562,561.3200073242188,561.6699829101562,556.77001953125,557.0700073242188,38701200,0.009895302962586339,0.009846665046971233,2.2314572048058317
2024-07-11,546.4996948242188,556.47998046875,562.3300170898438,555.8300170898438,561.4400024414062,53054200,-0.008622712218225304,-0.008660102895753388,2.20359327928328
2024-07-12,549.9468383789062,559.989990234375,563.6699829101562,557.1500244140625,557.6300048828125,53084400,0.006307676998422274,0.006287866864174986,2.2238005109233154
2024-07-15,551.459228515625,561.530029296875,564.8400268554688,559.6300048828125,562.030029296875,40584300,0.0027500660630705998,0.0027462915499184156,2.232666175302515
2024-07-16,554.7294921875,564.8599853515625,565.1599731445312,562.0999755859375,562.8699951171875,36475300,0.005930200280948483,0.00591268585186646,2.2518365331635066
2024-07-17,546.9515380859375,556.9400024414062,560.510009765625,556.6099853515625,558.7999877929688,57119000,-0.014021165651191936,-0.014120390787582773,2.2062419944614233
2024-07-18,542.748291015625,552.6599731445312,559.52001953125,550.4299926757812,558.510009765625,56270400,-0.007684861962399481,-0.007714542673316327,2.181602467315939
2024-07-19,539.1441040039062,548.989990234375,554.0800170898438,547.9099731445312,552.4199829101562,65509100,-0.006640623418591285,-0.0066627704595080646,2.160474643462833
2024-07-22,544.70263671875,554.6500244140625,555.27001953125,551.02001953125,553.0,43346700,0.010309920248712245,0.010257135515202445,2.193058884985012
2024-07-23,543.8482055664062,553.780029296875,556.739990234375,553.280029296875,554.5399780273438,34439600,-0.0015686194535257103,-0.001569851025100615,2.1880501907017713
2024-07-24,531.5231323242188,541.22998046875,549.1699829101562,540.2899780273438,548.8599853515625,74515300,-0.022662708299922008,-0.02292345448129469,2.1158003391843865
2024-07-25,528.7537231445312,538.4099731445312,547.4600219726562,537.4500122070312,541.3499755859375,61158300,-0.005210326721957648,-0.005223947808373306,2.0995660014168496
2024-07-26,534.6757202148438,544.4400024414062,547.1900024414062,541.489990234375,542.280029296875,53763800,0.011199915596043386,0.011137660941349777,2.134280879017084
2024-07-29,534.989990234375,544.760009765625,547.0499877929688,542.719970703125,546.02001953125,39515800,0.0005877768667053029,0.0005876041935416669,2.136123136811527
2024-07-30,532.2794189453125,542.0,547.3400268554688,538.52001953125,546.260009765625,46853600,-0.0050665831857433785,-0.005079461837254913,2.120233708058137
2024-07-31,540.931396484375,550.8099975585938,553.5,547.5800170898438,548.97998046875,65663400,0.016254578387054686,0.0161238870476486,2.170951791451698
2024-08-01,533.2713623046875,543.010009765625,554.8699951171875,539.4299926757812,552.5700073242188,76428700,-0.014160823774459486,-0.014262044959268121,2.126048501935644
2024-08-02,523.3426513671875,532.9000244140625,536.989990234375,528.5999755859375,535.75,82789100,-0.01861849639663793,-0.018794002453846208,2.06784617916664
2024-08-05,508.1010437011719,517.3800048828125,523.5800170898438,510.2699890136719,511.6400146484375,146267400,-0.029123572531683073,-0.029556081952877955,1.9784995384516337
2024-08-06,512.7855834960938,522.1500244140625,529.75,517.8699951171875,519.219970703125,84826300,0.009219701185414264,0.009177459181037493,2.005960414177052
2024-08-07,509.3580322265625,518.6599731445312,531.5900268554688,518.0499877929688,528.469970703125,70698300,-0.006684180249691751,-0.006706619430077457,1.9858680329452545
2024-08-08,521.1329956054688,530.6500244140625,531.2899780273438,521.8400268554688,523.9099731445312,63276600,0.023117262581360043,0.022854106579648512,2.054893128296139
2024-08-09,523.4310302734375,532.989990234375,534.510009765625,528.5599975585938,529.8099975585938,45619600,0.004409689440790121,0.004399995248777396,2.0683642582667288
2024-08-12,523.7060546875,533.27001953125,535.72998046875,530.9500122070312,534.2100219726562,42542100,0.0005254262704272872,0.0005252882823773748,2.069976457455262
2024-08-13,532.3186645507812,542.0399780273438,542.280029296875,536.280029296875,536.530029296875,52333100,0.016445503706120856,0.01631174094828999,2.1204637666640465
2024-08-14,533.9981079101562,543.75,544.9600219726562,540.1199951171875,542.8499755859375,42446900,0.003154958620119608,0.0031499921813696744,2.1303087007234542
2024-08-15,543.1509399414062,553.0700073242188,553.3599853515625,548.8800048828125,549.5,60846800,0.017140195621797805,0.01699495970118479,2.18396280421047
2024-08-16,544.3687744140625,554.3099975585938,555.02001953125,551.260009765625,551.4199829101562,44430700,0.0022421658200344474,0.002239655917297435,2.1911017767823315
2024-08-19,549.573486328125,559.6099853515625,559.6099853515625,553.8599853515625,554.72998046875,39121800,0.009561003787670774,0.009515586650422857,2.2216119129569902
2024-08-20,548.6799926757812,558.7000122070312,560.8400268554688,557.3300170898438,559.1500244140625,33732300,-0.0016257946836436554,-0.0016271177220072795,2.2163742334361416
2024-08-21,550.5654907226562,560.6199951171875,562.1099853515625,554.72998046875,559.77001953125,41514600,0.0034364257345704807,0.003430534715830364,2.227427064623931
2024-08-22,546.2444458007812,556.219970703125,563.1799926757812,554.97998046875,562.5599975585938,56121500,-0.007848375887495873,-0.007879336489554675,2.2020970038712853
2024-08-23,552.0484619140625,562.1300048828125,563.0900268554688,557.2899780273438,559.530029296875,50639400,0.010625309159478347,0.01056925725838062,2.236120274496057
2024-08-26,550.7324829101562,560.7899780273438,563.9099731445312,559.0499877929688,563.1799926757812,35788600,-0.0023838106519552538,-0.002386656452032689,2.228405976514705
2024-08-27,551.4887084960938,561.5599975585938,562.0599975585938,558.3200073242188,559.489990234375,32693900,0.0013731268980929912,0.0013721850214660238,2.2328389875990218
2024-08-28,548.287109375,558.2999877929688,561.6500244140625,555.0399780273438,561.2100219726562,41066000,-0.0058053756527934874,-0.005822292349654396,2.214071142851013
2024-08-29,548.3362426757812,558.3499755859375,563.6799926757812,557.1799926757812,560.3099975585938,38715200,8.961235808957468e-05,8.960834314207098e-05,2.2143591633451916
2024-08-30,553.5706176757812,563.6799926757812,564.2000122070312,557.1400146484375,560.77001953125,62700100,0.009545921995703255,0.009500647578325971,2.2450431851846586
2024-09-03,542.1786499023438,552.0800170898438,560.8099975585938,549.510009765625,560.469970703125,60600100,-0.020579068703587944,-0.02079376839193913,2.178263218530634
2024-09-04,541.0689697265625,550.9500122070312,554.4299926757812,549.4600219726562,550.2000122070312,47224900,-0.002046705778586344,-0.002048803143139131,2.1717582488353986
2024-09-05,539.7530517578125,549.6099853515625,553.7999877929688,547.0999755859375,550.8900146484375,44264300,-0.0024320706645125645,-0.002435032952341408,2.16404430864348
2024-09-06,530.6688842773438,540.3599853515625,551.5999755859375,539.4400024414062,549.9400024414062,68493800,-0.01683022902952447,-0.016973466757812125,2.110792718269447
2024-09-09,536.6103515625,546.4099731445312,547.7100219726562,542.6799926757812,544.6500244140625,40445800,0.011196185533371317,0.011133972185551651,2.145621730699052
2024-09-10,538.9476318359375,548.7899780273438,549.1500244140625,543.3800048828125,548.3599853515625,36394600,0.004355637692474268,0.004346179357394965,2.159322919275551
2024-09-11,544.4766845703125,554.4199829101562,555.3599853515625,539.9600219726562,548.7000122070312,75248600,0.010258979551575731,0.010206713381958346,2.1917343485012237
2024-09-12,549.06298828125,559.0900268554688,559.4000244140625,552.739990234375,555.010009765625,51819600,0.008423324342266225,0.008388046113979735,2.2186193621330013
2024-09-13,551.9306030273438,562.010009765625,563.030029296875,559.4500122070312,559.7100219726562,39310500,0.0052227427586593045,0.005209151539453363,2.235429383099462
2024-09-16,552.7457275390625,562.8400268554688,563.1099853515625,559.9000244140625,561.739990234375,36656100,0.0014768605097230658,0.0014757710237877327,2.240207660987359
2024-09-17,552.9715576171875,563.0700073242188,566.5800170898438,560.7899780273438,565.0999755859375,49321000,0.0004085605132226888,0.0004084770751017805,2.24153148189228
2024-09-18,551.3316040039062,561.4000244140625,568.6900024414062,560.8300170898438,563.739990234375,59044900,-0.0029657106060716476,-0.0029701170400663716,2.231918037596517
2024-09-19,560.7396850585938,570.97998046875,572.8800048828125,568.0800170898438,571.010009765625,75315500,0.017064287601805672,0.016920328049693123,2.287068416495527
2024-09-20,559.7703857421875,568.25,569.3099975585938,565.1699829101562,567.8400268554688,77503100,-0.0017286083761041127,-0.0017301041435423634,2.281386362497946
2024-09-23,561.169189453125,569.6699829101562,570.3300170898438,568.0999755859375,569.3400268554688,44116900,0.0024988883773886528,0.0024957713474872893,2.2895861807409137
2024-09-24,562.77490234375,571.2999877929688,571.3599853515625,567.5999755859375,570.47998046875,46805700,0.002861370368871796,0.002857284441057367,2.298998905164336
2024-09-25,561.5336303710938,570.0399780273438,571.8900146484375,568.9099731445312,571.1400146484375,38428600,-0.0022056278051612033,-0.002208063784737316,2.2917225414499094
2024-09-26,563.7599487304688,572.2999877929688,574.7100219726562,569.9000244140625,574.3800048828125,48336000,0.003964710640578684,0.003956871887441299,2.3047732688358287
2024-09-27,562.9423217773438,571.469970703125,574.219970703125,570.4199829101562,573.3900146484375,42100900,-0.0014503104645270382,-0.0014513631827173794,2.2999803215811467
2024-09-30,565.1981811523438,573.760009765625,574.3800048828125,568.0800170898438,570.4199829101562,63557400,0.0040072655540939195,0.003999257851016601,2.3132042190530067
2024-10-01,560.1348876953125,568.6199951171875,574.0599975585938,566.0,573.4000244140625,72668800,-0.00895843905001259,-0.00899880713599165,2.2835230809963756
2024-10-02,560.371337890625,568.8599853515625,569.9000244140625,565.27001953125,567.7100219726562,38097800,0.0004221308126073353,0.00042204174046170894,2.2849091572627716
2024-10-03,559.3468017578125,567.8200073242188,569.7999877929688,565.489990234375,567.3599853515625,40846500,-0.0018283164457859602,-0.001829989856292628,2.278903303827635
2024-10-04,564.4298095703125,572.97998046875,573.3599853515625,568.0999755859375,572.3499755859375,42939100,0.009087399438999277,0.009046357480445397,2.308700007871371
2024-10-07,559.3270263671875,567.7999877929688,571.9600219726562,566.6300048828125,571.2999877929688,49964700,-0.009040598346514717,-0.00908171254128597,2.278787380051096
2024-10-08,564.6170043945312,573.1699829101562,573.780029296875,569.530029296875,570.4199829101562,37398700,0.009457755084180341,0.009413310529285552,2.3097973480647203
2024-10-09,568.5277709960938,577.1400146484375,577.7100219726562,572.5499877929688,573.1599731445312,37912200,0.006926405990475226,0.00690252863327686,2.332722348243615
2024-10-10,567.5328369140625,576.1300048828125,577.5800170898438,574.489990234375,575.77001953125,44138100,-0.0017500184384802164,-0.0017515515096106415,2.3268900226838536
2024-10-11,570.9312744140625,579.5800170898438,580.3300170898438,575.9099731445312,576.0499877929688,42268000,0.00598808963808839,0.005970232281506216,2.3468117383557465
2024-10-14,575.6005859375,584.3200073242188,585.27001953125,580.72998046875,581.219970703125,36217200,0.008178412591304474,0.008145150605481091,2.374183345617441
2024-10-15,571.1283569335938,579.780029296875,584.9000244140625,578.5399780273438,584.5900268554688,54203600,-0.007769674168455198,-0.0078000153497064136,2.347967040437365
2024-10-16,573.6107177734375,582.2999877929688,582.8300170898438,578.9600219726562,579.780029296875,30725400,0.004346414969082613,0.004336996588472615,2.3625186944979175
2024-10-17,573.6600341796875,582.3499755859375,586.1199951171875,582.1599731445312,585.9099731445312,34393700,8.597539188492931e-05,8.597169621274748e-05,2.3628077883603975
2024-10-18,575.8665771484375,584.5900268554688,585.3900146484375,582.5800170898438,584.0700073242188,37416800,0.0038464296574280965,0.0038390510616540087,2.375742591969777
2024-10-21,574.9208984375,583.6300048828125,584.8499755859375,580.5999755859375,583.8499755859375,36439000,-0.0016421837079351187,-0.0016435335696167444,2.3701990024830617
2024-10-22,574.6155395507812,583.3200073242188,584.5,580.3800048828125,581.0499877929688,34183800,-0.0005311320001563091,-0.000531273100721333,2.368408981945948
2024-10-23,569.364990234375,577.989990234375,581.7100219726562,574.4199829101562,581.260009765625,49314600,-0.00913749969329225,-0.009179502707757447,2.3376301459065343
2024-10-24,570.596435546875,579.239990234375,580.0599975585938,576.5700073242188,579.97998046875,34979900,0.0021628398893882572,0.0021605043182327255,2.3448489055221255
2024-10-25,570.3993530273438,579.0399780273438,584.4600219726562,578.0800170898438,581.510009765625,47268200,-0.0003453973899124607,-0.0003454570533297278,2.3436936034405065
2024-10-28,572.1626586914062,580.8300170898438,582.7100219726562,580.52001953125,582.5800170898438,30174700,0.0030913528472706897,0.003086584440748128,2.3540301401819033
2024-10-29,573.088623046875,581.77001953125,582.9099731445312,578.4299926757812,579.8499755859375,42899700,0.0016183585933178257,0.0016170504622095147,2.3594581636815137
2024-10-30,571.35498046875,580.010009765625,583.3200073242188,579.2899780273438,581.2899780273438,41435800,-0.0030250863625732594,-0.0030296711849809445,2.3492955126049253
2024-10-31,560.1546020507812,568.6400146484375,575.6300048828125,568.4400024414062,575.5599975585938,60182500,-0.019603186811778084,-0.01979787785547197,2.283638646983481
2024-11-01,562.5187377929688,571.0399780273438,575.5499877929688,570.6199951171875,571.3200073242188,45667500,0.004220505791672879,0.004211624437539286,2.2974972629108357
2024-11-04,561.30712890625,569.8099975585938,572.5,567.8900146484375,571.1799926757812,38217000,-0.0021538996042558267,-0.0021562225822487615,2.2903947848612174
2024-11-05,568.0942993164062,576.7000122070312,576.739990234375,570.52001953125,570.739990234375,39478300,0.012091723159443069,0.012019202291168554,2.3301813276850343
2024-11-06,582.2203369140625,591.0399780273438,591.9299926757812,585.3900146484375,589.2000122070312,68182000,0.024865656308564077,0.024561536984304518,2.412988472024448
2024-11-07,586.7221069335938,595.6099853515625,596.6500244140625,593.0,593.0800170898438,47233200,0.007732072780885613,0.007702333505266537,2.4393779472904646
2024-11-08,589.2637329101562,598.1900024414062,599.6400146484375,596.1699829101562,596.1699829101562,46444900,0.004331907638261523,0.004322551935331229,2.4542770148912005
2024-11-11,589.8250732421875,598.760009765625,600.1699829101562,597.0,599.8099975585938,37586800,0.0009526130672576905,0.0009521596193804685,2.457567604313514
2024-11-12,587.992919921875,596.9000244140625,599.2899780273438,594.3699951171875,598.6799926757812,43006100,-0.003106265575048228,-0.0031111000319601215,2.446827481090833
2024-11-13,588.2785034179688,597.1900024414062,599.22998046875,594.9600219726562,597.3699951171875,47388600,0.00048569206604009985,0.00048557415582575156,2.4485015778514074
2024-11-14,584.4957885742188,593.3499755859375,597.8099975585938,592.6500244140625,597.3200073242188,38904100,-0.006430142903016134,-0.006450905323302074,2.4263272199045463
2024-11-15,577.0091552734375,585.75,590.2000122070312,583.8599853515625,589.719970703125,75988800,-0.012808703582011582,-0.012891442302224259,2.382440410169811
2024-11-18,579.3734741210938,588.1500244140625,589.489990234375,585.3400268554688,586.219970703125,37001700,0.004097541305970731,0.004089169245709974,2.396300099465466
2024-11-19,581.4913940429688,590.2999877929688,591.0399780273438,584.030029296875,584.7100219726562,49412000,0.0036555348431992485,0.0036488696140839624,2.4087153928170233
2024-11-20,581.6884155273438,590.5,590.7899780273438,584.6300048828125,590.3800048828125,50032600,0.0003388209806600706,0.0003387635937938198,2.4098703371092087
2024-11-21,584.8110961914062,593.6699829101562,595.1199951171875,587.4500122070312,593.4000244140625,46750300,0.005368304715560823,0.005353946730239371,2.428175560119363
2024-11-22,586.6235961914062,595.510009765625,596.1500244140625,593.1500244140625,593.6599731445312,38226400,0.0030992913982035297,0.0030944984951333902,2.4388004751443724
2024-11-25,588.613525390625,597.530029296875,600.8599853515625,595.2000122070312,599.52001953125,42441400,0.0033921738098128262,0.0033864333662932153,2.450465484053329
2024-11-26,591.68701171875,600.6500244140625,601.3300170898438,598.0700073242188,598.7999877929688,45621300,0.005221569324431297,0.005207984201247618,2.4684823287798707
2024-11-27,589.8941650390625,598.8300170898438,600.8499755859375,597.280029296875,600.4600219726562,34000200,-0.0030300592106620172,-0.003034659134449786,2.457972621952533
2024-11-29,593.55859375,602.5499877929688,603.3499755859375,599.3800048828125,599.6599731445312,30177400,0.006212010438677362,0.006192795436636507,2.4794535839767624
2024-12-02,594.6224365234375,603.6300048828125,604.3200073242188,602.469970703125,602.969970703125,31746000,0.0017923129824746198,0.0017907087061851583,2.4856898538072416
2024-12-03,594.898193359375,603.9099731445312,604.1599731445312,602.3400268554688,603.3900146484375,26906600,0.0004637511452640908,0.0004636436459357309,2.48730634646898
2024-12-04,598.5923461914062,607.6599731445312,607.9099731445312,604.9500122070312,605.6300048828125,42787600,0.006209722727800626,0.006190521846723386,2.508961551947452
2024-12-05,597.607177734375,606.6599731445312,608.47998046875,606.2999877929688,607.6599731445312,28762200,-0.001645808643059743,-0.001647164473934184,2.5031864726970925
2024-12-06,598.739990234375,607.8099975585938,609.0700073242188,607.02001953125,607.4400024414062,31241500,0.0018955804786258135,0.0018937861331433535,2.5098270445877233
2024-12-09,595.65673828125,604.6799926757812,607.8599853515625,604.0800170898438,607.6900024414062,34742700,-0.005149567430627222,-0.005162872148337357,2.4917529535517797
2024-12-10,593.8048095703125,602.7999877929688,605.7999877929688,602.1300048828125,605.3699951171875,37234500,-0.003109053573843834,-0.0031138967219160475,2.4808969065525597
2024-12-11,598.3953247070312,607.4600219726562,608.4299926757812,605.5,605.780029296875,28677700,0.007730680288764447,0.007700951696429787,2.5078066076552665
2024-12-12,595.31201171875,604.3300170898438,607.1599731445312,604.3300170898438,606.5800170898438,31543800,-0.005152635491914692,-0.005165956095348787,2.4897321588298893
2024-12-13,595.19384765625,604.2100219726562,607.1300048828125,602.8099975585938,606.4000244140625,35904700,-0.00019849097645252556,-0.00019851067839354023,2.4890394784861254
2024-12-16,597.7352294921875,606.7899780273438,607.780029296875,605.2100219726562,606.0,43695200,0.004269838886851618,0.0042607489905343915,2.503937114929126
2024-12-17,595.2725830078125,604.2899780273438,605.1699829101562,602.8900146484375,604.1900024414062,55773500,-0.00411996208834331,-0.004128472515281954,2.4895010268556788
2024-12-18,577.5314331054688,586.280029296875,606.4099731445312,585.8900146484375,603.97998046875,108248700,-0.029803405042948095,-0.030256552807099355,2.3855020143545156
2024-12-19,577.35400390625,586.0999755859375,593.0,585.8499755859375,591.3599853515625,85919500,-0.0003072199867367731,-0.00030726718846468874,2.384461920470568
2024-12-20,584.2886962890625,591.1500244140625,595.75,580.9099731445312,581.77001953125,125716700,0.012011161845062013,0.011939600295617407,2.4251132403557896
2024-12-23,587.78759765625,594.6900024414062,595.2999877929688,587.6599731445312,590.8900146484375,57635800,0.005988309185869456,0.005970450522417187,2.445623877435655
2024-12-24,594.3207397460938,601.2999877929688,601.3400268554688,595.469970703125,596.0599975585938,33160100,0.011114800849650663,0.011053485371888884,2.4839213006361534
2024-12-26,594.3604125976562,601.3400268554688,602.47998046875,598.0800170898438,599.5,41219100,6.67532679061722e-05,6.675104000592999e-05,2.484153863768099
2024-12-27,588.103759765625,595.010009765625,597.780029296875,590.760009765625,597.5399780273438,64969300,-0.010526698446631899,-0.010582496058590764,2.447477226702545
2024-12-30,581.392578125,588.219970703125,591.739990234375,584.4099731445312,587.8900146484375,56578800,-0.01141156050983183,-0.01147717199702405,2.4081361317237615
2024-12-31,579.2774047851562,586.0800170898438,590.6400146484375,584.4199829101562,589.9099731445312,57052700,-0.0036381154824253192,-0.0036447495197072218,2.3957369388967242
2025-01-02,577.8541870117188,584.6400146484375,591.1300048828125,580.5,589.3900146484375,50204000,-0.0024568846664497768,-0.002459907760192124,2.3873940048802518
2025-01-03,585.079345703125,591.9500122070312,592.5999755859375,586.4299926757812,587.530029296875,37888500,0.0125034288126733,0.01242590647447568,2.4297480446807485
2025-01-06,588.44970703125,595.3599853515625,599.7000122070312,593.5999755859375,596.27001953125,47679400,0.005760520095055899,0.00574399174339708,2.4495051772131107
2025-01-07,581.7978515625,588.6300048828125,597.75,586.780029296875,597.4199829101562,60393100,-0.011304033954420367,-0.011368410146461307,2.410511853563945
2025-01-08,582.6478881835938,589.489990234375,590.5800170898438,585.2000122070312,588.7000122070312,47304700,0.0014610514954822573,0.0014599851982298052,2.4154947870079546
2025-01-10,573.7522583007812,580.489990234375,585.9500122070312,578.5499877929688,585.8800048828125,73105000,-0.015267591393053226,-0.015385341106932713,2.3633484081948137
2025-01-13,574.6419067382812,581.3900146484375,581.75,575.3499755859375,575.77001953125,47910100,0.0015505794088459535,0.0015493785018352317,2.3685635469813353
2025-01-14,575.4325561523438,582.1900024414062,585.0,578.3499755859375,584.3599853515625,48420600,0.0013758993292889432,0.0013749536471496686,2.373198351306294
2025-01-15,585.8997192382812,592.780029296875,593.9400024414062,589.2000122070312,590.3300170898438,56900200,0.018190078010056787,0.018026617801079305,2.4345570924599507
2025-01-16,584.77294921875,591.6400146484375,594.3499755859375,590.9299926757812,594.1699829101562,43319700,-0.0019231448361097803,-0.0019249964534732006,2.4279519417232622
2025-01-17,590.64404296875,597.5800170898438,599.3599853515625,595.6099853515625,596.9600219726562,58070600,0.010039954409388763,0.009989888891915544,2.4623684229357394
2025-01-21,596.0504150390625,603.0499877929688,603.0599975585938,598.6699829101562,600.6699829101562,42532900,0.009153350710418673,0.009111712687883347,2.4940606953995497
2025-01-22,599.401123046875,606.4400024414062,607.8200073242188,605.3599853515625,605.9199829101562,48196000,0.005621517783177543,0.005605776019599255,2.51370261973424
2025-01-23,602.6727294921875,609.75,609.75,605.52001953125,605.7999877929688,41152100,0.005458125317954421,0.005443283732291646,2.532880848962774
2025-01-24,600.9132690429688,607.969970703125,610.780029296875,606.7999877929688,609.8099975585938,34604700,-0.0029194293405332417,-0.0029236991867382274,2.522566852955704
2025-01-27,592.4132080078125,599.3699951171875,599.6900024414062,594.6400146484375,594.8099975585938,70361100,-0.014145237712413494,-0.014246235140368876,2.4727393074627773
2025-01-28,597.5034790039062,604.52001953125,605.3699951171875,597.25,600.6199951171875,44433300,0.008592433334178251,0.008555728484992125,2.5025785884491314
2025-01-29,594.8248901367188,601.8099975585938,604.1300048828125,599.219970703125,603.719970703125,37177400,-0.004482967817447614,-0.004493046450411674,2.4868766413590326
2025-01-30,598.017333984375,605.0399780273438,606.5999755859375,600.719970703125,603.9600219726562,39281300,0.005367031374430953,0.005352680187490541,2.505590817691977
2025-01-31,594.834716796875,601.8200073242188,609.9600219726562,601.0499877929688,607.5,66566900,-0.005321948055076242,-0.005336160066778462,2.486934245457868
2025-02-03,590.8317260742188,597.77001953125,600.2899780273438,590.489990234375,592.6699829101562,65857200,-0.006729584890760809,-0.00675233065094492,2.463468625444558
2025-02-04,594.795166015625,601.780029296875,602.2999877929688,597.280029296875,597.8300170898438,33457800,0.006708238177630221,0.006685838068947793,2.4867023979047898
2025-02-05,597.2068481445312,604.219970703125,604.3699951171875,598.5800170898438,600.6400146484375,30653100,0.004054643122037183,0.0040464452088837585,2.500839731801045
2025-02-06,599.2825927734375,606.3200073242188,606.4500122070312,602.6300048828125,605.989990234375,35771500,0.003475754900258421,0.0034697284245262115,2.513007792653872
2025-02-07,593.7969970703125,600.77001953125,608.1300048828125,600.0499877929688,606.8900146484375,50788500,-0.009153604274968252,-0.009195755934160785,2.4808511095050387
2025-02-10,597.82958984375,604.8499755859375,605.5,602.739990234375,604.030029296875,26048700,0.006791197653968517,0.006768241346454524,2.504490257393723
2025-02-11,598.2843017578125,605.3099975585938,605.8599853515625,602.4299926757812,602.5499877929688,30056700,0.000760604563218914,0.0007603154501593059,2.5071557886752527
2025-02-12,596.3568115234375,603.3599853515625,604.5499877929688,598.510009765625,599.2000122070312,45076100,-0.0032216961546740475,-0.0032268969910777814,2.495856798357035
2025-02-13,602.6528930664062,609.72998046875,609.9400024414062,603.2000122070312,604.47998046875,40921300,0.010557574628660582,0.010502232615151727,2.5327645673968
2025-02-14,602.623291015625,609.7000122070312,610.989990234375,609.0700073242188,609.9400024414062,26910400,-4.911956969233522e-05,-4.9120776097904175e-05,2.5325910395214253
2025-02-18,604.3924560546875,611.489990234375,611.489990234375,608.3800048828125,610.8800048828125,26749000,0.0029357727546190926,0.00293147178950035,2.542961924048464
2025-02-19,605.8158569335938,612.9299926757812,613.22998046875,609.5599975585938,610.0800170898438,31011100,0.002355093722045787,0.0023523248352990468,2.551305931433238
2025-02-20,603.2953491210938,610.3800048828125,611.6799926757812,607.02001953125,611.5399780273438,36554000,-0.004160518057843232,-0.00416919709432158,2.536530658976584
2025-02-21,592.9765625,599.9400024414062,610.2999877929688,599.469970703125,610.1599731445312,76519800,-0.017104038073767036,-0.017252001744136682,2.476041703936404
2025-02-24,590.2783203125,597.2100219726562,603.030029296875,596.489990234375,602.02001953125,50737200,-0.004550335305200215,-0.004560719594200538,2.4602245486486343
2025-02-25,587.3427124023438,594.239990234375,597.8900146484375,589.5599975585938,597.1500244140625,58266500,-0.004973260594429596,-0.004985668410195072,2.443015950252962
2025-02-26,587.6392211914062,594.5399780273438,599.5800170898438,591.8599853515625,595.9299926757812,43321600,0.0005048309663189254,0.000504703582036532,2.4447540913221797
2025-02-27,578.2593994140625,585.0499877929688,598.02001953125,584.6500244140625,596.8499755859375,74196700,-0.015961871568624497,-0.016090634274714303,2.389769368931001
2025-02-28,587.283447265625,594.1799926757812,594.719970703125,582.4400024414062,585.5599975585938,88744100,0.015605535959651196,0.015485021758747877,2.442668536712778
2025-03-03,576.9942626953125,583.77001953125,597.3400268554688,579.9000244140625,596.1799926757812,74249200,-0.01751996351713747,-0.017675254546568674,2.382353109547973
2025-03-04,570.1644897460938,576.8599853515625,585.3900146484375,572.25,579.7100219726562,109648200,-0.011836812583395306,-0.011907425423236287,2.3423168296993895
2025-03-05,576.29248046875,583.0599975585938,584.8800048828125,573.0800170898438,576.6900024414062,71230500,0.01074775934465011,0.010690412711799381,2.3782392466385724
2025-03-06,566.0625610351562,572.7100219726562,580.1699829101562,570.1199951171875,575.47998046875,80094900,-0.017751263083066515,-0.017910706452327,2.3182712330139505
2025-03-07,569.2353515625,575.9199829101562,577.3900146484375,565.6300048828125,570.9000244140625,81158800,0.0056050174410786635,0.005589367781332441,2.3368702011492233
2025-03-10,554.0734252929688,560.5800170898438,569.5399780273438,555.5900268554688,567.5900268554688,99326600,-0.026635602001725878,-0.02699675714556458,2.2479906545399935
2025-03-11,549.467529296875,555.9199829101562,564.02001953125,552.02001953125,559.4000244140625,88102100,-0.00831278994053608,-0.008347533858740349,2.2209907904999784
2025-03-12,552.38330078125,558.8699951171875,563.1099853515625,553.6900024414062,562.1699829101562,69588200,0.005306540111853719,0.0052925100400799206,2.238083107329678
2025-03-13,545.0196533203125,551.4199829101562,559.1099853515625,549.6799926757812,558.489990234375,74079400,-0.013330684418813687,-0.013420335625082713,2.1949172433039745
2025-03-14,556.2775268554688,562.8099975585938,563.8300170898438,551.489990234375,556.1099853515625,62660300,0.020655903812958343,0.020445463586531112,2.2609111465720235
2025-03-17,560.5671997070312,567.1500244140625,569.7100219726562,562.3499755859375,562.7899780273438,49008700,0.007711389808988445,0.007681809017944709,2.2860573035557157
2025-03-18,554.50830078125,561.02001953125,565.02001953125,559.0599975585938,564.7999877929688,66041400,-0.010808514891609389,-0.010867351228382869,2.250539904255552
2025-03-19,560.5474243164062,567.1300048828125,570.9500122070312,561.6300048828125,562.8300170898438,66556000,0.010890952446785285,0.01083207313958942,2.285941379779177
2025-03-20,558.9264526367188,565.489990234375,570.5700073242188,562.5999755859375,563.3300170898438,62958200,-0.0028917654588535013,-0.0028959546907212294,2.2764392079973144
2025-03-21,559.11083984375,563.97998046875,564.8900146484375,558.030029296875,559.280029296875,83763000,0.00032989529509896975,0.0003298408916107465,2.2775200898767105
2025-03-24,569.1236572265625,574.0800170898438,575.1500244140625,570.2000122070312,570.7999877929688,58766800,0.017908465851977917,0.017749998419641685,2.336215446485439
2025-03-25,570.49169921875,575.4600219726562,576.4099731445312,573.6900024414062,575.2999877929688,38355700,0.002403769329945238,0.002400884897864291,2.3442349388537904
2025-03-26,563.6810913085938,568.5900268554688,576.3300170898438,567.1900024414062,575.1900024414062,51848300,-0.011938136732721816,-0.012009968551490058,2.3043110048874085
2025-03-27,562.18408203125,567.0800170898438,570.9000244140625,564.9400024414062,567.1799926757812,42164200,-0.0026557734513826814,-0.0026593062739991595,2.295535503445517
2025-03-28,550.8626708984375,555.6599731445312,566.27001953125,555.0700073242188,565.530029296875,71662700,-0.020138263417040614,-0.020343802390390308,2.2291691413769215
2025-03-31,554.5604858398438,559.3900146484375,560.7100219726562,546.8699951171875,549.8300170898438,95328200,0.006712770962271408,0.0066903406390715955,2.250845814221419
2025-04-01,556.1268310546875,560.969970703125,562.9400024414062,553.6799926757812,557.4500122070312,54609600,0.002824480385528405,0.0028204990358717294,2.2600277644600646
2025-04-02,559.646240234375,564.52001953125,567.4199829101562,554.8099975585938,555.0499877929688,76014500,0.006328429025826754,0.006308488602345241,2.280658618789675
2025-04-03,532.06640625,536.7000122070312,547.969970703125,536.7000122070312,545.1099853515625,125986000,-0.04928083493033886,-0.0505365649167312,2.1189850229343077
2025-04-04,500.9176330566406,505.2799987792969,525.8699951171875,505.05999755859375,523.6699829101562,217965100,-0.0585430179907348,-0.060326622837697116,1.936390226623832
2025-04-07,500.025390625,504.3800048828125,523.1699829101562,481.7999877929688,489.1900024414063,256611400,-0.001781215858176255,-0.0017828041094353998,1.931159881786376
2025-04-08,492.1936340332031,496.4800109863281,524.97998046875,489.1600036621094,521.8599853515625,165816600,-0.015662717811204874,-0.015786674208856086,1.8852499516984311
2025-04-09,543.8834838867188,548.6199951171875,548.6199951171875,493.0499877929688,493.4400024414063,241867300,0.10501933848666689,0.0998628357094885,2.188256992994488
2025-04-10,520.0509643554688,524.5800170898438,533.5,509.3200073242188,532.1699829101562,162331200,-0.04381916391528795,-0.04480822473463276,2.0485502372143993
2025-04-11,529.3301391601562,533.9400024414062,536.4299926757812,520.0700073242188,523.010009765625,97866300,0.017842818186459386,0.017685503639698768,2.1029449648293035
2025-04-14,534.4654541015625,539.1199951171875,544.280029296875,533.8599853515625,544.0499877929688,68034000,0.00970153513184413,0.009654777411100705,2.1330482944177738
2025-04-15,532.968505859375,537.6099853515625,543.22998046875,536.8099975585938,539.6699829101562,56892900,-0.002800832552786514,-0.0028047622235626134,2.1242731507653163
2025-04-16,521.1216430664062,525.6599731445312,537.8900146484375,520.2899780273438,531.6799926757812,83484800,-0.02222807288371853,-0.022478839501036355,2.05482657946146
2025-04-17,521.8651733398438,526.4099731445312,531.1699829101562,523.9099731445312,527.6400146484375,79868100,0.0014267883196374953,0.0014257714243309462,2.0591851703435538
2025-04-21,509.4433898925781,513.8800048828125,521.7000122070312,508.4599914550781,521.1599731445312,69368100,-0.023802667972205205,-0.02409052855085906,1.986368401468372
2025-04-22,522.6979370117188,527.25,529.2999877929688,519.1900024414062,520.1400146484375,75948100,0.026017703599874986,0.025685001570350887,2.0640668493778085
2025-04-23,530.79736328125,535.4199829101562,545.4299926757812,533.8800048828125,540.4299926757812,90590700,0.015495424213525677,0.015376596083813428,2.1115458650275185
2025-04-24,541.9701538085938,546.6900024414062,547.4299926757812,535.4500122070312,536.719970703125,64150400,0.021049069381725127,0.02083059814689945,2.1770410098249027
2025-04-25,545.8860473632812,550.6400146484375,551.0499877929688,543.6900024414062,546.6500244140625,61119600,0.007225293730972693,0.00719931635063967,2.1999960643162337
2025-04-28,546.09423828125,550.8499755859375,553.5499877929688,545.02001953125,551.3900146484375,47613800,0.00038138164361289917,0.00038130893611947156,2.2012164840747976
2025-04-29,549.5342407226562,554.3200073242188,555.4500122070312,548.5499877929688,548.9099731445312,47775100,0.0062992835306834305,0.00627952597307851,2.2213818543510824
2025-04-30,549.7523193359375,554.5399780273438,556.52001953125,541.52001953125,547.5700073242188,93101500,0.0003968426298504024,0.000396763908639902,2.2226602359979153
2025-05-01,553.6483764648438,558.469970703125,564.0700073242188,557.8599853515625,560.3699951171875,63186100,0.007086931681547837,0.007061937400249664,2.2454990089232734
2025-05-02,561.8668212890625,566.760009765625,568.3800048828125,562.3800048828125,564.72998046875,60717300,0.014844159530811085,0.014735063297608299,2.2936757139688195
2025-05-05,558.6448364257812,563.510009765625,566.6500244140625,561.7000122070312,562.5700073242188,38659200,-0.005734428055191421,-0.005750933015668759,2.274788367549934
2025-05-06,553.9755859375,558.7999877929688,563.3499755859375,556.9600219726562,557.9299926757812,48264700,-0.008358173536795244,-0.008393298928914135,2.2474171180776734
2025-05-07,556.3052978515625,561.1500244140625,563.8200073242188,556.0399780273438,560.1500244140625,55588000,0.004205441490927608,0.004196623336038943,2.2610739407643856
2025-05-08,560.1815795898438,565.0599975585938,570.3099975585938,561.7000122070312,565.239990234375,65130800,0.006967903691105226,0.006943740031944981,2.283796789913205
2025-05-09,559.4677124023438,564.3400268554688,567.5,562.760009765625,566.47998046875,37603400,-0.0012743496278879718,-0.001275162301868914,2.2796120846959194
2025-05-12,577.9567260742188,582.989990234375,583.0,577.0399780273438,581.469970703125,78993600,0.03304750794730138,0.03251317934842429,2.3879950911289733
2025-05-13,581.7734985351562,586.8400268554688,589.0800170898438,582.8400268554688,583.4099731445312,67947200,0.00660390698601776,0.006582196721572549,2.410369095579874
2025-05-14,582.5170288085938,587.5900268554688,588.97998046875,585.5399780273438,587.8099975585938,66283500,0.0012780408102288643,0.0012772248112518918,2.4147276864619682
2025-05-15,585.3622436523438,590.4600219726562,590.969970703125,585.0999755859375,585.5599975585938,71268100,0.004884346213138491,0.004872456494125475,2.4314063987062378
2025-05-16,589.0698852539062,594.2000122070312,594.5,589.280029296875,591.25,76052100,0.006333926797924105,0.006313951786054576,2.4531406756495713
2025-05-19,589.7142944335938,594.8499755859375,595.5399780273438,588.0999755859375,588.0999755859375,68168500,0.0010939435130175035,0.0010933455928335424,2.456918216491235
2025-05-20,587.7315673828125,592.8499755859375,594.0499877929688,589.5999755859375,593.0900268554688,60614500,-0.0033621824491902874,-0.003367847285640899,2.4452954267354623
2025-05-21,577.8278198242188,582.8599853515625,592.5800170898438,581.8200073242188,588.4400024414062,95197700,-0.016850800787671538,-0.01699439088910493,2.3872394398448673
2025-05-22,578.055908203125,583.0900268554688,586.6199951171875,581.4099731445312,582.6599731445312,70860400,0.0003947341596941545,0.00039465627266151393,2.3885764989588374
2025-05-23,574.1101684570312,579.1099853515625,581.8099975585938,575.5999755859375,575.97998046875,76029000,-0.006825879106329036,-0.006849281976691387,2.3654464854343966
2025-05-27,586.0463256835938,591.1500244140625,591.3099975585938,578.4299926757812,586.0700073242188,72588500,0.020790708617201226,0.020577531507012605,2.435416502679847
2025-05-28,582.6558227539062,587.72998046875,592.77001953125,586.989990234375,591.5599975585938,68445500,-0.005785383818817769,-0.0058021839800402215,2.4155412996343437
2025-05-29,584.9557495117188,590.0499877929688,593.2000122070312,586.0700073242188,593.0599975585938,69973300,0.003947316182205007,0.003939545970626472,2.42902352107738
2025-05-30,584.301513671875,589.3900146484375,591.1300048828125,583.239990234375,588.9299926757812,90601200,-0.0011184364635955513,-0.0011190623803994095,2.42518837613688
2025-06-02,587.5928344726562,592.7100219726562,592.7899780273438,585.0599975585938,587.760009765625,61630500,0.00563291506828012,0.005617109528593978,2.4444821713525196
2025-06-03,590.943603515625,596.0900268554688,597.0800170898438,591.8499755859375,592.3400268554688,63606200,0.005702535576316059,0.00568633767056446,2.4641244534766438
2025-06-04,590.7850341796875,595.9299926757812,597.9500122070312,595.489990234375,596.9600219726562,57314200,-0.00026833243476054314,-0.0002683684423497955,2.463194916527729
2025-06-05,587.9298706054688,593.0499877929688,599.0,591.0499877929688,597.6300048828125,92278700,-0.004832829894181656,-0.004844545779068661,2.446457884605756
2025-06-06,593.96728515625,599.1400146484375,600.8300170898438,596.8599853515625,598.6599731445312,66588700,0.010268936573274878,0.01021656924350796,2.4818493420252357
2025-06-09,594.5026245117188,599.6799926757812,601.25,598.489990234375,599.719970703125,53016400,0.000901294345408088,0.0009008884235446322,2.484987513148766
2025-06-10,597.873291015625,603.0800170898438,603.469970703125,599.0900268554688,600.219970703125,66247000,0.005669725186957297,0.005653712790524381,2.5047464346282973
2025-06-11,596.1681518554688,601.3599853515625,605.0599975585938,599.27001953125,604.1900024414062,73658200,-0.0028520075838471826,-0.0028560823067475356,2.494750871217276
2025-06-12,598.5374755859375,603.75,603.75,599.52001953125,600.010009765625,64129000,0.003974254114539111,0.0039663776285300606,2.5086398992465004
2025-06-13,591.845703125,597.0,601.8499755859375,595.47998046875,598.5,89506000,-0.011180206309365337,-0.011243174588052013,2.4694125813076537
2025-06-16,597.4767456054688,602.6799926757812,604.4500122070312,600.219970703125,600.4000244140625,79984100,0.009514375876577885,0.00946939926032261,2.502421876677143
2025-06-17,592.3712158203125,597.530029296875,601.75,596.760009765625,600.2100219726562,82209400,-0.008545152297069647,-0.008581871441050588,2.4724931483323482
2025-06-18,592.281982421875,597.4400024414062,601.219970703125,596.469970703125,598.4400024414062,76605000,-0.0001506376340618676,-0.00015064898104980205,2.4719700601801873
2025-06-20,590.8909912109375,594.280029296875,599.4600219726562,592.8599853515625,598.3800048828125,94051400,-0.0023485286607058953,-0.002351290779598664,2.463816038984741
2025-06-23,596.7274780273438,600.1500244140625,600.5399780273438,591.8900146484375,595.0399780273438,87426000,0.00987743408381525,0.009828971097108652,2.498029653588275
2025-06-24,603.3196411132812,606.780029296875,607.8499755859375,603.4099731445312,604.3300170898438,67735300,0.011047192108078807,0.010986617591926153,2.5366730591712208
2025-06-25,603.65771484375,607.1199951171875,608.6099853515625,605.5399780273438,607.9099731445312,62114800,0.000560355916550126,0.0005601989757992349,2.5386548548448307
2025-06-26,608.380615234375,611.8699951171875,612.3099975585938,608.3699951171875,608.989990234375,78548400,0.007823805236792936,0.0077933579784365695,2.5663406012293684
2025-06-27,611.4032592773438,614.9099731445312,616.3900146484375,610.8300170898438,612.8800048828125,86258400,0.0049683437757206406,0.004956042284317412,2.584059407357586
2025-06-30,614.3264770507812,617.8499755859375,619.219970703125,615.0399780273438,617.3800048828125,92502500,0.004781161580480697,0.004769768128973852,2.6011953744982046
2025-07-01,614.127685546875,617.6500244140625,618.8300170898438,615.52001953125,616.3599853515625,70030100,-0.0003235926031718295,-0.00032364497055568,2.60003005431244
2025-07-02,616.9117431640625,620.4500122070312,620.489990234375,616.6099853515625,617.239990234375,66510400,0.0045333530513420595,0.004523108356608195,2.616350261544081
2025-07-03,621.7738647460938,625.3400268554688,626.280029296875,622.4299926757812,622.4500122070312,51065800,0.007881389252041293,0.007850493332774558,2.644852125627031
2025-07-07,617.1403198242188,620.6799926757812,624.030029296875,617.8699951171875,623.3599853515625,74814500,-0.007452138445489531,-0.007480044354768176,2.6176901829735217
2025-07-08,616.8023681640625,620.3400268554688,622.1099853515625,619.52001953125,621.3499755859375,59024600,-0.0005476091081725309,-0.0005477591008009269,2.615709102878779
2025-07-09,620.5010986328125,624.0599975585938,624.719970703125,620.9099731445312,622.77001953125,66113300,0.005996621705197658,0.005978713525982097,2.6373911425647827
2025-07-10,622.2510375976562,625.8200073242188,626.8699951171875,623.010009765625,624.2000122070312,57529000,0.0028202028468595763,0.002816233535900975,2.6476493234201857
2025-07-11,620.0636596679688,623.6199951171875,624.8599853515625,621.530029296875,622.739990234375,63670200,-0.003515266022106389,-0.003521459087483901,2.6348268656930074
2025-07-14,621.246826171875,624.8099975585938,625.1599731445312,621.7999877929688,623.1599731445312,51898500,0.0019081371492402077,0.001906318968075333,2.6417626138664927
2025-07-15,618.592041015625,622.1400146484375,627.8599853515625,622.0599975585938,627.52001953125,74317300,-0.004273317857587777,-0.004282474576033581,2.6262002046555613
2025-07-16,620.66015625,624.219970703125,624.72998046875,618.0499877929688,623.739990234375,88987500,0.0033432619517372864,0.003337685676673967,2.638323541829168
2025-07-17,624.4583740234375,628.0399780273438,628.4000244140625,624.1799926757812,624.4000244140625,68885700,0.006119641699551259,0.006100992736924632,2.6605887782922046
2025-07-18,624.0010375976562,627.5800170898438,629.469970703125,626.4600219726562,629.2999877929688,65621600,-0.0007323729567987325,-0.0007326412728856199,2.6579078620650227
2025-07-21,625.1842651367188,628.77001953125,631.5399780273438,628.3400268554688,628.77001953125,63375000,0.00189619482624237,0.0018943993182298758,2.6648439680279417
2025-07-22,625.2737426757812,628.8599853515625,629.72998046875,626.1900024414062,629.0999755859375,60046300,0.00014312186670739635,0.0001431116257501564,2.665368487337837
2025-07-23,630.5932006835938,634.2100219726562,634.2100219726562,629.72998046875,631.5499877929688,70511000,0.008507406668075479,0.008471422627178921,2.6965512676479686
2025-07-24,630.802001953125,634.4199829101562,636.1500244140625,633.989990234375,634.5999755859375,71307100,0.0003311188089325512,0.00033106400119798415,2.69777526530087
2025-07-25,633.4667358398438,637.0999755859375,637.5800170898438,634.8400268554688,635.0900268554688,56865400,0.0042243586394272725,0.004215461085308543,2.7133959941895043
2025-07-28,633.3076782226562,636.9400024414062,638.0399780273438,635.5399780273438,637.47998046875,54917100,-0.0002510907174575472,-0.0002511222460095388,2.7124635949251195
2025-07-29,631.6372680664062,635.260009765625,638.6699829101562,634.3400268554688,638.3499755859375,60556300,-0.002637596564339706,-0.0026410811507953306,2.702671613701909
2025-07-30,630.841796875,634.4600219726562,637.6799926757812,631.5399780273438,635.9199829101562,80418900,-0.001259379760541024,-0.0012601734456689595,2.698008544011683
2025-07-31,628.475341796875,632.0800170898438,639.8499755859375,630.77001953125,639.4600219726562,103385200,-0.003751265515138158,-0.0037583191572022816,2.6841363320858456
2025-08-01,618.1743774414062,621.719970703125,626.3400268554688,619.2899780273438,626.2999877929688,140103600,-0.016390403362552375,-0.016526212041245922,2.6237518515603244
2025-08-04,627.570556640625,631.1699829101562,631.219970703125,625.5800170898438,625.6699829101562,73218000,0.015199884599081948,0.015085523744947264,2.6788324615197507
2025-08-05,624.3887939453125,627.969970703125,632.6099853515625,627.0399780273438,631.7899780273438,68051400,-0.005069968088280641,-0.005082863982803577,2.660180898337715
2025-08-06,629.17138671875,632.780029296875,633.4400024414062,628.1300048828125,629.0499877929688,64357500,0.0076596390258989455,0.007630452932776817,2.6882165627884724
2025-08-07,628.6444091796875,632.25,636.97998046875,629.1099853515625,636.239990234375,74205800,-0.0008375739109987013,-0.0008379248720111037,2.6851274088173676
2025-08-08,633.5462646484375,637.1799926757812,637.6500244140625,633.739990234375,634.0599975585938,64051600,0.007797501094690906,0.00776725769658214,2.7138621938216962
2025-08-11,632.29345703125,635.9199829101562,638.9500122070312,634.6599731445312,637.4600219726562,58742300,-0.0019774524562664597,-0.0019794101966930156,2.7065182079042884
2025-08-12,639.0248413085938,642.6900024414062,642.8499755859375,636.7899780273438,638.2899780273438,64730800,0.010645981233063928,0.010589711784880412,2.745977731185647
2025-08-13,641.2123413085938,644.8900146484375,646.1900024414062,642.6799926757812,644.9099731445312,60092800,0.0034231846065959637,0.003417338847114407,2.758800904491693
2025-08-14,641.27197265625,644.9500122070312,645.6199951171875,642.3400268554688,642.7899780273438,59327500,9.299781650273786e-05,9.299349247388215e-05,2.7591504647684792
2025-08-15,639.7705688476562,643.4400024414062,646.0900268554688,642.52001953125,645.989990234375,68592500,-0.002341290236613225,-0.002344035342162163,2.7503492024873566
2025-08-18,639.6314086914062,643.2999877929688,644.0,642.1799926757812,642.8599853515625,43804900,-0.00021751572051942336,-0.0002175393804947665,2.749533442578378
2025-08-19,636.1612548828125,639.8099975585938,644.1099853515625,638.47998046875,643.1199951171875,69750700,-0.005425239851328145,-0.005440009910012842,2.729191324321814
2025-08-20,634.470947265625,638.1099853515625,639.6599731445312,632.9500122070312,639.4000244140625,88890300,-0.0026570426982367445,-0.0026605789014711155,2.719282703743197
2025-08-21,631.9255981445312,635.5499877929688,637.969970703125,633.8099975585938,636.280029296875,54805800,-0.004011766231477476,-0.004019834952737739,2.7043618109870016
2025-08-22,641.6299438476562,645.3099975585938,646.5,637.25,637.760009765625,84083200,0.015356785247534033,0.015240063286831808,2.7612488997974953
2025-08-25,638.8060913085938,642.469970703125,645.2899780273438,642.3499755859375,644.0399780273438,51274300,-0.004401061026124697,-0.004410774204539882,2.7446954138550423
2025-08-26,641.4807739257812,645.1599731445312,645.510009765625,641.5700073242188,642.2000122070312,51581600,0.0041870023682906155,0.004178261264727741,2.7603744624213804
2025-08-27,642.9423828125,646.6300048828125,647.3699951171875,644.4199829101562,644.5700073242188,48341100,0.0022784921171898898,0.002275900290250719,2.76894244599169
2025-08-28,645.2192993164062,648.9199829101562,649.47998046875,645.3400268554688,647.239990234375,61519500,0.0035414005434608598,0.0035351445501909024,2.7822897808181977
2025-08-29,641.3713989257812,645.0499877929688,647.8400268554688,643.1400146484375,647.469970703125,74522200,-0.005963709384858351,-0.005981563318844179,2.7597333037560783
2025-09-02,636.6187133789062,640.27001953125,640.489990234375,634.9199829101562,637.5,81983500,-0.007410192526257298,-0.007437784394773553,2.7318729561278645
2025-09-03,640.06884765625,643.739990234375,644.2100219726562,640.4600219726562,642.6699829101562,70820900,0.005419467264843547,0.005404834795112946,2.7520977194501546
2025-09-04,645.418212890625,649.1199951171875,649.1500244140625,643.510009765625,644.4199829101562,65219200,0.008357484126844783,0.008322753728046323,2.78345581658283
2025-09-05,643.5488891601562,647.239990234375,652.2100219726562,643.3300170898438,651.47998046875,85178900,-0.002896298389375551,-0.00290050077776432,2.7724977995949875
2025-09-08,645.1298828125,648.8300170898438,649.8400268554688,647.22998046875,648.6199951171875,63133100,0.0024566799492218294,0.0024536672441945796,2.781765619297736
2025-09-09,646.6212768554688,650.3300170898438,650.8599853515625,647.219970703125,648.969970703125,66133900,0.0023117733075188607,0.0023091052707458,2.790508204111721
2025-09-10,648.4905395507812,652.2100219726562,654.5499877929688,650.6300048828125,653.6199951171875,78034500,0.0028908153230013944,0.0028866449516346563,2.8014658633101295
2025-09-11,653.8796997070312,657.6300048828125,658.3300170898438,653.5900268554688,654.1799926757812,69934400,0.008310314225991933,0.008275973687327689,2.8330572391536184
2025-09-12,653.6608276367188,657.4099731445312,659.1099853515625,656.9000244140625,657.5999755859375,72780100,-0.00033472834591830036,-0.00033478437995555023,2.8317742062441464
2025-09-15,657.1409301757812,660.9099731445312,661.0399780273438,659.3400268554688,659.6400146484375,63772400,0.0053240188059680005,0.005309896321251464,2.8521746441784135
2025-09-16,656.2361450195312,660.0,661.780029296875,659.2100219726562,661.469970703125,61169000,-0.0013768510142991852,-0.001377799744597147,2.8468707736123187
2025-09-17,655.4208374023438,659.1799926757812,661.719970703125,654.2999877929688,660.010009765625,101952200,-0.001242399741884448,-0.001243172160278322,2.84209142235612
2025-09-18,658.4832153320312,662.260009765625,664.8900146484375,660.27001953125,661.8900146484375,90459200,0.004672384146077402,0.004661502441776573,2.8600431494057164
2025-09-19,661.74462890625,663.7000122070312,664.5499877929688,660.3699951171875,662.3300170898438,97945600,0.004952918310262788,0.0049406929611880614,2.8791616277988124
2025-09-22,664.8753662109375,666.8400268554688,667.2899780273438,662.1699829101562,662.2000122070312,69452200,0.004731035459799804,0.004719879284541738,2.8975140790142233
2025-09-23,661.256103515625,663.2100219726562,667.3400268554688,661.97998046875,666.719970703125,81708900,-0.005443520514135325,-0.005458390459715589,2.876297881170978
2025-09-24,659.1522216796875,661.0999755859375,664.6099853515625,659.6699829101562,664.510009765625,68082200,-0.00318164448653413,-0.0031867166788192448,2.8639648793891865
2025-09-25,656.1112670898438,658.0499877929688,659.4099731445312,654.4099731445312,657.9400024414062,89622100,-0.0046134329671143615,-0.0046241076930603996,2.8461387364308406
2025-09-26,659.8701782226562,661.8200073242188,662.3699951171875,657.8800048828125,659.510009765625,69179200,0.005729075724434596,0.0057127269825062305,2.868173556498534
2025-09-29,661.7246704101562,663.6799926757812,665.280029296875,661.8599853515625,664.3599853515625,73499000,0.002810389450384143,0.0028064476894812005,2.8790446306539725
2025-09-30,664.21728515625,666.1799926757812,666.6500244140625,661.6099853515625,662.9299926757812,86288000,0.00376684572535102,0.003759768927893871,2.893656393339397
2025-10-01,666.4806518554688,668.4500122070312,669.3699951171875,663.0599975585938,663.1699829101562,72545400,0.003407569706178837,0.003401777095946418,2.9069242989116097
2025-10-02,667.248291015625,669.219970703125,670.5700073242188,666.780029296875,670.4500122070312,56896000,0.0011517801124745208,0.0011511173226373928,2.9114242166200395
2025-10-03,667.2384033203125,669.2100219726562,672.6799926757812,668.1599731445312,669.989990234375,70494400,-1.4818614668121732e-05,-1.4818724464876765e-05,2.91136625473177
2025-10-06,669.6312866210938,671.6099853515625,672.510009765625,669.4600219726562,671.6199951171875,54623300,0.003586249365854499,0.0035798341068348258,2.9253933894824264
2025-10-07,667.1486206054688,669.1199951171875,672.989990234375,667.6699829101562,672.5399780273438,72020100,-0.003707511977453004,-0.0037144018347419444,2.9108399464747055
2025-10-08,671.1268920898438,673.1099853515625,673.2100219726562,669.4199829101562,670.25,60702200,0.005963096319924199,0.005945387426084363,2.9341606617673412
2025-10-09,669.1826171875,671.1599731445312,673.9400024414062,669.2100219726562,673.530029296875,66501900,-0.002897030241612586,-0.0029012347560901795,2.9227632793548386
2025-10-10,651.0960693359375,653.02001953125,673.9500122070312,652.8400268554688,672.1300048828125,159422600,-0.027027820787662193,-0.027399789997988915,2.816739536448014
2025-10-13,661.0865478515625,663.0399780273438,665.1300048828125,659.77001953125,660.6500244140625,79560500,0.015344092809244536,0.015227562737463052,2.875303942123985
2025-10-14,660.2789306640625,662.22998046875,665.8300170898438,653.1699829101562,657.1699829101562,88779600,-0.0012216512196846496,-0.001222398043836981,2.870569672336441
2025-10-15,663.2102661132812,665.1699829101562,670.22998046875,658.9299926757812,666.8200073242188,81702600,0.004439541098594013,0.004429715406320601,2.88775322547175
2025-10-16,658.6936645507812,660.6400146484375,668.7100219726562,657.1099853515625,666.8200073242188,110563300,-0.006810210567109287,-0.006833505875304711,2.8612768073733292
2025-10-17,662.4326171875,664.3900146484375,665.760009765625,658.1400146484375,659.5,96500900,0.005676314860669995,0.005660265291766351,2.883194630296183
2025-10-20,669.3222045898438,671.2999877929688,672.2100219726562,667.27001953125,667.3200073242188,60493400,0.01040043503835153,0.01034672261457371,2.9235815437898536
2025-10-21,669.3121948242188,671.2899780273438,672.989990234375,669.97998046875,671.4400024414062,56249000,-1.4955077773270986e-05,-1.4955189601561524e-05,2.9235228663227164
2025-10-22,665.83251953125,667.7999877929688,672.0,663.2999877929688,672.0,80564000,-0.005198882255361581,-0.005212443466226336,2.9031249329144857
2025-10-23,669.7808837890625,671.760009765625,672.7100219726562,667.7999877929688,668.1199951171875,65604500,0.005929966083050742,0.005912453034594508,2.926270331384578
2025-10-24,675.2546997070312,677.25,678.469970703125,675.6500244140625,676.4600219726562,74356500,0.008172547247097484,0.008139332824426273,2.9583579611726956
2025-10-27,683.2211303710938,685.239990234375,685.5399780273438,682.1199951171875,682.72998046875,63339800,0.011797667854098304,0.011728617925521323,3.0050573536462366
2025-10-28,685.0357666015625,687.0599975585938,688.9099731445312,684.8300170898438,687.0499877929688,61738100,0.0026560013292959983,0.002652480390799007,3.015694791301428
2025-10-29,685.3648071289062,687.3900146484375,689.7000122070312,682.8699951171875,688.719970703125,85657100,0.0004803260550556576,0.00048021073542194704,3.0176236341388414
2025-10-30,677.8270874023438,679.8300170898438,685.9400024414062,679.8300170898438,683.9000244140625,76335800,-0.010998113191920567,-0.011059039567433416,2.973437354648047
2025-10-31,680.050537109375,682.0599975585938,685.0800170898438,679.239990234375,685.0399780273438,87164100,0.003280260922519762,0.0032748926031152723,2.986471265930579
2025-11-03,681.3267822265625,683.3400268554688,685.7999877929688,679.9400024414062,685.6699829101562,57315000,0.0018766915803232198,0.0018749327948009238,2.9939526429905516
2025-11-04,673.2506103515625,675.239990234375,679.9600219726562,674.5800170898438,676.1099853515625,78427000,-0.011853595199365574,-0.011924409215691439,2.9466099451151053
2025-11-05,675.583740234375,677.5800170898438,680.8599853515625,674.1699829101562,674.97998046875,74402400,0.0034654701339136285,0.0034594792291670327,2.9602868040101082
2025-11-06,668.3351440429688,670.3099975585938,677.3800048828125,668.719970703125,676.469970703125,85035300,-0.01072938225080955,-0.010787357135266056,2.917795373067047
2025-11-07,668.9931640625,670.969970703125,671.0800170898438,661.2100219726562,667.9099731445312,100592400,0.0009845659403016072,0.0009840815731577298,2.92165270095244
2025-11-10,679.432373046875,681.4400024414062,682.1799926757812,675.030029296875,677.239990234375,75842900,0.01560435822838957,0.015483862123532437,2.9828475745454335
2025-11-11,680.9877319335938,683.0,683.5700073242188,678.72998046875,679.9500122070312,58953400,0.0022892033827353053,0.0022865871486387524,2.991965122686002
2025-11-12,681.3666381835938,683.3800048828125,684.9600219726562,680.9500122070312,684.7899780273438,62312500,0.0005564068664263289,0.0005562521295209495,2.9941862794907985
2025-11-13,670.0599975585938,672.0399780273438,680.8599853515625,670.52001953125,680.5,103457800,-0.016594062566875234,-0.01673328636427289,2.9279065024651736
2025-11-14,669.9503784179688,671.9299926757812,675.6599731445312,663.27001953125,665.3800048828125,96846700,-0.00016359600785664785,-0.0001636093911431959,2.927263912642136
2025-11-17,663.7088012695312,665.6699829101562,673.7100219726562,662.1699829101562,669.7000122070312,90456100,-0.009316476786200845,-0.009360146600224117,2.890675649566721
2025-11-18,658.1353149414062,660.0800170898438,665.1199951171875,655.8599853515625,662.0999755859375,114467500,-0.008397487448507768,-0.008432944988599554,2.8580037496332698
2025-11-19,660.6777954101562,662.6300048828125,667.3400268554688,658.75,660.780029296875,94703000,0.0038631576379948296,0.0038557148069217236,2.8729078262860783
2025-11-20,650.6075439453125,652.530029296875,675.5599975585938,651.8900146484375,672.9099731445312,165293500,-0.01524230348712119,-0.015359661459324747,2.813875789820179
2025-11-21,657.08837890625,659.030029296875,664.5499877929688,650.8499755859375,655.0499877929688,123956200,0.009961204755846165,0.00991191898261605,2.8518665874759423
2025-11-24,666.759765625,668.72998046875,670.0599975585938,661.5900268554688,662.6900024414062,80437900,0.014718547807599958,0.014611281240599336,2.908560469992204
2025-11-25,673.03125,675.02001953125,676.2100219726562,664.47998046875,668.6300048828125,81077100,0.009405913041440561,0.009361952883328898,2.9453240498901625
2025-11-26,677.6775512695312,679.6799926757812,681.7000122070312,676.719970703125,677.6300048828125,71879600,0.006903544626688962,0.00687982426960381,2.9725607705353285
2025-11-28,681.3765869140625,683.3900146484375,683.6699829101562,680.5,680.8599853515625,49212000,0.005458400735868674,0.005443557655063362,2.9942445991685016
2025-12-01,678.2658081054688,680.27001953125,682.989990234375,678.739990234375,678.8099975585938,61201200,-0.004565432491131505,-0.0045758859064223886,2.9760091450979314
2025-12-02,679.5220947265625,681.530029296875,683.8200073242188,679.3300170898438,681.9199829101562,62953800,0.001852203967944055,0.001850490753330355,2.9833735250130635
2025-12-03,681.8751220703125,683.8900146484375,684.9099731445312,679.6900024414062,680.5700073242188,57238500,0.003462767968857472,0.0034567863924179596,2.9971670232634735
2025-12-04,682.3736572265625,684.3900146484375,685.3699951171875,681.3400268554688,685.2999877929688,61970300,0.0007311238379490437,0.000730856697116592,3.0000894473584454
2025-12-05,683.6697998046875,685.6900024414062,688.3900146484375,684.5800170898438,685.469970703125,79241000,0.001899461628388499,0.0018976599322906048,3.0076874637738245
2025-12-08,681.6159057617188,683.6300048828125,686.6400146484375,681.5700073242188,686.5900268554688,55231500,-0.003004219352025661,-0.0030087410774240343,2.9956474915382847
2025-12-09,681.027587890625,683.0399780273438,685.3900146484375,682.5900268554688,683.1500244140625,58310100,-0.000863122274760153,-0.0008634949792658863,2.9921987591862487
2025-12-10,685.5443115234375,687.5700073242188,688.969970703125,681.3099975585938,682.5599975585938,85671300,0.006632218302348614,0.006610321903688149,3.018675892863537
2025-12-11,687.1395263671875,689.1699829101562,689.25,682.1699829101562,685.1400146484375,86173700,0.002326931778056762,0.0023242286648015318,3.028027077504352
2025-12-12,679.7514038085938,681.760009765625,688.8800048828125,679.1699829101562,688.1699829101562,113160300,-0.010751997629438903,-0.010810218055957286,2.9847177399157094
2025-12-15,678.7244262695312,680.72998046875,685.760009765625,679.25,685.739990234375,90811000,-0.0015108134140046081,-0.0015119558434006672,2.9786975749032227
2025-12-16,676.8699340820312,678.8699951171875,681.0800170898438,674.97998046875,679.22998046875,122030600,-0.0027323197983205594,-0.002736059397467843,2.9678265007477846
2025-12-17,669.4219360351562,671.4000244140625,680.4400024414062,671.2000122070312,679.8900146484375,110625200,-0.011003588240296014,-0.011064575515952102,2.9241661717246212
2025-12-18,674.4769287109375,676.469970703125,680.739990234375,674.9000244140625,677.5999755859375,108650100,0.007551280296730134,0.007522912100961887,2.95379865041826
2025-12-19,680.5900268554688,680.5900268554688,681.0900268554688,676.469970703125,676.5900268554688,103599500,0.00906346515990486,0.009022638461698701,2.9896337667356048
2025-12-22,684.8300170898438,684.8300170898438,685.3599853515625,680.5900268554688,683.9400024414062,69556700,0.006229874178387496,0.006210548734107755,3.014488683120214
2025-12-23,687.9600219726562,687.9600219726562,688.2000122070312,683.8699951171875,683.9199829101562,64840000,0.0045704843606495515,0.004560071413091677,3.0328368408624193
2025-12-24,690.3800048828125,690.3800048828125,690.8300170898438,687.7999877929688,687.9500122070312,39445600,0.003517621421107009,0.003511449061324125,3.047022834121666
2025-12-26,690.3099975585938,690.3099975585938,691.6599731445312,689.27001953125,690.6400146484375,41613300,-0.0001014040437492536,-0.00010140918548689622,3.046612449641141
2025-12-29,687.8499755859375,687.8499755859375,689.2000122070312,686.0700073242188,687.5399780273438,62559500,-0.003563648189011559,-0.0035700131092760113,3.0321917465133454
2025-12-30,687.010009765625,687.010009765625,688.5599975585938,686.5800170898438,687.4500122070312,47160700,-0.0012211468345215692,-0.0012218930418649832,3.0272678483259066
2025-12-31,681.9199829101562,681.9199829101562,687.3599853515625,681.7100219726562,687.1400146484375,74144800,-0.007408955885817803,-0.0074365385229543625,2.9974299984972874
2026-01-02,683.1699829101562,683.1699829101562,686.8699951171875,679.8200073242188,685.7100219726562,89377200,0.0018330596423725698,0.0018313816388204516,3.004757526100742
2026-01-05,687.719970703125,687.719970703125,689.4299926757812,686.3800048828125,686.5399780273438,71927200,0.006660110816910869,0.0066380302639303425,3.031429655019431
2026-01-06,691.8099975585938,691.8099975585938,692.3200073242188,687.780029296875,687.9299926757812,69273800,0.005947227112347964,0.005929612162752057,3.055405482765286
2026-01-07,689.5800170898438,689.5800170898438,693.9600219726562,689.3200073242188,692.1900024414062,75588300,-0.0032234001772446508,-0.0032286065226963673,3.0423332880133414
2026-01-08,689.510009765625,689.510009765625,690.6199951171875,687.489990234375,688.8200073242188,64019200,-0.00010152168346500012,-0.00010152683713991636,3.0419229035328152
2026-01-09,694.0700073242188,694.0700073242188,695.3099975585938,689.1799926757812,690.6300048828125,80049600,0.006613388484590255,0.006591615971639491,3.0686537099186406
